attendance_percentage,absence_streak,late_count,attendance_trend,classes_attended,classes_missed,quiz_average,assignment_average,learning_minutes,course_completion,previous_exam_score,recent_score_trend,risk_label,predicted_performance,engagement_level,is_anomaly
84.3,0,1,0.035,38,7,67.3,76.1,470.2,65.8,59.8,-0.261,LOW,72.9,HIGH,1
81.5,0,1,0.434,42,10,78.5,67.8,396.7,80.4,78.6,-0.088,LOW,77.6,HIGH,1
80.2,0,1,0.406,42,10,84.2,88.9,329.9,84.2,85.3,-0.244,LOW,83.3,HIGH,1
69.1,0,1,-0.477,35,16,50.3,81.0,303.4,63.4,70.5,0.095,MEDIUM,67.9,MEDIUM,1
97.1,0,1,-0.01,40,1,82.3,87.3,511.7,88.5,73.8,0.169,LOW,81.6,HIGH,1
67.5,0,3,-0.382,40,19,84.2,79.9,418.0,69.7,88.5,0.422,MEDIUM,81.9,MEDIUM,1
89.0,1,6,-0.025,45,6,92.0,67.9,458.6,69.4,98.2,0.152,LOW,89.4,HIGH,1
74.7,0,2,-0.375,42,14,72.1,63.5,280.0,76.0,64.6,-0.069,LOW,69.5,MEDIUM,1
79.9,0,4,0.215,36,9,62.9,81.5,403.5,77.4,66.3,-0.244,LOW,69.0,HIGH,1
91.2,0,2,0.124,42,4,63.6,68.0,352.8,86.1,67.9,0.062,LOW,71.2,HIGH,1
94.4,0,4,0.002,42,3,92.8,99.0,436.7,87.9,96.6,-0.221,LOW,94.3,HIGH,1
66.2,2,3,-0.168,28,15,61.7,63.0,308.7,48.1,49.0,0.304,MEDIUM,59.2,MEDIUM,1
82.2,0,6,0.198,39,9,83.7,62.2,370.4,73.4,82.9,-0.104,LOW,74.6,MEDIUM,1
83.0,0,1,0.45,37,7,90.4,69.9,391.8,78.5,70.5,0.365,LOW,82.1,MEDIUM,1
61.7,0,2,0.019,30,19,56.7,58.7,275.3,61.8,65.3,0.071,LOW,58.8,MEDIUM,1
86.1,0,5,0.41,46,8,73.9,79.9,297.8,83.3,63.1,-0.145,LOW,78.0,MEDIUM,1
66.2,3,2,-0.519,31,16,81.9,72.7,288.9,66.6,74.0,0.111,MEDIUM,77.8,MEDIUM,1
75.3,1,4,-0.236,32,11,70.3,64.8,369.1,69.3,76.3,-0.019,LOW,69.6,MEDIUM,1
78.4,0,0,0.385,35,9,81.1,75.4,421.1,77.0,74.6,-0.096,LOW,81.4,HIGH,1
79.3,1,1,0.612,36,10,70.7,67.7,360.5,80.6,78.2,0.281,LOW,67.1,MEDIUM,1
68.7,3,4,0.005,31,14,55.4,81.1,334.3,73.3,65.8,0.029,MEDIUM,66.1,HIGH,1
88.8,0,2,0.199,46,6,85.6,69.3,390.0,71.9,80.9,-0.092,LOW,73.7,HIGH,1
58.8,3,2,-0.248,34,24,82.6,81.4,310.5,66.9,78.6,0.361,MEDIUM,69.0,MEDIUM,1
84.0,0,6,0.958,41,8,81.9,77.1,361.0,78.4,73.5,0.292,LOW,71.1,HIGH,1
73.8,3,3,0.35,40,14,79.3,80.1,295.0,66.0,92.2,-0.211,MEDIUM,84.5,MEDIUM,1
81.3,0,2,0.04,34,8,83.2,64.7,398.5,65.7,78.1,-0.077,LOW,73.7,HIGH,1
81.4,0,2,0.695,46,11,95.7,74.3,388.3,76.8,77.0,-0.13,LOW,80.6,HIGH,1
68.0,0,2,0.267,36,17,65.2,90.2,361.9,91.8,78.2,0.73,LOW,74.0,HIGH,1
79.7,0,3,-0.33,33,9,48.2,70.5,344.6,81.1,47.6,0.022,LOW,56.2,HIGH,1
78.6,0,2,-0.268,39,11,89.5,79.1,402.5,77.2,84.5,0.032,LOW,85.7,HIGH,1
75.5,0,2,0.038,37,12,55.1,69.9,321.6,65.4,52.8,-0.1,LOW,64.8,HIGH,1
73.6,3,1,0.483,41,15,66.0,68.5,280.6,60.2,61.7,-0.257,MEDIUM,67.2,MEDIUM,1
82.4,0,1,-0.074,43,9,66.7,89.2,313.2,92.2,75.8,0.33,LOW,77.3,HIGH,1
63.5,1,1,-0.556,26,15,57.2,82.6,280.2,79.7,68.6,0.049,MEDIUM,65.6,MEDIUM,1
48.3,2,1,-0.006,25,27,70.1,43.0,315.3,56.0,53.9,0.375,MEDIUM,56.2,MEDIUM,1
74.8,0,6,-0.479,43,15,80.8,68.2,386.2,70.3,77.8,-0.003,LOW,74.1,MEDIUM,1
78.0,0,2,-0.005,34,10,63.8,64.8,443.2,65.8,53.6,-0.071,LOW,59.7,HIGH,1
96.2,1,3,-0.222,53,2,98.0,86.6,391.6,78.0,100.0,-0.247,LOW,96.2,HIGH,1
81.0,0,3,0.098,40,9,98.0,80.9,10.0,81.1,75.9,-0.089,LOW,77.5,HIGH,-1
66.0,1,4,-0.534,34,17,90.4,62.1,311.1,55.1,80.7,0.024,MEDIUM,67.8,MEDIUM,1
49.9,6,2,-0.296,29,30,55.4,56.9,296.6,60.6,52.4,0.183,HIGH,51.0,MEDIUM,1
79.0,1,2,0.226,41,11,69.2,77.3,359.8,77.4,67.3,0.147,LOW,69.3,HIGH,1
94.4,0,1,0.139,52,3,77.9,79.8,341.0,84.4,84.5,0.084,LOW,77.7,HIGH,1
63.4,0,1,-0.411,25,15,55.9,77.9,287.9,70.9,67.5,-0.005,MEDIUM,66.9,MEDIUM,1
71.8,0,1,-0.003,34,14,77.6,65.0,401.8,70.4,80.5,0.211,LOW,75.2,MEDIUM,1
79.6,0,4,0.776,44,11,66.6,81.2,349.6,89.3,67.2,0.154,LOW,73.1,HIGH,1
71.8,0,1,0.365,42,16,67.7,70.2,346.4,71.7,68.1,0.283,LOW,69.5,HIGH,1
89.2,0,2,0.03,48,6,85.3,91.0,432.0,85.9,88.6,0.148,LOW,94.2,HIGH,1
84.4,0,2,0.153,48,9,98.0,81.4,389.4,81.8,89.6,0.576,LOW,87.3,MEDIUM,1
60.5,2,3,-0.115,31,20,57.2,53.4,349.6,57.7,61.4,-0.087,MEDIUM,63.8,MEDIUM,1
80.8,0,4,-0.129,43,10,68.9,66.2,369.4,64.3,65.0,0.091,MEDIUM,67.9,HIGH,1
87.4,0,1,0.101,37,5,71.4,69.3,426.1,81.9,63.1,0.693,LOW,71.2,HIGH,1
75.1,0,1,-0.222,32,11,78.0,71.4,369.5,58.3,78.9,-0.065,LOW,75.0,MEDIUM,1
60.7,2,3,-0.548,27,18,59.6,64.1,294.4,62.0,52.7,0.395,MEDIUM,64.0,MEDIUM,1
91.4,8,4,-0.95,50,5,70.0,82.3,358.1,79.2,89.0,-0.023,LOW,82.3,HIGH,-1
64.3,1,0,0.052,33,19,68.4,83.2,345.6,62.2,71.7,0.002,LOW,70.1,MEDIUM,1
68.8,0,1,0.096,35,16,76.4,76.9,320.5,82.2,74.1,-0.001,LOW,74.2,HIGH,1
83.5,0,2,0.079,43,8,70.9,75.6,349.2,76.8,74.7,-0.011,LOW,74.1,MEDIUM,1
92.6,0,2,-0.048,38,3,82.5,75.3,316.8,85.5,82.9,0.281,LOW,87.1,HIGH,1
93.3,0,2,0.103,49,3,84.8,91.9,374.4,93.3,83.0,0.217,LOW,86.7,HIGH,1
71.2,0,1,-0.437,30,12,70.6,78.8,305.4,74.8,75.3,-0.198,LOW,75.8,MEDIUM,1
92.1,0,5,0.516,48,4,84.9,99.0,404.6,100.0,84.9,0.068,LOW,94.6,HIGH,1
74.2,3,2,-0.713,30,11,61.9,81.4,351.8,80.8,78.1,0.299,MEDIUM,73.4,HIGH,1
77.0,0,1,0.392,45,13,60.9,73.2,310.3,77.9,72.4,-0.438,LOW,74.0,MEDIUM,1
71.5,2,5,-0.197,34,14,61.1,81.6,296.9,83.8,65.5,0.045,MEDIUM,74.4,MEDIUM,1
90.9,0,2,0.098,54,5,52.4,98.8,412.2,90.8,66.2,0.083,LOW,71.4,HIGH,1
47.2,4,2,-0.505,19,21,44.3,56.0,271.0,55.6,47.4,0.245,HIGH,51.9,MEDIUM,1
72.1,0,2,-0.151,37,15,79.5,64.8,339.0,76.5,74.7,0.116,MEDIUM,79.8,MEDIUM,1
91.6,1,4,-0.632,38,3,88.8,70.7,392.6,76.5,85.9,0.085,LOW,87.4,HIGH,1
83.3,0,3,-0.281,45,9,60.9,76.1,305.6,74.5,72.1,-0.058,LOW,78.1,MEDIUM,1
96.6,0,1,0.373,56,2,62.8,78.3,402.6,76.5,70.1,0.08,LOW,74.9,HIGH,1
89.5,0,1,-0.267,49,6,80.0,79.4,453.6,75.9,81.3,0.095,LOW,81.5,HIGH,1
72.6,1,3,-0.28,36,14,77.6,70.4,329.3,73.2,75.2,0.44,LOW,68.4,MEDIUM,1
89.1,0,4,0.068,48,6,70.1,85.4,382.8,100.0,82.2,-0.177,LOW,80.3,HIGH,1
90.9,0,5,-0.599,41,4,73.4,90.1,403.4,81.4,76.7,-0.254,LOW,81.8,HIGH,1
60.1,0,1,-0.355,32,21,74.4,70.4,285.4,68.4,87.3,-0.135,LOW,77.6,MEDIUM,1
71.4,2,4,0.178,32,13,90.8,74.2,320.7,76.6,94.3,-0.071,LOW,83.6,HIGH,1
68.4,0,1,-0.139,40,18,62.1,72.6,264.1,66.1,65.1,0.078,LOW,69.7,HIGH,1
93.0,0,1,-0.211,41,3,88.2,73.3,463.7,86.2,82.2,0.295,LOW,79.7,HIGH,1
96.6,0,3,0.462,48,2,82.8,89.7,403.8,80.3,63.5,0.068,LOW,85.9,HIGH,1
96.4,0,2,0.406,41,2,96.3,85.4,480.4,80.0,82.7,-0.114,LOW,92.3,HIGH,1
65.5,3,2,-0.768,31,17,54.2,46.6,302.2,58.5,51.4,-0.313,HIGH,55.2,MEDIUM,1
84.9,0,0,0.314,41,7,77.7,81.7,455.8,72.3,76.2,0.022,LOW,82.7,HIGH,1
95.7,0,1,0.145,54,2,75.1,81.8,350.1,74.4,81.2,0.349,LOW,80.1,HIGH,1
71.1,1,4,0.253,33,14,69.8,77.5,372.4,60.0,78.5,-0.076,LOW,74.7,HIGH,1
88.3,0,3,-0.085,48,6,89.7,85.4,392.5,81.2,75.9,0.031,LOW,85.5,HIGH,1
63.5,2,5,-0.638,30,18,66.5,81.5,248.1,90.2,64.4,0.298,MEDIUM,75.4,MEDIUM,1
81.6,0,4,0.055,36,8,66.6,69.6,332.0,84.0,59.4,-0.377,LOW,68.3,MEDIUM,1
82.0,0,3,0.213,35,8,86.9,61.5,276.0,58.1,68.7,-0.006,LOW,77.5,MEDIUM,1
78.4,0,2,0.219,46,13,80.3,89.3,294.9,72.2,82.8,0.151,LOW,85.3,MEDIUM,1
85.2,0,2,0.203,49,8,80.5,88.4,410.1,80.8,89.5,-0.061,LOW,81.0,HIGH,1
75.4,1,2,-0.223,36,12,58.3,67.2,322.8,73.3,72.1,0.049,MEDIUM,65.5,HIGH,1
86.3,0,0,0.511,36,6,84.1,74.2,414.6,80.1,89.0,0.106,LOW,80.5,HIGH,1
83.4,0,1,0.458,40,8,68.9,78.5,375.3,77.8,59.7,0.12,LOW,77.9,HIGH,1
43.9,8,3,-0.95,21,27,45.1,60.2,226.4,53.1,49.8,0.405,HIGH,45.4,MEDIUM,-1
77.7,1,3,-0.186,33,10,62.7,66.1,376.7,60.0,66.7,-0.033,LOW,65.3,MEDIUM,1
89.8,0,2,0.179,41,5,86.9,87.9,348.6,79.1,91.8,0.107,LOW,86.2,HIGH,1
86.5,0,0,-0.028,40,6,83.8,80.9,430.5,76.4,64.7,0.02,LOW,75.9,HIGH,1
88.2,1,2,-0.006,41,6,79.3,65.7,381.7,60.2,69.9,0.48,LOW,77.3,MEDIUM,1
87.0,1,2,0.301,35,5,52.6,79.8,348.9,74.2,73.7,0.078,LOW,66.3,MEDIUM,1
73.6,1,1,-0.026,35,13,84.7,79.4,417.8,86.7,82.0,0.168,MEDIUM,82.4,MEDIUM,1
89.3,1,0,0.524,46,5,89.8,74.7,351.1,78.0,94.0,0.172,LOW,89.0,HIGH,1
78.0,0,1,0.289,35,10,67.4,72.8,369.7,77.9,75.0,-0.138,LOW,68.9,HIGH,1
86.2,0,1,0.402,45,7,94.4,80.2,365.3,94.6,84.5,0.123,LOW,83.6,HIGH,1
83.4,0,3,-0.169,37,7,64.9,58.4,412.4,83.6,68.2,0.284,LOW,73.6,HIGH,1
90.3,0,2,-0.085,52,6,81.2,78.7,470.6,73.2,88.0,-0.556,LOW,88.2,HIGH,1
74.0,1,4,-0.273,30,10,73.3,76.6,373.0,77.8,72.4,-0.175,LOW,71.8,HIGH,1
81.2,0,4,0.496,46,11,78.4,77.6,410.6,85.3,73.4,0.411,LOW,75.0,HIGH,1
73.7,0,0,0.964,35,12,55.2,86.7,233.9,72.9,59.8,-0.495,LOW,66.2,MEDIUM,1
94.2,0,4,0.256,44,3,63.3,89.6,354.4,92.2,78.9,0.406,LOW,81.1,HIGH,1
94.5,1,4,0.178,51,3,81.1,78.4,407.9,83.3,86.5,-0.087,LOW,81.3,HIGH,1
70.3,0,3,-0.043,41,17,59.6,70.7,328.9,75.4,58.9,0.074,LOW,62.6,HIGH,1
58.2,4,6,0.235,29,20,68.1,69.7,279.0,68.0,61.0,0.219,MEDIUM,67.8,MEDIUM,1
65.9,2,4,-0.263,36,19,69.5,43.0,299.9,66.2,58.4,0.146,HIGH,57.0,MEDIUM,1
41.7,4,5,-0.444,21,29,71.8,42.9,231.5,42.0,62.2,0.025,HIGH,56.9,LOW,1
90.0,1,4,-0.343,46,5,95.6,80.1,419.8,85.0,94.3,-0.056,LOW,88.8,HIGH,1
43.5,3,4,-0.563,24,31,57.3,77.6,208.7,76.7,76.8,-0.086,MEDIUM,66.4,MEDIUM,1
62.5,1,0,-0.229,34,21,84.1,66.0,254.6,70.7,73.5,-0.372,LOW,82.6,MEDIUM,1
79.4,0,3,-0.45,47,12,77.2,85.9,251.8,87.2,91.7,0.226,LOW,77.7,MEDIUM,1
68.1,0,4,-0.618,29,13,68.6,56.3,343.4,56.0,58.4,0.203,LOW,61.2,MEDIUM,1
74.2,1,3,0.599,36,12,92.6,68.7,378.6,56.3,88.6,-0.183,LOW,79.1,MEDIUM,1
46.7,3,2,-0.001,22,25,47.0,53.6,236.8,54.3,61.0,-0.029,HIGH,49.5,MEDIUM,1
86.4,1,2,0.002,42,7,59.6,81.8,394.1,91.1,61.2,-0.357,LOW,72.9,HIGH,1
72.6,2,3,0.383,38,14,68.5,81.4,271.2,73.6,65.8,0.207,LOW,74.5,MEDIUM,1
67.2,0,3,-0.48,38,19,70.8,68.1,318.8,66.4,72.3,-0.067,MEDIUM,67.8,MEDIUM,1
97.3,0,2,0.334,51,1,91.2,80.0,487.1,79.2,94.4,-0.16,LOW,89.4,HIGH,1
68.4,0,2,-0.359,36,16,55.5,84.4,288.6,71.5,65.4,0.23,MEDIUM,66.4,MEDIUM,1
96.4,0,3,0.691,52,2,81.3,99.0,404.5,90.9,92.6,0.061,LOW,86.5,HIGH,1
66.5,2,2,-0.591,35,17,53.6,65.6,335.7,76.2,64.5,0.191,HIGH,58.1,MEDIUM,1
62.8,1,3,0.209,35,20,63.0,67.4,291.4,78.1,55.7,-0.165,MEDIUM,65.3,MEDIUM,1
91.4,0,3,0.062,43,4,96.8,83.8,351.1,79.3,91.2,-0.388,LOW,97.2,HIGH,1
66.8,0,2,-0.813,39,19,70.2,74.0,316.5,60.9,79.3,-0.163,MEDIUM,71.0,MEDIUM,1
86.5,0,2,0.193,42,7,66.9,81.3,339.9,77.2,66.1,-0.02,LOW,73.2,HIGH,1
90.7,0,0,0.31,46,5,56.7,60.6,312.4,75.4,55.2,0.033,LOW,63.0,HIGH,1
88.5,0,4,0.55,47,6,74.8,84.1,437.7,87.4,86.1,-0.16,LOW,88.9,HIGH,1
71.9,0,1,0.328,32,13,70.7,91.8,344.2,72.6,76.8,-0.131,LOW,77.0,MEDIUM,1
82.0,0,3,-0.179,39,9,76.1,60.7,408.0,92.1,74.9,0.267,LOW,69.1,MEDIUM,1
84.0,0,0,0.411,39,7,61.1,61.8,289.7,70.4,50.9,-0.042,LOW,65.9,MEDIUM,1
45.7,3,3,-0.234,21,24,60.1,47.7,241.4,53.0,62.2,0.538,MEDIUM,54.4,LOW,1
79.7,0,4,-0.374,32,8,53.4,82.2,365.9,83.2,59.6,-0.065,LOW,72.9,HIGH,1
89.9,0,2,0.075,48,5,81.4,62.5,415.7,67.3,64.6,0.05,LOW,74.2,HIGH,1
92.1,0,4,-0.253,41,4,79.2,92.9,448.6,97.7,81.6,0.181,LOW,85.2,HIGH,1
89.2,0,2,0.058,45,6,87.5,69.5,385.9,92.4,87.1,-0.083,LOW,79.4,HIGH,1
79.6,0,3,0.319,45,11,88.0,84.0,385.7,73.6,92.5,-0.525,LOW,82.6,HIGH,1
89.8,0,2,-0.238,39,5,51.9,74.6,360.0,87.3,61.1,0.374,LOW,64.0,HIGH,1
75.1,0,3,0.188,38,12,98.0,66.5,10.0,68.7,72.8,-0.017,LOW,73.8,HIGH,-1
95.6,0,1,0.425,42,2,95.5,88.0,436.2,84.5,81.1,-0.06,LOW,93.6,HIGH,1
89.6,0,1,-0.087,46,5,88.0,86.1,388.9,84.3,90.7,-0.009,LOW,84.4,HIGH,1
76.0,0,3,0.015,32,10,66.5,66.5,371.4,72.0,67.2,0.238,LOW,74.6,MEDIUM,1
77.5,0,0,0.421,37,11,86.9,77.5,400.4,79.9,81.9,0.126,LOW,87.2,MEDIUM,1
81.7,0,2,0.434,37,8,98.0,83.4,10.0,87.0,71.8,-0.267,LOW,81.0,HIGH,-1
83.1,0,1,-0.248,34,7,63.5,58.6,324.5,69.4,69.7,0.021,LOW,65.6,MEDIUM,1
90.3,0,3,-0.212,37,4,79.9,79.9,384.3,82.7,84.7,0.021,LOW,78.8,HIGH,1
96.2,0,0,0.337,49,2,81.7,82.4,351.5,97.6,88.6,-0.179,LOW,86.6,HIGH,1
72.1,1,2,0.031,34,13,81.5,54.0,333.7,58.4,78.1,-0.283,MEDIUM,75.6,MEDIUM,1
77.1,0,0,0.053,32,9,65.4,74.6,341.9,79.1,66.9,-0.208,MEDIUM,76.8,MEDIUM,1
67.1,0,5,-0.777,32,16,70.2,69.6,361.2,60.5,67.4,-0.114,MEDIUM,73.1,MEDIUM,1
68.3,2,2,-0.388,38,17,55.4,79.0,278.2,79.6,63.9,-0.199,MEDIUM,73.1,MEDIUM,1
81.5,0,7,0.051,44,10,91.8,81.3,372.9,78.9,86.9,0.198,LOW,89.6,MEDIUM,1
73.7,1,4,0.317,39,14,78.9,87.2,389.8,76.1,86.9,0.414,LOW,78.4,HIGH,1
74.6,1,1,-0.012,44,15,45.0,77.3,353.6,64.1,57.8,0.06,MEDIUM,67.0,MEDIUM,1
74.5,2,2,0.318,32,11,86.6,63.8,357.5,71.3,78.2,-0.045,LOW,72.3,HIGH,1
71.7,1,6,0.048,31,12,72.8,67.8,364.4,70.4,74.6,-0.279,LOW,76.0,MEDIUM,1
64.8,0,0,0.127,32,18,68.5,79.2,281.2,77.0,76.0,-0.134,LOW,70.3,MEDIUM,1
97.1,0,3,0.096,55,2,98.0,91.9,446.8,82.5,89.1,0.14,LOW,95.3,HIGH,1
72.2,8,3,-0.95,32,12,51.5,79.9,306.3,87.0,60.0,0.3,MEDIUM,62.3,HIGH,-1
80.1,1,2,-0.119,33,8,80.3,84.4,327.7,75.9,74.9,-0.219,LOW,81.4,HIGH,1
86.1,0,4,-0.211,46,8,73.8,81.9,388.2,74.6,72.4,0.293,LOW,81.4,HIGH,1
79.3,0,3,0.194,40,10,63.7,77.2,325.5,83.6,77.4,-0.192,LOW,74.5,MEDIUM,1
92.7,0,4,0.688,52,4,97.5,80.1,497.5,80.3,95.6,0.255,LOW,93.3,HIGH,1
72.8,0,0,0.336,40,15,60.9,83.1,298.9,90.0,73.8,-0.247,LOW,74.2,MEDIUM,1
61.9,1,1,-0.126,33,21,58.8,71.1,225.4,56.6,69.9,0.191,MEDIUM,63.8,MEDIUM,1
80.2,0,2,-0.27,34,8,78.7,56.0,371.2,68.1,54.7,-0.154,LOW,70.1,MEDIUM,1
61.0,0,6,-0.604,36,23,98.0,71.3,10.0,78.9,75.7,0.555,MEDIUM,69.2,MEDIUM,-1
66.9,0,2,0.035,36,18,64.6,79.2,302.7,74.1,71.7,0.097,LOW,73.1,MEDIUM,1
98.0,0,2,0.238,57,1,93.7,75.4,453.3,77.3,80.6,-0.261,LOW,88.1,HIGH,1
84.6,0,1,-0.091,44,8,97.5,72.7,439.3,78.5,77.2,0.007,LOW,83.4,HIGH,1
69.7,1,1,-0.765,38,17,91.1,71.5,347.0,70.8,82.1,0.122,MEDIUM,75.9,MEDIUM,1
91.2,0,1,0.04,47,4,95.5,95.1,525.3,98.2,98.2,-0.04,LOW,94.4,HIGH,1
62.9,1,3,-0.52,35,21,81.3,65.1,319.4,80.2,82.7,0.075,MEDIUM,68.5,MEDIUM,1
88.8,0,2,-0.059,49,6,91.2,76.9,484.1,79.5,76.2,-0.284,LOW,83.8,HIGH,1
78.5,0,2,-0.285,38,10,58.3,80.2,372.2,76.5,69.2,-0.031,MEDIUM,74.0,MEDIUM,1
87.1,0,2,0.342,39,6,83.5,81.2,459.9,79.0,72.8,-0.369,LOW,83.1,HIGH,1
89.3,0,5,-0.083,52,6,84.9,73.5,431.3,82.1,83.3,-0.047,LOW,78.7,HIGH,1
86.8,0,0,0.253,45,7,85.3,79.5,413.1,85.8,77.7,0.528,LOW,84.4,HIGH,1
74.0,0,0,0.216,35,12,98.0,73.8,10.0,76.7,70.9,0.079,LOW,69.3,HIGH,-1
68.6,0,3,-0.425,35,16,76.3,83.5,318.8,65.2,80.8,-0.266,MEDIUM,76.1,MEDIUM,1
77.9,0,3,0.044,37,11,86.3,65.6,336.9,63.9,91.2,-0.066,LOW,76.5,MEDIUM,1
43.8,6,1,0.278,19,24,60.3,60.5,264.9,67.1,62.1,-0.095,HIGH,56.4,MEDIUM,1
77.9,0,3,-0.209,41,11,61.2,80.6,382.2,68.1,71.9,0.456,LOW,70.4,HIGH,1
79.5,0,5,-0.152,33,8,67.7,86.5,359.0,77.6,78.9,-0.253,LOW,76.1,MEDIUM,1
79.8,0,4,-0.53,34,8,79.7,69.9,395.2,90.0,73.5,-0.074,MEDIUM,77.3,MEDIUM,1
74.7,1,1,0.056,33,11,74.1,92.2,397.3,82.7,87.8,-0.245,LOW,87.7,HIGH,1
85.9,0,0,-0.529,49,8,60.8,61.9,333.4,75.0,79.8,0.336,LOW,74.0,MEDIUM,1
60.3,0,3,-0.396,32,21,69.2,52.3,333.7,56.6,63.4,-0.431,LOW,62.2,MEDIUM,1
79.1,0,0,-0.443,32,9,61.4,77.7,391.8,81.1,62.3,-0.231,LOW,73.1,HIGH,1
79.4,0,3,0.318,43,11,62.5,59.4,379.5,78.2,46.9,0.076,LOW,61.5,MEDIUM,1
85.3,8,2,-0.95,40,7,64.2,72.1,420.0,81.2,83.7,0.318,LOW,70.0,HIGH,-1
82.2,0,3,-0.9,45,10,58.3,82.0,395.1,78.9,75.0,0.274,LOW,79.1,HIGH,1
79.9,0,4,-0.19,34,8,49.3,90.3,287.7,80.3,66.0,0.24,LOW,69.3,HIGH,1
73.5,0,5,-0.043,43,16,55.5,75.9,302.2,74.5,70.0,0.083,MEDIUM,69.6,HIGH,1
78.5,0,4,0.258,46,13,76.0,79.1,380.9,81.3,69.2,0.049,LOW,76.3,HIGH,1
96.5,0,1,0.361,42,2,85.8,90.1,424.4,72.6,95.6,0.343,LOW,93.3,HIGH,1
98.1,1,1,0.218,42,1,80.1,68.2,327.8,85.0,78.0,0.35,LOW,88.7,HIGH,1
91.9,0,4,0.191,47,4,77.1,87.5,300.1,93.7,78.4,-0.07,LOW,81.3,HIGH,1
81.0,0,1,0.224,47,11,76.1,76.5,286.7,76.1,77.4,-0.063,LOW,79.6,MEDIUM,1
77.1,0,5,0.294,42,12,65.8,66.7,380.0,67.1,61.4,-0.322,LOW,66.4,HIGH,1
62.4,0,0,-0.247,32,20,57.4,58.5,307.5,56.2,54.5,0.079,MEDIUM,58.2,MEDIUM,1
85.4,0,5,0.035,38,6,80.9,77.6,374.0,64.4,71.0,0.086,LOW,74.6,MEDIUM,1
71.5,1,4,0.155,36,15,84.2,80.3,331.8,75.8,84.0,-0.282,LOW,79.6,MEDIUM,1
56.8,4,1,0.1,33,25,53.1,76.4,304.7,70.5,63.8,0.152,MEDIUM,60.4,MEDIUM,1
79.8,0,2,-0.605,33,8,75.9,74.6,390.0,83.3,63.0,-0.235,LOW,79.1,HIGH,1
97.5,0,3,-0.588,45,1,72.2,94.4,340.9,100.0,68.9,-0.03,LOW,81.9,HIGH,1
61.5,1,4,-0.082,27,17,71.0,56.8,272.5,63.1,74.4,0.297,MEDIUM,65.5,MEDIUM,1
83.3,1,1,-0.169,49,10,98.0,73.0,390.7,86.0,93.4,0.354,LOW,91.2,MEDIUM,1
84.0,8,1,-0.95,42,8,84.0,94.9,365.4,73.6,84.1,-0.245,LOW,89.1,HIGH,-1
80.4,1,2,0.091,46,11,79.9,88.1,358.6,78.6,88.5,-0.133,MEDIUM,88.0,HIGH,1
87.4,0,2,0.749,50,7,83.9,71.3,369.9,86.6,67.9,0.257,LOW,82.6,MEDIUM,1
65.8,0,4,-0.047,30,16,69.7,77.0,286.9,73.3,79.5,0.165,LOW,73.9,MEDIUM,1
75.5,0,1,0.401,37,12,69.3,68.3,358.0,81.5,52.2,0.189,LOW,68.0,MEDIUM,1
81.8,0,0,0.007,48,11,60.1,73.8,357.4,86.0,65.3,-0.697,LOW,69.3,HIGH,1
67.1,2,2,-0.492,36,17,68.6,69.7,241.0,83.4,76.9,-0.272,MEDIUM,70.7,MEDIUM,1
68.2,0,2,-0.504,40,19,68.1,57.4,296.3,71.2,68.7,0.15,MEDIUM,62.5,MEDIUM,1
79.2,0,5,0.468,47,12,73.1,78.7,281.9,77.0,83.7,0.4,LOW,76.1,MEDIUM,1
73.7,2,0,0.257,37,13,74.6,86.9,408.0,86.3,77.4,-0.135,LOW,79.8,HIGH,1
77.6,1,1,0.123,32,9,80.5,73.4,364.0,67.5,77.9,0.016,LOW,71.8,HIGH,1
92.0,0,2,0.613,48,4,86.0,75.9,393.8,99.2,91.0,-0.259,LOW,80.1,HIGH,1
85.8,0,1,0.058,45,7,74.7,72.8,393.5,74.6,82.0,0.413,LOW,70.1,HIGH,1
72.9,1,3,-0.131,35,13,76.4,51.0,390.4,64.4,66.3,-0.243,LOW,62.5,MEDIUM,1
82.3,0,1,-0.003,46,10,66.6,52.8,279.7,71.5,66.6,0.237,LOW,65.4,MEDIUM,1
60.4,3,3,0.072,33,21,45.8,85.8,236.2,78.9,56.4,-0.227,MEDIUM,61.4,MEDIUM,1
51.6,3,1,-0.661,28,27,54.5,58.8,260.9,69.1,67.0,-0.567,HIGH,54.3,MEDIUM,1
77.9,0,4,0.086,38,11,74.0,65.9,308.4,66.3,71.9,0.113,LOW,68.9,HIGH,1
83.9,1,2,0.583,49,10,56.2,68.9,317.0,66.7,65.0,-0.004,LOW,62.9,MEDIUM,1
90.1,0,0,0.222,46,5,81.2,79.9,325.3,76.2,79.1,0.167,LOW,82.9,HIGH,1
90.5,1,1,0.041,40,4,82.4,78.3,363.2,84.0,58.2,0.071,LOW,78.3,HIGH,1
90.4,0,2,0.678,53,6,90.1,84.6,378.5,90.4,80.8,-0.24,LOW,88.0,HIGH,1
89.8,0,2,0.205,50,6,84.2,67.5,465.7,82.8,68.2,-0.046,LOW,77.5,HIGH,1
75.0,0,3,-0.383,37,12,98.0,78.2,10.0,79.0,67.5,0.306,MEDIUM,66.9,HIGH,-1
68.9,0,3,-0.302,31,14,73.1,76.8,277.5,75.8,57.7,0.207,LOW,71.5,MEDIUM,1
73.5,1,2,0.465,43,16,72.1,70.2,320.1,81.3,74.3,0.16,LOW,73.7,MEDIUM,1
74.9,0,2,0.15,34,11,77.5,81.9,366.0,84.5,71.7,0.543,LOW,81.8,HIGH,1
82.8,0,2,0.566,42,9,89.1,90.4,359.2,72.9,91.1,0.161,LOW,89.9,MEDIUM,1
58.1,3,2,-0.572,34,24,55.6,63.3,251.7,67.2,60.6,0.26,HIGH,65.0,MEDIUM,1
91.4,0,1,0.074,37,4,77.1,80.6,459.6,88.6,77.7,-0.362,LOW,78.7,HIGH,1
67.0,1,1,-0.143,35,17,68.3,73.5,270.9,65.5,78.4,0.267,LOW,67.0,MEDIUM,1
68.8,2,4,-0.623,41,18,63.9,77.4,401.0,79.9,76.7,0.112,MEDIUM,69.2,MEDIUM,1
81.1,0,6,0.098,41,9,52.3,84.1,281.3,80.7,73.7,0.202,LOW,73.1,MEDIUM,1
77.7,0,1,0.227,42,12,84.1,81.7,285.9,84.6,77.9,0.076,LOW,79.1,HIGH,1
88.2,0,1,-0.279,46,6,53.8,87.0,416.3,74.7,58.3,0.231,LOW,74.8,HIGH,1
55.8,2,3,-0.694,23,19,66.4,66.9,300.9,55.5,75.2,0.083,HIGH,60.9,MEDIUM,1
73.3,2,3,0.456,39,14,56.3,80.9,311.5,84.7,61.1,0.069,MEDIUM,64.1,HIGH,1
93.6,0,2,0.135,44,3,69.7,89.6,403.8,94.8,66.6,0.466,LOW,80.5,HIGH,1
61.5,8,3,-0.95,30,18,73.2,66.4,256.0,49.4,63.3,0.106,MEDIUM,73.3,MEDIUM,-1
70.1,1,2,-0.104,38,16,85.0,84.7,330.5,75.5,85.6,0.432,LOW,83.5,HIGH,1
78.9,0,1,0.124,45,12,78.3,61.1,402.8,51.8,71.7,0.163,LOW,73.9,MEDIUM,1
80.4,0,2,-0.582,38,9,72.0,77.7,331.7,94.2,82.1,0.375,LOW,74.7,HIGH,1
77.0,0,3,-0.177,39,11,71.5,78.7,321.6,73.1,65.0,0.047,LOW,72.2,MEDIUM,1
86.4,0,1,0.004,38,6,93.3,78.7,452.0,78.7,77.1,-0.123,LOW,86.4,HIGH,1
80.6,0,5,0.004,44,10,89.4,94.4,383.5,79.2,88.1,-0.119,LOW,82.1,HIGH,1
57.3,2,2,-0.566,31,23,69.7,64.8,312.0,61.2,55.5,-0.047,MEDIUM,62.6,MEDIUM,1
61.2,0,3,-0.292,28,18,79.8,81.5,265.8,67.4,76.9,-0.482,LOW,80.3,MEDIUM,1
81.3,0,1,-0.022,46,11,70.1,71.4,358.5,85.6,77.5,-0.205,LOW,78.8,MEDIUM,1
74.3,0,4,0.042,38,13,80.5,71.6,412.0,72.0,92.6,0.285,LOW,85.9,HIGH,1
88.4,1,3,0.193,45,6,63.9,82.4,294.8,78.8,68.2,0.248,LOW,73.7,HIGH,1
70.7,1,1,-0.458,30,13,64.3,70.5,284.3,75.0,64.3,0.115,MEDIUM,62.7,MEDIUM,1
88.0,1,2,0.314,44,6,74.3,67.8,429.9,61.7,73.7,0.518,LOW,73.3,MEDIUM,1
84.3,0,0,0.258,38,7,91.0,81.6,412.8,76.4,91.7,-0.146,LOW,87.2,HIGH,1
94.5,0,4,0.245,46,3,79.8,83.4,373.6,84.3,88.4,0.138,LOW,88.1,HIGH,1
77.6,0,1,0.046,42,12,85.2,69.1,368.1,64.5,75.3,0.202,LOW,77.9,MEDIUM,1
87.4,0,1,0.04,35,5,71.8,57.4,364.2,77.2,75.7,-0.036,LOW,73.9,HIGH,1
73.7,1,4,0.063,41,15,80.8,57.8,265.7,67.1,70.2,-0.088,MEDIUM,70.1,MEDIUM,1
47.7,3,1,-0.228,20,22,65.3,46.6,269.6,57.3,72.4,0.008,HIGH,56.6,LOW,1
76.5,0,2,0.338,38,12,46.8,73.8,249.1,79.5,64.8,-0.09,LOW,61.3,MEDIUM,1
67.7,2,3,-0.023,39,18,80.9,81.6,351.5,86.2,75.3,0.575,LOW,73.3,MEDIUM,1
72.3,2,2,0.015,35,14,64.7,65.1,263.9,62.2,67.1,-0.004,MEDIUM,64.9,MEDIUM,1
49.2,3,2,-0.073,24,24,44.8,68.1,274.6,69.6,52.3,0.151,MEDIUM,55.2,MEDIUM,1
88.2,1,6,0.247,41,5,68.6,69.4,369.5,73.8,74.1,-0.073,LOW,75.9,MEDIUM,1
96.1,1,5,0.308,48,2,76.4,80.9,357.1,86.7,76.0,0.511,LOW,83.2,HIGH,1
98.5,0,6,-0.016,46,1,74.2,81.4,360.2,90.6,71.8,0.031,LOW,82.0,HIGH,1
79.6,1,5,0.485,33,8,64.2,76.4,317.5,86.0,73.2,-0.298,LOW,71.3,MEDIUM,1
73.6,0,6,0.342,32,12,68.8,71.1,333.1,73.5,73.0,-0.19,LOW,76.5,MEDIUM,1
92.1,0,2,-0.227,44,4,86.2,81.9,397.1,92.2,75.3,0.246,LOW,85.5,HIGH,1
78.2,0,4,-0.14,31,9,88.0,83.3,387.8,91.2,95.4,0.068,LOW,85.5,HIGH,1
86.6,0,3,0.556,49,7,97.5,84.2,420.1,80.4,98.1,0.266,LOW,93.9,HIGH,1
76.8,0,0,-0.457,38,11,98.0,76.7,425.9,74.2,95.2,0.288,LOW,92.2,HIGH,1
67.8,0,4,-0.258,32,15,72.6,72.3,412.7,64.5,71.9,-0.039,LOW,74.0,HIGH,1
77.6,8,3,-0.95,44,13,72.0,67.1,342.3,68.6,63.6,0.019,LOW,73.3,MEDIUM,-1
87.6,0,2,0.422,43,6,87.4,74.8,393.1,81.8,91.1,-0.063,LOW,83.5,HIGH,1
77.9,0,0,0.408,37,11,60.2,75.8,350.2,75.3,62.1,0.141,LOW,74.5,MEDIUM,1
84.7,0,2,-0.258,36,7,74.6,79.9,342.0,79.3,70.8,-0.327,LOW,82.5,MEDIUM,1
86.3,0,3,0.339,35,6,83.0,66.9,334.7,78.8,79.2,-0.009,LOW,79.4,HIGH,1
82.1,0,2,0.56,48,10,64.8,55.4,320.1,68.3,50.9,-0.081,LOW,64.1,MEDIUM,1
88.7,8,3,-0.95,43,6,91.2,79.6,407.6,71.1,88.6,0.055,LOW,89.1,HIGH,-1
84.2,0,4,0.101,47,9,82.7,68.0,393.8,68.9,72.7,-0.055,LOW,77.4,MEDIUM,1
78.7,1,3,0.404,33,9,69.9,89.3,431.8,85.4,75.6,0.139,LOW,85.0,HIGH,1
95.1,0,4,0.035,55,3,87.4,89.5,353.9,91.2,92.9,0.334,LOW,95.4,HIGH,1
54.2,3,5,-0.705,31,27,59.5,70.3,285.2,58.1,73.6,0.372,HIGH,61.7,MEDIUM,1
68.0,3,2,-1.0,39,19,48.1,57.2,278.7,60.0,61.7,-0.055,HIGH,56.4,MEDIUM,1
85.9,0,2,0.195,50,8,91.1,87.4,446.2,78.8,98.8,0.291,LOW,85.7,HIGH,1
96.1,0,4,-0.051,52,2,82.2,77.0,364.4,81.6,80.1,-0.562,LOW,89.1,HIGH,1
73.0,1,2,-0.725,42,15,74.9,80.5,373.7,83.5,60.4,0.168,MEDIUM,76.6,HIGH,1
79.8,0,1,-0.139,45,11,82.7,84.6,350.7,93.5,81.6,-0.306,LOW,78.0,HIGH,1
64.2,1,0,-0.367,31,18,45.3,53.2,314.7,63.9,55.7,0.288,MEDIUM,52.0,MEDIUM,1
87.7,0,2,-0.045,46,7,77.3,69.5,381.7,90.0,71.0,0.343,LOW,72.2,HIGH,1
89.5,0,2,0.439,52,6,71.1,94.9,412.6,85.9,76.4,0.199,LOW,83.1,HIGH,1
86.3,0,2,0.297,49,8,94.9,64.0,421.2,78.0,75.6,-0.057,LOW,80.0,HIGH,1
81.9,0,1,0.056,41,9,75.3,82.2,326.1,78.8,82.8,-0.218,LOW,78.5,MEDIUM,1
91.6,0,2,-0.282,46,4,79.0,70.6,314.3,85.4,71.9,0.037,LOW,83.4,MEDIUM,1
81.7,0,1,0.312,42,9,70.9,88.5,420.7,89.9,75.1,-0.017,LOW,80.1,HIGH,1
81.9,0,2,0.541,38,9,94.7,74.6,384.4,73.1,91.3,0.034,LOW,86.5,HIGH,1
80.1,0,6,0.62,44,11,66.4,75.3,400.0,85.9,69.9,0.079,LOW,71.7,HIGH,1
82.2,0,5,0.018,39,8,63.9,88.5,348.1,79.1,83.9,0.312,LOW,77.4,HIGH,1
70.1,1,2,0.278,37,16,60.2,88.4,354.5,69.5,67.9,-0.152,LOW,72.7,MEDIUM,1
67.2,0,4,-0.444,38,19,61.1,69.1,270.3,78.2,52.7,-0.265,LOW,69.4,MEDIUM,1
55.6,3,7,-0.497,24,19,62.3,70.3,288.8,68.0,71.3,0.026,MEDIUM,65.3,MEDIUM,1
64.0,0,1,-0.033,36,20,75.2,68.5,447.3,69.3,73.9,0.008,LOW,69.3,HIGH,1
81.5,1,2,-0.275,42,10,65.9,94.4,313.0,87.9,80.8,0.062,LOW,80.5,MEDIUM,1
80.9,1,2,-0.045,36,8,98.0,91.1,10.0,81.2,88.2,0.106,LOW,89.2,HIGH,-1
53.1,5,3,0.094,22,20,65.3,65.0,278.8,67.1,68.9,0.037,HIGH,73.4,MEDIUM,1
64.8,3,5,-0.4,31,17,50.1,75.6,303.2,61.1,58.9,-0.174,MEDIUM,60.5,MEDIUM,1
68.1,0,2,-0.56,40,19,46.0,81.4,291.7,90.3,49.4,0.091,LOW,62.7,HIGH,1
72.2,3,3,0.698,41,16,71.3,65.9,265.6,63.2,75.2,0.404,LOW,73.1,MEDIUM,1
61.4,0,2,-0.081,36,23,57.7,66.0,308.8,57.0,66.3,0.028,LOW,62.8,MEDIUM,1
68.0,1,1,-0.742,39,19,58.4,80.7,322.4,79.6,74.4,0.081,MEDIUM,73.2,HIGH,1
75.2,0,3,0.201,44,14,65.3,60.6,400.4,61.7,48.0,0.334,LOW,63.9,MEDIUM,1
88.2,1,1,0.064,49,6,71.9,86.2,329.4,92.0,76.9,-0.202,LOW,79.3,HIGH,1
58.9,4,3,-0.007,24,16,67.4,72.0,309.5,73.1,66.8,0.001,HIGH,68.8,MEDIUM,1
82.9,0,3,0.251,36,8,82.0,70.2,333.5,67.3,84.8,0.304,LOW,80.2,HIGH,1
44.1,6,1,-0.263,24,30,55.9,70.9,285.0,60.2,63.7,0.228,HIGH,61.3,MEDIUM,1
74.6,1,2,0.179,38,13,75.0,77.7,377.9,88.2,73.7,0.218,LOW,74.6,HIGH,1
93.0,0,2,0.195,37,3,69.5,75.4,376.6,78.5,83.5,-0.551,LOW,80.5,HIGH,1
43.9,2,3,-0.13,23,30,52.9,45.7,185.8,44.9,67.1,-0.142,MEDIUM,55.9,LOW,1
74.3,2,1,-0.013,42,15,74.3,68.8,347.3,71.3,84.0,-0.337,MEDIUM,68.5,MEDIUM,1
89.5,1,2,-0.332,51,6,80.0,71.0,415.1,83.4,79.9,0.383,LOW,80.1,HIGH,1
89.7,1,6,0.034,40,5,88.8,75.3,450.9,77.2,80.8,0.152,LOW,81.2,HIGH,1
57.1,3,1,-0.387,23,17,64.4,61.4,236.9,56.4,79.4,0.017,MEDIUM,67.2,MEDIUM,1
83.0,0,6,0.082,46,10,52.0,89.3,295.0,89.5,75.6,-0.158,LOW,73.3,HIGH,1
77.2,0,1,0.431,44,13,66.6,61.6,300.4,86.0,72.6,-0.059,LOW,67.2,HIGH,1
62.2,0,3,0.187,34,20,85.2,57.3,323.9,62.8,73.8,0.575,LOW,69.1,MEDIUM,1
63.8,0,3,-0.034,33,18,98.0,64.4,10.0,61.5,55.1,0.029,LOW,67.2,MEDIUM,-1
73.9,1,1,0.344,38,14,69.3,99.0,372.7,82.1,70.8,-0.126,LOW,78.0,HIGH,1
84.1,0,1,0.072,50,9,51.3,62.1,358.9,61.4,57.6,-0.265,LOW,62.2,HIGH,1
81.0,1,2,-0.016,33,8,62.8,56.1,377.6,69.5,66.4,0.486,MEDIUM,67.2,MEDIUM,1
60.6,0,1,-0.029,26,17,56.7,80.1,335.8,75.6,52.3,0.023,LOW,60.3,MEDIUM,1
43.1,3,7,0.042,18,24,79.6,54.3,217.2,48.9,79.1,-0.059,MEDIUM,67.7,LOW,1
78.9,0,3,0.388,46,12,74.4,67.3,354.6,60.6,62.2,-0.306,LOW,67.0,MEDIUM,1
82.0,0,3,0.057,39,8,73.9,80.7,370.4,87.4,74.9,-0.202,LOW,80.8,HIGH,1
92.2,0,3,0.125,47,4,77.1,88.4,362.1,75.2,89.6,0.326,LOW,82.6,MEDIUM,1
50.0,3,5,0.331,25,26,44.3,70.8,239.2,61.6,71.4,-0.37,MEDIUM,56.9,MEDIUM,1
63.3,3,1,-0.978,31,18,79.4,74.1,344.2,82.4,78.8,-0.288,HIGH,78.7,MEDIUM,1
88.7,0,3,0.394,35,5,58.4,72.9,337.9,82.7,63.9,-0.065,LOW,67.8,HIGH,1
88.7,0,3,-0.002,39,5,77.6,86.5,389.9,69.6,79.9,0.147,LOW,81.3,HIGH,1
95.3,0,1,-0.002,56,3,57.0,86.9,359.7,78.3,67.4,0.056,LOW,73.1,HIGH,1
55.4,4,0,-0.336,28,22,55.6,78.3,296.2,62.0,70.6,-0.105,HIGH,65.3,MEDIUM,1
84.1,0,2,-0.455,40,8,98.0,92.5,10.0,76.5,61.1,-0.113,LOW,66.3,HIGH,-1
82.3,8,6,-0.95,44,9,66.5,68.0,376.4,63.9,63.9,-0.13,LOW,67.8,HIGH,-1
94.3,0,3,0.484,40,2,98.0,99.0,10.0,84.0,88.9,0.004,LOW,94.8,HIGH,-1
56.4,5,1,-0.338,25,19,45.5,60.8,156.1,66.8,60.7,-0.182,HIGH,61.8,MEDIUM,1
76.6,0,2,0.053,37,11,66.0,60.2,323.9,76.7,69.0,0.094,LOW,68.5,MEDIUM,1
84.7,0,2,-0.167,48,9,87.9,94.8,348.6,73.5,91.6,0.344,LOW,88.3,HIGH,1
84.7,0,1,0.107,38,7,98.0,86.3,470.7,100.0,100.0,0.299,LOW,92.0,HIGH,1
72.8,0,1,-0.668,34,12,74.2,52.9,292.9,72.5,72.9,-0.372,LOW,75.4,MEDIUM,1
91.1,0,3,-0.138,50,5,74.9,75.9,446.8,96.0,90.1,-0.23,LOW,84.9,HIGH,1
55.1,4,4,-0.134,26,21,58.8,57.6,263.2,51.2,70.2,0.151,HIGH,55.3,MEDIUM,1
51.1,3,1,-0.648,25,24,98.0,57.3,10.0,48.4,49.2,0.067,HIGH,45.6,MEDIUM,-1
81.7,0,5,-0.271,36,8,73.1,95.4,375.6,92.7,87.6,0.084,LOW,79.4,HIGH,1
77.7,1,5,-0.04,39,11,98.0,72.8,469.3,79.0,98.7,0.404,LOW,87.4,HIGH,1
87.8,1,1,0.249,46,6,90.3,74.7,369.3,82.9,75.6,0.587,LOW,83.6,HIGH,1
80.3,0,1,0.403,47,12,82.3,86.3,384.2,79.1,87.9,0.222,LOW,84.3,HIGH,1
69.0,2,2,-0.25,28,13,73.8,66.3,347.6,67.3,61.8,-0.347,MEDIUM,74.9,MEDIUM,1
93.3,1,0,0.006,49,4,83.0,99.0,367.5,98.8,89.6,-0.016,LOW,91.4,HIGH,1
78.4,0,2,0.222,38,10,75.7,77.3,333.6,72.1,84.5,0.373,LOW,78.3,MEDIUM,1
73.6,0,2,0.033,36,13,91.4,82.8,348.9,65.4,81.6,0.469,LOW,82.2,MEDIUM,1
97.2,0,4,0.32,48,1,85.3,99.0,425.2,96.1,93.9,-0.027,LOW,94.2,HIGH,1
60.9,1,1,0.196,30,19,62.8,59.3,238.9,74.0,53.0,0.154,MEDIUM,63.0,MEDIUM,1
76.7,0,2,0.053,44,14,60.8,82.3,334.2,66.6,71.6,0.203,LOW,71.4,MEDIUM,1
85.4,0,5,-0.242,43,7,79.4,73.0,336.2,78.1,80.1,0.245,LOW,74.9,HIGH,1
75.9,1,4,0.083,38,12,65.7,76.2,330.0,58.5,71.3,0.31,LOW,67.4,MEDIUM,1
67.5,1,2,0.354,28,14,66.7,51.5,272.5,71.8,58.6,-0.629,LOW,64.0,MEDIUM,1
88.6,1,0,0.195,51,7,67.8,74.6,426.1,73.1,76.3,0.203,LOW,72.2,HIGH,1
71.2,1,1,-0.195,28,12,71.4,85.7,345.7,77.9,82.1,0.004,LOW,76.0,MEDIUM,1
89.6,0,0,0.111,46,5,71.9,88.5,349.7,86.7,90.9,0.075,LOW,76.8,HIGH,1
65.0,0,0,-0.272,35,19,52.3,66.3,358.4,68.3,77.7,-0.212,MEDIUM,66.2,MEDIUM,1
82.4,1,1,-0.149,44,9,91.4,78.2,331.9,83.5,79.1,-0.179,LOW,82.1,HIGH,1
68.9,0,1,0.128,29,13,52.0,78.5,299.1,86.4,58.1,-0.037,LOW,57.3,MEDIUM,1
84.4,0,3,0.285,50,9,67.8,85.8,380.0,80.5,72.1,0.175,LOW,79.2,HIGH,1
91.2,0,1,0.448,47,5,85.1,85.2,393.3,83.8,85.1,-0.328,LOW,81.4,HIGH,1
77.8,0,2,-0.828,44,13,85.9,85.1,367.4,71.2,84.3,0.039,MEDIUM,79.0,HIGH,1
78.3,0,3,0.184,43,12,73.8,73.5,328.3,61.4,77.0,0.437,LOW,77.3,MEDIUM,1
46.6,4,1,-0.227,21,24,56.8,46.3,216.9,47.5,50.4,0.576,HIGH,48.6,LOW,1
56.8,5,2,-0.545,28,21,47.6,55.9,298.0,63.5,50.1,0.05,HIGH,59.0,MEDIUM,1
83.2,0,2,0.231,47,9,68.3,73.0,364.2,75.6,53.8,-0.055,LOW,65.8,HIGH,1
80.4,0,2,-0.189,45,11,54.9,56.7,345.5,80.3,59.2,-0.062,LOW,68.1,MEDIUM,1
93.9,1,4,-0.382,44,3,79.9,71.1,430.7,80.8,71.9,0.19,LOW,75.8,HIGH,1
87.3,0,3,0.318,38,5,84.4,69.6,369.8,89.2,76.7,0.182,LOW,79.2,HIGH,1
68.7,2,0,-0.296,37,17,74.0,57.9,304.6,66.7,76.7,-0.04,MEDIUM,65.4,MEDIUM,1
72.4,1,3,-0.391,29,11,50.0,56.0,276.5,62.0,51.0,-0.169,MEDIUM,60.5,MEDIUM,1
79.2,1,3,0.531,36,10,82.0,92.9,373.0,73.4,87.5,-0.265,LOW,89.9,HIGH,1
72.2,1,9,0.118,35,14,86.6,81.7,437.8,57.9,94.1,-0.016,LOW,80.7,MEDIUM,1
93.5,0,3,-0.141,43,3,77.2,79.4,401.2,78.8,82.5,0.321,LOW,80.9,HIGH,1
67.4,0,1,-0.74,27,13,87.6,72.0,228.2,76.3,92.0,-0.167,MEDIUM,74.5,HIGH,1
86.7,0,4,-0.231,49,7,72.9,74.8,387.1,76.1,86.2,-0.103,LOW,82.4,MEDIUM,1
87.9,0,4,-0.39,45,6,60.4,75.2,375.1,72.6,66.8,-0.013,LOW,67.8,HIGH,1
66.5,2,4,0.264,37,19,66.4,79.1,355.3,72.3,72.9,-0.178,MEDIUM,66.4,MEDIUM,1
66.3,8,1,-0.95,36,18,64.5,72.0,363.9,69.7,72.3,0.531,LOW,68.1,MEDIUM,-1
78.3,1,2,0.468,43,12,86.8,65.0,490.8,68.5,70.5,0.158,LOW,74.6,HIGH,1
75.7,0,1,-0.398,40,13,60.9,85.5,328.1,83.8,74.8,0.224,LOW,70.6,HIGH,1
82.1,0,5,0.262,34,8,80.8,81.2,385.9,78.7,87.1,-0.262,LOW,81.4,HIGH,1
63.2,0,3,0.45,37,21,46.0,77.4,290.4,83.5,47.5,-0.038,LOW,57.0,MEDIUM,1
57.2,4,1,-0.491,29,22,57.0,67.7,264.8,60.9,57.4,0.211,HIGH,60.5,MEDIUM,1
77.1,0,3,0.073,45,13,69.0,75.5,336.8,70.4,62.9,0.1,LOW,75.7,MEDIUM,1
84.8,0,2,0.639,48,9,71.4,76.8,340.3,77.2,77.4,0.72,LOW,68.3,HIGH,1
83.7,0,2,0.205,44,9,58.1,82.9,330.3,88.2,63.0,0.209,LOW,72.8,MEDIUM,1
73.8,1,2,0.3,44,15,65.4,61.4,327.6,73.2,75.4,-0.13,LOW,72.6,MEDIUM,1
49.0,3,3,-0.455,24,24,59.9,67.5,281.9,57.3,69.9,0.034,HIGH,62.2,MEDIUM,1
67.4,2,3,-0.689,28,14,81.5,54.5,357.6,55.7,84.8,0.128,MEDIUM,75.5,MEDIUM,1
86.1,0,0,0.245,44,7,68.8,72.6,323.5,67.8,68.3,0.287,LOW,75.6,HIGH,1
91.7,0,3,-0.049,54,5,68.6,95.7,328.5,80.6,92.7,-0.59,LOW,85.3,HIGH,1
52.6,2,2,-0.447,29,27,88.5,52.8,294.9,69.6,61.4,-0.193,MEDIUM,62.5,MEDIUM,1
93.1,0,1,-0.139,41,3,56.0,76.2,429.7,76.4,67.8,0.107,LOW,66.1,HIGH,1
89.2,0,0,0.348,42,5,70.5,75.0,394.7,74.3,74.9,-0.558,LOW,72.2,HIGH,1
90.9,0,1,0.244,53,5,67.8,72.9,384.8,86.2,77.5,0.328,LOW,79.7,HIGH,1
77.5,0,2,0.674,33,10,53.6,72.5,353.6,75.0,59.1,0.055,LOW,64.3,MEDIUM,1
79.8,8,1,-0.95,43,11,73.8,77.4,310.9,86.1,82.1,-0.009,LOW,78.6,MEDIUM,-1
91.0,0,1,0.146,53,5,93.6,95.1,447.2,99.8,86.2,-0.332,LOW,93.8,HIGH,1
70.9,0,3,0.131,38,16,82.9,82.2,328.1,85.2,79.2,0.436,LOW,79.0,HIGH,1
94.2,0,2,0.418,50,3,89.0,88.3,354.5,84.0,88.4,-0.299,LOW,89.3,HIGH,1
79.8,0,7,0.145,44,11,89.2,74.6,375.9,56.2,88.5,0.31,LOW,85.8,HIGH,1
90.6,0,0,0.473,44,5,77.4,73.7,434.9,67.8,67.3,0.586,LOW,75.5,HIGH,1
90.1,0,1,0.154,48,5,80.1,86.3,403.1,86.1,84.8,0.466,LOW,85.6,HIGH,1
45.0,2,1,-0.049,27,32,60.4,64.4,248.4,67.6,54.2,0.091,MEDIUM,55.4,MEDIUM,1
86.1,0,1,0.552,43,7,93.3,83.7,374.7,75.4,82.3,-0.036,LOW,86.5,HIGH,1
73.0,0,1,-0.367,30,11,66.6,69.0,326.0,75.1,77.8,0.26,LOW,74.6,MEDIUM,1
58.0,5,2,0.173,34,24,78.4,67.5,398.7,61.9,82.5,0.003,HIGH,71.4,MEDIUM,1
76.7,0,4,0.542,32,10,92.3,76.8,411.4,89.4,96.1,0.106,LOW,83.7,HIGH,1
92.5,1,1,0.032,40,3,85.0,75.7,409.9,77.8,75.2,-0.273,LOW,86.0,HIGH,1
73.5,2,1,0.137,37,13,81.5,84.2,318.0,84.6,76.3,0.245,LOW,84.5,HIGH,1
87.1,0,1,0.01,45,7,64.4,63.3,284.1,74.0,60.5,-0.141,LOW,77.3,HIGH,1
81.6,1,3,-0.066,46,11,82.6,70.1,328.3,78.0,80.7,0.376,LOW,79.8,HIGH,1
63.4,0,1,0.134,36,21,73.5,59.7,305.0,60.2,80.5,-0.29,MEDIUM,65.3,HIGH,1
98.6,0,4,-0.318,57,1,87.4,80.5,388.1,89.3,85.0,-0.102,LOW,85.2,HIGH,1
84.0,0,2,0.148,43,8,87.5,72.2,331.2,61.2,69.3,-0.03,LOW,77.7,HIGH,1
95.8,0,4,-0.283,38,2,84.9,77.3,410.5,73.8,82.8,-0.123,LOW,86.5,HIGH,1
64.9,3,5,-0.402,29,16,63.5,77.3,250.2,64.1,68.9,-0.112,MEDIUM,64.8,MEDIUM,1
62.6,3,4,-0.581,26,16,64.9,70.5,319.4,73.2,76.8,0.049,HIGH,70.0,MEDIUM,1
88.1,1,4,0.133,49,7,78.0,71.3,420.7,76.0,78.8,-0.129,LOW,74.5,HIGH,1
87.7,1,2,0.265,37,5,78.8,84.7,453.9,66.0,83.0,-0.161,LOW,81.3,HIGH,1
78.2,0,1,0.46,31,9,69.7,79.6,307.0,78.2,74.5,-0.038,LOW,71.9,MEDIUM,1
90.1,0,3,0.101,38,4,75.2,61.6,362.7,63.6,64.3,0.246,LOW,70.6,MEDIUM,1
71.5,0,1,0.693,31,12,78.4,67.5,303.8,77.5,75.0,0.336,LOW,78.1,MEDIUM,1
58.4,5,5,-0.377,26,19,64.8,72.4,331.2,71.4,71.1,-0.129,HIGH,61.6,MEDIUM,1
59.9,3,3,-0.013,28,18,51.1,70.7,240.4,55.6,60.7,0.082,MEDIUM,62.0,MEDIUM,1
86.0,0,2,0.52,40,7,84.8,84.7,372.9,86.5,71.5,0.119,LOW,83.8,HIGH,1
59.4,6,1,-0.347,31,21,53.9,58.5,278.9,75.1,64.4,0.385,HIGH,59.0,MEDIUM,1
94.4,0,2,0.28,41,2,98.0,86.4,391.6,76.5,94.6,0.54,LOW,95.0,HIGH,1
85.5,0,3,-0.645,38,7,65.6,60.8,412.5,74.2,73.6,-0.552,MEDIUM,70.0,HIGH,1
89.5,0,2,0.445,45,5,98.0,78.3,371.4,84.0,89.0,-0.439,LOW,85.7,HIGH,1
94.4,0,2,-0.142,38,2,87.7,99.0,423.3,87.4,92.6,-0.005,LOW,99.0,HIGH,1
78.6,0,3,0.571,37,10,69.2,84.1,310.3,82.5,63.2,-0.268,LOW,71.2,MEDIUM,1
69.3,1,2,-0.257,28,13,60.3,73.1,293.3,67.5,64.0,-0.192,LOW,70.9,MEDIUM,1
60.3,2,3,0.044,28,19,72.3,61.5,310.0,52.7,80.0,-0.347,MEDIUM,63.2,MEDIUM,1
83.0,0,3,-0.075,49,10,72.1,89.8,327.7,88.7,84.1,0.094,LOW,89.9,HIGH,1
66.4,1,5,0.704,32,16,59.4,69.8,163.7,65.1,60.3,-0.066,LOW,59.6,MEDIUM,1
61.4,8,2,-0.95,26,17,58.2,63.6,334.7,55.0,57.7,0.304,MEDIUM,58.1,MEDIUM,-1
65.2,0,1,0.458,37,19,67.3,82.8,237.4,77.7,79.3,-0.026,LOW,66.8,MEDIUM,1
84.1,0,0,0.104,39,7,77.9,78.5,356.8,81.9,68.3,0.049,LOW,76.0,HIGH,1
75.4,1,3,0.003,37,12,87.2,77.5,370.1,88.4,87.7,0.423,LOW,83.7,HIGH,1
72.7,3,4,0.307,32,12,68.5,58.4,333.3,71.4,77.4,0.086,MEDIUM,67.1,MEDIUM,1
61.6,1,2,0.12,30,19,72.7,62.8,318.0,61.4,62.0,0.053,LOW,70.5,HIGH,1
68.7,3,3,0.03,35,16,98.0,78.2,10.0,79.1,72.4,-0.273,MEDIUM,70.7,MEDIUM,-1
87.1,0,2,0.272,51,8,67.6,78.6,374.3,73.2,75.0,0.052,LOW,77.2,MEDIUM,1
54.6,6,6,-0.232,25,20,53.8,63.4,282.2,73.9,62.8,-0.126,HIGH,58.8,MEDIUM,1
83.6,0,3,0.362,33,7,38.9,66.8,371.5,70.5,52.9,0.042,LOW,56.1,MEDIUM,1
92.2,0,4,0.229,39,3,98.0,90.3,10.0,74.6,92.6,-0.355,LOW,94.3,HIGH,-1
83.2,0,2,0.061,38,8,71.4,73.8,415.6,73.0,67.6,-0.043,LOW,75.1,HIGH,1
66.3,2,1,-0.294,33,17,65.4,72.2,302.5,66.2,64.5,-0.27,MEDIUM,66.9,HIGH,1
84.7,0,4,0.537,43,8,70.7,91.8,390.9,93.0,66.7,0.439,LOW,74.9,HIGH,1
67.7,0,2,-0.641,32,16,69.4,87.7,332.8,68.9,74.9,0.266,LOW,77.0,MEDIUM,1
73.1,1,1,0.367,29,11,88.0,64.9,325.6,66.4,87.5,0.029,LOW,77.4,MEDIUM,1
78.7,0,4,0.335,34,9,82.2,72.4,310.2,75.8,79.9,0.042,LOW,80.3,MEDIUM,1
78.4,0,4,0.774,32,9,63.7,81.1,358.4,78.8,77.6,0.018,LOW,73.8,HIGH,1
85.6,0,2,-0.851,35,6,95.5,71.8,361.2,90.7,86.1,0.317,LOW,90.1,HIGH,1
70.0,0,1,-0.71,39,17,98.0,81.5,332.4,80.6,79.1,-0.118,LOW,90.4,MEDIUM,1
66.6,0,0,-0.514,27,14,67.9,76.6,304.5,65.7,71.4,0.895,LOW,69.1,MEDIUM,1
92.0,0,3,-0.089,40,3,79.8,87.6,442.8,92.1,76.0,-0.027,LOW,85.2,HIGH,1
81.9,0,2,0.386,41,9,85.9,74.7,437.3,74.8,79.0,-0.381,LOW,76.6,HIGH,1
88.5,0,3,-0.298,51,7,87.1,80.6,346.4,96.7,74.2,0.071,LOW,82.3,HIGH,1
90.2,0,1,0.015,47,5,75.0,85.7,277.7,83.4,84.3,0.059,LOW,80.6,MEDIUM,1
57.0,3,1,-0.456,33,24,57.4,67.6,272.0,70.9,68.5,-0.093,MEDIUM,61.7,MEDIUM,1
88.8,0,3,0.014,51,7,74.1,64.9,355.6,85.2,75.1,-0.22,LOW,71.6,HIGH,1
78.0,0,2,0.52,42,12,89.1,88.7,444.3,79.2,81.6,-0.387,LOW,84.2,HIGH,1
93.3,0,4,0.273,48,3,77.4,83.4,428.3,84.6,77.2,-0.136,LOW,81.1,HIGH,1
69.1,0,5,-0.433,35,15,69.5,71.3,293.6,67.7,62.4,0.133,MEDIUM,76.9,HIGH,1
99.4,0,2,-0.314,40,0,96.6,97.0,389.3,98.6,83.4,0.249,LOW,93.1,HIGH,1
78.0,0,3,0.261,43,12,89.2,74.1,397.3,95.7,85.6,0.492,LOW,89.7,HIGH,1
69.7,0,3,-0.446,36,16,98.0,61.3,10.0,72.0,67.4,0.477,MEDIUM,60.8,MEDIUM,-1
85.8,0,2,0.02,39,6,63.1,75.5,325.2,82.3,71.5,-0.282,LOW,73.9,HIGH,1
69.6,0,8,-0.323,31,14,73.9,83.5,346.9,70.0,70.3,-0.314,LOW,75.4,MEDIUM,1
57.8,3,1,0.083,28,21,65.1,56.4,249.7,69.3,70.6,-0.178,MEDIUM,66.7,MEDIUM,1
91.2,0,2,-0.004,37,4,89.7,62.0,421.9,77.7,91.8,0.065,LOW,86.5,HIGH,1
85.9,1,3,-0.023,36,6,60.7,72.9,372.4,97.0,67.3,-0.183,MEDIUM,78.0,HIGH,1
70.1,1,3,-0.174,32,13,66.0,76.1,270.2,87.3,78.5,-0.013,MEDIUM,73.1,HIGH,1
94.5,0,4,-0.127,52,3,84.8,94.2,429.5,91.4,82.8,-0.027,LOW,92.6,HIGH,1
87.1,0,1,0.375,39,6,66.8,81.3,367.0,85.0,65.9,0.125,LOW,72.9,HIGH,1
61.5,0,2,-0.248,32,20,71.6,64.0,230.0,65.1,51.8,0.034,LOW,62.1,MEDIUM,1
89.2,0,3,0.041,38,5,98.0,65.9,10.0,69.2,87.3,0.215,LOW,86.4,HIGH,-1
85.3,0,3,-0.297,46,8,66.2,73.1,334.8,84.7,71.9,-0.053,LOW,75.3,MEDIUM,1
93.0,0,5,-0.21,42,3,91.0,62.9,404.6,75.7,78.5,0.257,LOW,86.6,MEDIUM,1
75.4,0,2,0.261,30,10,71.3,84.7,370.5,96.1,76.2,-0.439,LOW,77.2,HIGH,1
74.7,8,2,-0.95,36,12,65.0,62.9,318.0,70.6,55.3,-0.08,LOW,65.6,MEDIUM,-1
79.1,0,2,0.035,40,11,98.0,67.8,10.0,63.8,68.1,0.126,LOW,66.1,HIGH,-1
73.6,1,4,0.207,37,13,82.8,60.5,257.8,72.2,73.9,-0.018,LOW,78.0,MEDIUM,1
78.2,0,1,0.293,41,11,69.0,73.6,354.5,82.5,66.6,-0.407,LOW,72.0,HIGH,1
75.5,0,3,0.308,30,10,68.1,76.8,308.2,80.3,73.5,-0.278,LOW,67.2,HIGH,1
79.1,0,0,0.015,46,12,86.8,86.5,351.0,83.8,85.7,-0.191,LOW,90.8,MEDIUM,1
82.1,0,0,0.065,35,8,85.6,76.2,341.8,77.3,85.7,-0.237,LOW,86.6,HIGH,1
69.5,1,6,-0.092,31,13,64.2,64.1,344.8,70.6,65.4,0.023,MEDIUM,65.5,MEDIUM,1
96.6,0,1,-0.571,54,2,98.0,93.1,385.5,92.3,88.4,-0.266,LOW,95.1,HIGH,1
91.5,0,3,0.149,40,4,91.3,84.6,479.1,76.4,94.2,0.277,LOW,96.6,HIGH,1
80.6,0,5,0.314,47,11,93.8,75.9,422.9,93.6,81.6,-0.167,LOW,88.8,HIGH,1
56.1,6,2,-0.458,24,18,84.3,61.1,289.0,64.4,88.2,-0.238,HIGH,73.1,MEDIUM,1
88.9,1,3,-0.283,44,6,72.6,70.8,363.3,79.1,77.3,0.268,MEDIUM,74.8,HIGH,1
68.2,1,1,0.179,28,13,61.0,76.9,345.9,86.6,86.0,-0.006,LOW,74.9,MEDIUM,1
97.2,0,2,-0.137,51,2,61.8,83.2,393.0,76.0,64.3,-0.214,LOW,75.7,HIGH,1
78.0,0,3,0.087,35,10,91.7,59.8,434.5,88.1,80.2,0.156,LOW,79.0,HIGH,1
67.1,0,3,-0.157,39,19,48.9,67.8,282.8,62.7,55.8,-0.206,MEDIUM,58.7,MEDIUM,1
71.7,0,1,-0.173,29,11,74.2,81.5,379.6,87.9,75.9,0.133,LOW,86.5,HIGH,1
79.4,0,3,-0.373,37,9,60.9,98.4,367.6,78.4,72.9,-0.079,LOW,79.5,HIGH,1
79.6,0,1,0.184,33,8,73.4,73.2,386.7,69.0,76.9,-0.468,LOW,70.9,HIGH,1
67.8,1,1,-0.667,39,19,68.7,78.3,316.7,78.2,77.7,-0.101,MEDIUM,70.0,MEDIUM,1
83.0,0,4,0.302,33,7,98.0,73.3,424.0,79.3,94.4,0.572,LOW,90.2,HIGH,1
83.9,0,2,0.055,40,8,84.7,78.8,368.6,72.7,90.2,0.454,LOW,78.2,HIGH,1
56.2,4,1,0.394,31,25,98.0,68.5,307.7,58.1,73.6,0.218,MEDIUM,78.0,MEDIUM,1
87.2,0,4,0.143,43,6,81.1,93.3,396.4,84.0,95.0,0.445,LOW,84.4,HIGH,1
73.4,1,6,-0.114,33,12,75.3,84.3,373.5,86.9,75.6,0.031,MEDIUM,75.4,HIGH,1
68.5,0,2,-0.013,29,13,56.2,77.0,306.6,75.5,72.0,0.143,LOW,67.8,MEDIUM,1
77.9,0,4,0.423,46,13,65.8,66.9,289.0,77.4,68.2,0.004,LOW,68.4,MEDIUM,1
83.0,0,0,-0.303,45,9,59.2,82.4,334.7,76.9,79.7,-0.2,LOW,67.6,HIGH,1
49.3,3,1,-0.12,29,30,59.1,77.3,272.3,69.4,78.1,-0.223,HIGH,64.4,MEDIUM,1
94.8,0,1,0.203,43,2,73.0,88.3,459.5,77.2,85.8,0.196,LOW,85.6,HIGH,1
63.6,1,2,0.04,27,15,62.0,75.6,337.2,63.8,79.4,-0.359,MEDIUM,69.9,MEDIUM,1
78.3,1,1,-0.208,38,11,58.7,76.7,378.1,84.7,59.5,-0.11,LOW,73.3,HIGH,1
75.8,0,0,0.316,39,12,63.5,71.0,242.1,76.2,82.5,0.236,LOW,67.5,HIGH,1
86.1,0,3,0.224,34,6,78.3,84.1,454.8,97.6,78.6,0.458,LOW,84.3,HIGH,1
87.2,0,3,0.028,48,7,54.8,77.2,369.4,85.9,58.8,0.266,LOW,68.6,HIGH,1
82.5,1,2,0.902,46,10,98.0,61.5,356.8,62.5,75.3,-0.2,LOW,79.8,MEDIUM,1
44.0,4,3,-0.606,22,27,73.3,73.4,220.5,68.4,71.8,0.054,HIGH,68.4,MEDIUM,1
55.9,2,7,-0.323,28,23,90.8,71.8,299.3,55.5,67.4,-0.163,MEDIUM,71.9,MEDIUM,1
83.2,0,2,-0.169,48,10,64.8,57.8,321.3,76.9,62.2,0.013,LOW,64.7,MEDIUM,1
75.4,0,1,0.202,35,12,66.7,49.3,349.6,62.9,62.5,0.282,LOW,60.7,MEDIUM,1
80.7,0,3,0.612,38,9,98.0,74.4,372.0,71.4,93.1,-0.264,LOW,86.8,HIGH,1
83.5,0,3,0.53,41,8,98.0,83.7,416.4,82.1,88.2,-0.035,LOW,89.5,HIGH,1
87.0,0,3,-0.688,43,6,72.9,73.1,370.5,69.5,66.2,-0.582,LOW,73.3,HIGH,1
88.8,0,3,0.574,51,6,65.4,71.0,410.4,76.4,69.3,-0.088,LOW,75.8,HIGH,1
73.9,1,2,-0.05,36,13,94.3,71.8,372.7,56.7,91.6,0.043,LOW,81.8,MEDIUM,1
74.3,1,3,-0.11,34,12,63.6,72.0,265.5,82.2,69.4,-0.206,LOW,76.9,MEDIUM,1
73.4,1,0,0.145,32,11,79.5,70.7,309.1,75.0,62.8,-0.45,LOW,78.5,MEDIUM,1
80.3,0,4,0.014,32,8,82.4,64.6,396.9,71.8,82.0,-0.162,LOW,68.9,HIGH,1
87.0,8,4,-0.95,44,6,74.7,80.9,439.0,86.2,87.2,-0.329,LOW,77.7,HIGH,-1
85.4,0,4,-0.12,50,8,62.4,78.5,374.1,71.5,75.8,0.676,LOW,72.1,MEDIUM,1
96.4,0,4,0.196,42,2,96.2,68.4,518.3,78.9,95.0,-0.03,LOW,93.2,HIGH,1
73.0,3,2,0.465,34,13,55.5,77.6,236.3,80.1,72.1,0.275,MEDIUM,58.2,HIGH,1
96.6,0,2,0.144,40,1,65.3,79.7,395.4,78.7,71.1,-0.25,LOW,71.0,HIGH,1
62.1,0,2,-0.28,25,16,66.6,60.0,243.7,73.3,64.7,-0.219,MEDIUM,66.3,MEDIUM,1
70.2,1,1,0.286,37,16,53.7,73.3,331.3,70.6,66.4,-0.306,MEDIUM,68.4,MEDIUM,1
49.0,6,3,0.13,24,24,63.9,58.9,320.4,43.8,65.9,0.08,HIGH,56.4,MEDIUM,1
66.6,0,1,-0.212,33,16,86.5,66.3,288.7,70.1,84.6,-0.194,LOW,75.9,MEDIUM,1
86.7,0,2,0.052,45,7,90.9,70.8,445.4,75.6,79.5,0.035,LOW,81.0,HIGH,1
76.8,0,1,0.29,31,9,93.9,77.3,457.9,92.6,86.9,0.009,LOW,90.8,HIGH,1
87.6,0,2,-0.106,46,7,88.4,91.4,366.7,84.4,91.8,0.125,LOW,94.6,HIGH,1
80.8,1,2,-0.516,33,8,71.7,75.6,428.9,84.3,75.8,-0.148,MEDIUM,70.0,HIGH,1
57.1,5,0,-0.067,25,18,47.6,59.0,230.8,58.3,41.8,-0.084,HIGH,50.2,MEDIUM,1
75.7,0,1,-0.026,44,14,58.9,82.8,335.6,65.6,78.8,0.543,LOW,70.1,MEDIUM,1
92.1,0,2,-0.059,37,3,89.5,82.2,518.1,87.1,98.9,-0.289,LOW,91.9,HIGH,1
82.2,0,3,-0.471,35,8,84.9,63.1,363.2,75.7,75.0,0.035,LOW,83.8,HIGH,1
79.2,0,1,-0.124,40,10,66.2,77.8,335.7,85.3,67.0,0.04,LOW,71.6,HIGH,1
83.4,0,2,-0.006,43,9,74.4,70.7,368.2,63.0,69.7,-0.102,LOW,76.7,MEDIUM,1
58.9,6,2,0.182,34,23,72.5,74.2,289.5,72.2,72.3,-0.359,HIGH,66.1,MEDIUM,1
71.3,0,2,0.626,35,14,65.2,52.6,399.6,68.0,62.5,-0.209,LOW,63.1,MEDIUM,1
78.1,0,1,0.046,34,10,95.6,74.0,395.0,78.6,83.4,-0.11,LOW,87.0,MEDIUM,1
69.1,1,1,-0.086,28,12,73.1,82.2,407.1,55.4,90.2,-0.093,LOW,77.1,HIGH,1
72.2,3,0,-0.244,38,15,80.0,68.9,390.6,79.6,78.7,-0.232,MEDIUM,77.1,MEDIUM,1
90.9,0,4,0.137,50,5,79.5,79.6,350.6,74.5,85.0,-0.067,LOW,87.8,HIGH,1
56.2,4,2,-0.373,32,25,68.2,58.0,329.8,67.9,73.4,0.073,HIGH,72.6,MEDIUM,1
93.5,0,2,-0.374,39,3,63.6,80.2,374.2,98.3,78.7,-0.323,LOW,79.5,HIGH,1
93.1,0,2,0.439,39,3,81.1,67.8,407.4,85.8,81.9,-0.016,LOW,85.3,HIGH,1
91.1,0,0,0.16,39,4,71.3,68.7,460.4,81.0,70.5,-0.002,LOW,80.4,HIGH,1
45.6,6,3,-0.042,21,25,88.0,47.6,276.6,50.9,74.8,-0.029,HIGH,73.4,MEDIUM,1
69.5,1,1,-0.367,36,16,71.7,85.5,329.2,78.2,82.7,0.289,MEDIUM,74.6,MEDIUM,1
90.9,0,5,-0.593,44,4,78.2,66.0,460.9,69.6,82.5,0.298,LOW,68.8,HIGH,1
89.9,0,2,-0.328,38,4,84.7,72.4,396.1,83.4,70.0,0.14,LOW,82.8,HIGH,1
83.8,0,2,0.374,47,9,80.8,62.2,393.4,72.1,84.7,0.23,LOW,81.6,MEDIUM,1
73.1,0,2,0.027,39,15,71.6,88.0,327.7,70.2,93.7,0.14,LOW,79.5,MEDIUM,1
75.8,0,1,0.283,37,12,80.9,68.9,349.7,65.2,74.0,0.122,LOW,75.9,MEDIUM,1
77.0,1,3,-0.027,42,12,80.5,60.4,337.8,69.7,74.5,-0.239,MEDIUM,75.9,MEDIUM,1
60.3,1,3,-0.222,24,16,66.1,59.6,247.5,52.4,73.2,-0.002,MEDIUM,62.2,MEDIUM,1
80.4,0,3,0.1,39,10,93.4,66.7,365.4,74.2,75.7,0.362,LOW,76.0,MEDIUM,1
78.1,0,3,-0.177,36,10,54.9,84.2,341.2,89.9,69.7,-0.074,MEDIUM,63.9,MEDIUM,1
80.4,0,3,0.178,37,9,98.0,73.9,10.0,78.3,75.0,-0.019,LOW,68.2,HIGH,-1
95.3,0,1,0.563,40,2,77.9,71.1,395.4,80.0,64.4,0.289,LOW,76.7,HIGH,1
77.2,0,2,-0.048,36,10,73.3,89.0,394.2,75.3,69.0,0.005,LOW,77.6,MEDIUM,1
79.8,0,3,-0.398,38,10,71.5,81.5,359.7,82.8,89.9,-0.005,LOW,77.5,HIGH,1
80.9,0,6,0.316,38,9,69.0,67.5,444.8,62.5,72.8,0.019,LOW,66.4,HIGH,1
69.0,3,1,-0.661,29,13,84.4,75.0,374.2,71.8,83.1,-0.07,MEDIUM,77.0,MEDIUM,1
90.3,1,1,-0.195,40,4,68.2,65.2,303.7,78.3,79.9,0.092,LOW,73.0,HIGH,1
85.9,0,2,0.018,45,7,83.6,61.1,350.7,68.7,87.8,-0.102,LOW,81.7,HIGH,1
93.4,0,2,0.289,49,3,98.0,70.5,10.0,82.8,65.9,-0.134,LOW,77.9,HIGH,-1
83.3,0,4,0.245,39,8,81.2,85.1,371.6,97.9,79.0,0.175,LOW,82.7,HIGH,1
97.8,1,5,0.004,56,1,98.0,98.9,496.9,97.7,95.1,-0.199,LOW,97.7,HIGH,1
96.5,0,2,-0.295,44,2,45.1,72.5,368.0,92.1,60.4,0.392,LOW,62.7,HIGH,1
83.7,0,2,0.905,41,8,66.9,78.1,330.3,86.5,66.2,-0.384,LOW,74.9,HIGH,1
96.1,0,2,0.155,47,2,73.1,99.0,465.7,100.0,97.0,-0.515,LOW,92.4,HIGH,1
80.5,0,1,0.346,40,10,73.3,83.8,326.7,76.9,63.1,-0.077,LOW,76.6,HIGH,1
69.1,2,0,-0.105,35,16,80.5,65.3,371.8,52.7,64.7,0.091,MEDIUM,67.7,HIGH,1
56.1,3,3,0.201,29,23,85.2,74.4,288.4,64.7,78.4,-0.352,MEDIUM,77.7,MEDIUM,1
89.7,0,4,-0.218,42,5,90.6,89.3,427.7,78.9,90.7,0.085,LOW,91.7,HIGH,1
86.0,0,3,0.209,48,8,76.3,70.3,360.8,73.3,91.4,0.021,LOW,81.9,MEDIUM,1
92.8,0,2,0.004,49,4,75.2,57.7,348.8,69.1,72.9,0.273,LOW,74.3,HIGH,1
88.1,0,3,-0.225,49,7,97.2,71.3,351.9,82.7,90.1,-0.004,LOW,89.3,HIGH,1
54.7,2,2,0.141,32,26,44.5,62.3,273.3,73.2,59.6,-0.02,MEDIUM,54.8,MEDIUM,1
68.2,2,4,-0.533,37,18,73.8,58.8,366.0,75.1,70.5,0.123,MEDIUM,69.8,MEDIUM,1
86.6,0,3,0.245,42,6,92.7,75.2,428.2,78.9,85.0,0.098,LOW,83.9,HIGH,1
97.9,1,6,0.606,58,1,80.3,99.0,416.5,79.0,82.4,-0.015,LOW,88.8,HIGH,1
98.0,0,1,0.599,48,1,87.8,88.3,361.4,83.3,87.3,-0.306,LOW,89.3,HIGH,1
84.6,0,3,-0.177,41,7,61.2,66.4,357.4,63.8,74.4,0.102,LOW,71.7,MEDIUM,1
79.0,0,4,0.392,32,8,80.5,63.6,373.7,71.5,73.5,0.278,LOW,73.4,MEDIUM,1
60.0,2,1,-0.073,25,17,65.8,76.2,379.2,75.5,69.5,-0.36,MEDIUM,71.7,HIGH,1
81.8,0,3,-0.254,41,9,82.4,75.1,359.7,94.6,76.9,-0.244,LOW,76.0,HIGH,1
72.5,3,2,-0.457,33,13,65.9,77.0,314.6,75.5,70.0,-0.163,HIGH,63.3,MEDIUM,1
95.8,0,2,0.102,55,2,69.6,86.6,403.3,70.6,79.1,0.196,LOW,76.3,HIGH,1
68.2,0,1,0.113,35,17,82.3,70.0,341.1,57.8,71.0,0.084,LOW,73.1,MEDIUM,1
74.4,1,3,0.973,42,15,85.7,97.4,360.9,82.3,93.9,-0.259,LOW,90.6,HIGH,1
94.3,0,2,-0.082,52,3,88.9,78.0,372.5,99.1,86.0,0.038,LOW,84.4,HIGH,1
59.0,6,1,-0.195,32,23,69.3,53.5,318.2,68.4,70.4,-0.135,HIGH,58.9,MEDIUM,1
87.2,0,2,-0.212,43,6,49.7,80.9,336.1,68.3,67.0,-0.089,LOW,65.7,MEDIUM,1
74.8,1,4,0.576,36,12,86.9,73.4,315.0,62.1,76.6,-0.166,LOW,80.9,MEDIUM,1
87.2,0,3,0.196,41,6,84.3,82.8,371.1,63.5,80.8,-0.194,LOW,81.9,MEDIUM,1
93.7,0,3,0.232,54,4,97.0,77.7,381.5,88.9,81.0,-0.37,LOW,88.2,HIGH,1
77.0,0,6,0.139,32,10,98.0,70.5,10.0,68.8,60.9,0.156,LOW,69.7,MEDIUM,-1
70.3,1,1,-0.151,34,14,78.0,84.6,400.0,71.6,78.0,0.579,LOW,76.5,HIGH,1
55.2,4,3,0.023,23,18,69.7,74.4,262.8,74.6,84.2,-0.014,HIGH,73.8,MEDIUM,1
89.3,0,2,0.409,52,6,38.6,77.8,327.7,73.7,59.4,0.114,LOW,63.1,HIGH,1
65.0,2,1,0.134,31,16,66.3,72.8,312.6,62.4,61.3,0.089,LOW,63.9,MEDIUM,1
95.7,0,2,0.418,55,2,82.8,87.5,468.1,89.7,75.7,0.127,LOW,88.3,HIGH,1
74.0,0,2,-0.186,35,12,60.4,72.7,325.2,72.3,82.6,-0.232,LOW,72.2,MEDIUM,1
85.3,0,2,0.041,38,6,83.3,65.2,340.3,82.4,79.7,-0.051,LOW,79.9,MEDIUM,1
52.9,2,2,-0.12,24,21,64.2,40.4,380.3,43.8,47.4,-0.084,MEDIUM,59.9,MEDIUM,1
79.0,0,0,-0.089,39,10,66.7,82.4,388.7,81.8,67.4,0.176,LOW,76.9,HIGH,1
89.7,0,3,-0.243,48,6,73.5,76.4,289.0,77.7,64.2,0.044,LOW,72.2,MEDIUM,1
73.1,2,5,0.016,31,12,51.6,86.9,321.3,77.5,64.1,0.258,MEDIUM,68.7,MEDIUM,1
71.2,3,1,0.146,30,12,75.9,58.2,384.8,65.2,72.2,0.089,MEDIUM,71.9,HIGH,1
74.1,2,4,1.0,36,12,75.8,77.6,350.6,71.5,85.9,0.312,LOW,78.3,HIGH,1
73.5,0,5,0.489,40,15,70.2,61.3,354.4,75.6,59.6,0.221,LOW,64.7,MEDIUM,1
82.3,0,0,-0.115,45,10,72.8,78.9,363.5,80.6,71.3,0.001,LOW,73.5,HIGH,1
79.2,1,0,-0.119,43,11,83.5,69.6,354.9,64.3,81.4,-0.362,LOW,73.6,HIGH,1
41.6,4,3,-0.571,20,28,57.6,39.3,190.0,49.0,59.3,0.163,HIGH,50.8,LOW,1
87.6,0,2,0.326,49,7,88.6,86.5,385.3,81.3,95.1,0.29,LOW,86.6,HIGH,1
79.0,0,1,-0.015,40,11,77.0,79.8,269.3,74.7,65.3,0.03,LOW,73.5,HIGH,1
83.6,0,4,0.06,39,8,87.9,82.5,462.2,86.7,86.8,-0.009,LOW,83.8,HIGH,1
75.6,0,4,-0.044,40,13,83.1,86.8,364.6,77.7,87.3,-0.031,LOW,79.6,HIGH,1
90.4,1,2,0.788,52,5,91.7,88.5,361.9,87.6,95.5,-0.02,LOW,92.1,HIGH,1
53.3,2,2,0.141,27,24,54.4,60.1,266.1,65.4,58.3,0.009,MEDIUM,56.5,MEDIUM,1
94.9,0,3,-0.199,50,3,90.6,99.0,473.7,92.3,95.5,0.267,LOW,96.4,HIGH,1
85.6,0,2,-0.243,51,8,77.8,84.5,408.3,64.2,90.2,-0.078,LOW,80.2,HIGH,1
69.8,0,2,0.112,31,13,68.3,61.4,285.2,75.5,66.4,0.152,LOW,67.5,MEDIUM,1
73.6,1,4,-0.186,29,11,98.0,70.3,10.0,57.0,69.8,0.143,LOW,69.3,MEDIUM,-1
82.6,0,1,0.494,43,9,80.3,70.7,411.5,67.3,76.9,0.065,LOW,78.7,HIGH,1
89.2,0,3,0.318,47,6,56.3,99.0,328.4,87.1,69.0,0.327,LOW,77.3,HIGH,1
80.1,0,3,-0.176,33,8,79.2,85.6,384.0,80.9,71.9,-0.297,LOW,75.9,HIGH,1
94.1,0,3,0.296,52,3,86.1,85.0,392.0,73.4,82.8,-0.32,LOW,88.1,HIGH,1
80.4,0,4,0.222,35,9,88.0,72.2,379.8,77.7,87.4,-0.173,LOW,84.4,HIGH,1
80.0,0,1,-0.374,32,8,76.6,95.9,410.5,92.7,87.2,-0.103,LOW,84.8,HIGH,1
56.3,3,0,-0.248,29,22,79.6,77.6,284.8,66.7,78.6,0.145,MEDIUM,72.6,MEDIUM,1
93.9,0,2,-0.007,54,4,77.3,77.8,333.9,80.8,77.7,-0.059,LOW,85.5,HIGH,1
84.9,0,4,0.21,42,7,71.3,79.2,459.8,90.0,62.1,-0.118,LOW,77.3,HIGH,1
79.2,0,1,0.05,40,11,93.8,81.1,376.4,75.1,96.3,0.367,LOW,88.7,HIGH,1
72.6,0,1,0.213,42,16,64.4,64.9,341.6,50.3,52.0,-0.041,LOW,64.2,MEDIUM,1
58.7,3,1,-0.435,32,23,37.7,58.8,337.7,64.0,39.1,0.088,HIGH,47.1,MEDIUM,1
88.7,0,0,0.064,50,6,98.0,99.0,440.9,85.7,96.5,-0.025,LOW,98.1,HIGH,1
82.0,0,2,-0.296,43,9,96.3,76.3,396.2,72.8,92.7,0.462,LOW,85.4,MEDIUM,1
68.0,1,2,-0.371,31,15,67.1,67.4,322.2,82.1,78.9,0.123,MEDIUM,72.1,HIGH,1
74.7,3,3,-0.026,31,11,71.6,81.8,421.6,69.6,82.3,0.185,MEDIUM,72.1,MEDIUM,1
72.9,0,6,-0.331,32,12,65.4,62.3,366.2,63.8,71.0,-0.099,LOW,69.5,MEDIUM,1
84.0,0,4,0.118,36,7,98.0,77.9,387.9,72.0,93.2,0.413,LOW,88.7,HIGH,1
87.8,0,1,0.586,47,7,97.4,92.6,452.2,92.4,75.1,0.184,LOW,91.8,HIGH,1
72.6,0,1,-0.113,41,15,64.8,57.2,305.8,74.5,67.3,-0.205,LOW,70.2,MEDIUM,1
77.4,8,3,-0.95,39,12,75.4,68.2,367.5,78.4,81.3,0.061,LOW,74.7,HIGH,-1
93.8,0,3,0.185,50,3,98.0,79.8,459.6,85.9,80.2,0.433,LOW,89.6,HIGH,1
74.0,0,1,-0.489,32,11,98.0,65.7,10.0,73.7,87.1,0.385,LOW,81.0,HIGH,-1
58.6,4,4,0.49,33,23,69.4,77.9,282.0,73.7,62.0,-0.547,MEDIUM,72.3,MEDIUM,1
72.9,0,3,-0.174,36,14,78.4,85.2,328.6,87.1,86.0,-0.042,LOW,77.7,HIGH,1
58.0,3,4,-0.243,26,19,64.7,70.6,243.7,83.8,61.3,-0.023,MEDIUM,64.5,MEDIUM,1
93.9,0,2,0.215,40,3,76.2,81.4,401.8,88.6,94.8,-0.006,LOW,86.9,HIGH,1
63.7,0,1,-0.26,33,19,75.6,84.6,320.0,69.2,84.8,-0.274,LOW,81.1,MEDIUM,1
96.9,0,3,0.345,57,2,98.0,79.5,450.9,68.6,91.9,0.041,LOW,92.7,HIGH,1
55.9,4,0,0.118,30,24,54.0,66.5,286.6,71.7,60.6,-0.142,HIGH,57.9,MEDIUM,1
81.8,0,0,-0.171,47,10,80.0,79.2,353.9,89.2,85.3,0.343,LOW,80.6,HIGH,1
80.6,0,0,0.033,45,11,78.9,71.7,403.2,71.4,81.7,-0.063,LOW,77.1,MEDIUM,1
85.5,0,0,-0.102,50,8,63.3,76.5,363.6,80.7,71.1,-0.431,LOW,74.7,HIGH,1
82.0,8,3,-0.95,40,9,78.1,66.0,313.7,80.3,66.8,0.3,LOW,71.3,HIGH,-1
76.3,0,4,0.133,34,10,72.9,85.8,363.7,67.4,83.0,-0.249,LOW,77.0,HIGH,1
74.9,2,3,0.399,38,13,69.0,54.0,314.4,50.2,61.9,0.242,LOW,63.7,MEDIUM,1
88.5,1,2,-0.385,48,6,97.7,80.5,310.3,78.9,79.9,-0.352,LOW,92.4,HIGH,1
85.6,0,3,0.055,37,6,74.6,71.3,448.1,71.5,73.4,-0.297,LOW,78.7,HIGH,1
75.2,0,0,-0.154,35,12,63.5,72.2,257.5,86.0,65.1,-0.418,LOW,67.5,MEDIUM,1
91.6,1,3,0.289,54,5,90.8,61.2,377.7,76.7,82.5,0.045,LOW,83.2,MEDIUM,1
81.1,0,2,0.261,45,11,80.8,87.3,363.2,89.5,80.8,0.396,LOW,85.5,HIGH,1
75.1,0,0,0.394,34,11,75.3,70.4,356.4,56.4,70.2,-0.404,LOW,66.3,MEDIUM,1
90.7,1,3,-0.276,50,5,90.6,86.7,420.0,84.3,91.9,-0.213,LOW,87.3,HIGH,1
86.8,0,6,0.204,38,6,78.6,79.3,371.0,77.7,82.8,0.322,LOW,90.9,HIGH,1
78.1,0,3,0.076,41,12,72.1,73.1,288.1,77.0,61.3,0.39,LOW,74.7,MEDIUM,1
61.4,2,3,-0.749,25,16,58.4,71.7,308.6,74.5,62.7,0.082,HIGH,69.3,MEDIUM,1
85.2,0,2,-0.355,48,8,89.6,66.5,354.9,72.7,82.9,-0.127,LOW,82.6,MEDIUM,1
53.4,4,0,-0.387,24,21,80.5,64.1,326.3,70.2,69.4,0.129,HIGH,69.4,MEDIUM,1
71.1,0,1,0.1,36,14,98.0,57.8,398.3,66.1,87.3,0.009,LOW,77.6,HIGH,1
79.4,1,3,0.463,33,8,84.6,65.5,377.6,67.5,78.5,0.191,LOW,83.5,MEDIUM,1
86.9,0,3,0.009,35,5,98.0,73.8,371.5,77.0,87.7,0.008,LOW,89.0,HIGH,1
78.7,0,1,0.21,35,9,68.4,68.0,330.6,55.7,64.6,-0.135,LOW,71.2,MEDIUM,1
96.4,0,3,0.126,45,2,74.3,85.3,475.2,96.6,75.4,-0.251,LOW,88.3,HIGH,1
59.1,5,1,-0.528,25,18,52.0,52.8,270.0,59.0,62.5,-0.195,HIGH,54.1,MEDIUM,1
63.2,0,1,-0.393,37,21,68.5,74.8,248.2,74.4,81.1,0.067,MEDIUM,70.7,MEDIUM,1
72.9,1,2,0.108,32,12,69.0,94.6,362.9,91.6,72.1,-0.232,LOW,81.2,HIGH,1
75.2,0,1,-0.272,33,11,94.6,84.0,351.6,64.3,88.7,0.251,LOW,83.9,MEDIUM,1
79.0,0,3,0.273,43,12,71.4,79.9,401.9,58.0,68.1,-0.233,LOW,69.4,HIGH,1
98.7,0,4,0.534,56,1,98.0,78.7,10.0,97.9,80.4,-0.038,LOW,87.3,HIGH,-1
72.8,1,7,0.581,36,14,83.0,74.5,368.0,66.4,82.0,-0.633,LOW,79.8,MEDIUM,1
52.7,3,1,-0.043,30,26,76.3,69.3,375.7,63.9,75.0,0.013,HIGH,66.9,MEDIUM,1
78.3,0,3,0.202,33,9,82.2,86.4,399.7,76.9,64.8,0.128,LOW,80.0,HIGH,1
70.3,0,0,-0.457,40,17,81.1,88.6,374.8,79.2,91.8,0.2,MEDIUM,82.7,HIGH,1
93.5,0,4,-0.204,40,3,92.9,76.0,391.0,91.1,83.2,0.056,LOW,86.1,HIGH,1
75.6,0,6,-0.313,44,14,98.0,58.6,345.0,59.7,75.8,0.031,LOW,79.1,MEDIUM,1
64.6,3,1,-0.393,31,17,46.7,73.9,262.1,84.1,52.3,0.017,MEDIUM,65.4,MEDIUM,1
61.9,2,1,-0.02,27,17,60.0,66.5,317.2,63.8,71.4,-0.141,MEDIUM,63.9,MEDIUM,1
80.0,0,2,0.179,34,9,95.2,66.2,383.1,86.7,89.9,0.085,LOW,91.6,HIGH,1
76.1,0,1,0.212,42,13,73.8,68.3,287.2,54.3,72.4,0.453,LOW,72.0,MEDIUM,1
77.7,0,2,0.242,38,11,84.4,64.7,398.2,65.5,77.6,0.243,LOW,73.8,HIGH,1
66.0,2,4,-0.474,32,16,40.0,71.5,277.3,60.2,44.6,0.113,HIGH,62.0,MEDIUM,1
83.1,0,0,0.032,46,9,69.1,97.2,376.9,76.8,85.6,0.002,LOW,78.7,MEDIUM,1
93.0,0,2,0.164,55,4,60.7,82.7,358.7,95.4,75.6,0.029,LOW,69.8,HIGH,1
50.5,4,3,0.084,28,28,53.2,59.3,258.7,51.1,66.8,0.283,HIGH,59.0,LOW,1
62.8,1,2,-0.289,36,21,63.3,79.3,324.5,79.8,71.2,0.242,LOW,78.0,MEDIUM,1
74.1,2,3,0.03,40,14,76.5,76.5,332.4,81.2,85.2,0.258,LOW,76.1,HIGH,1
92.1,0,7,-0.315,54,5,97.7,87.1,389.9,95.7,86.5,0.457,LOW,92.6,HIGH,1
94.5,0,4,-0.144,45,3,91.8,99.0,368.9,78.7,93.3,0.182,LOW,91.0,HIGH,1
66.5,2,2,-0.182,30,15,76.6,52.1,328.9,67.6,76.1,0.449,MEDIUM,67.7,MEDIUM,1
95.6,0,5,0.049,43,2,78.1,69.5,413.8,91.3,80.8,0.703,LOW,77.7,HIGH,1
95.6,0,2,-0.34,48,2,69.3,80.2,426.8,93.4,84.9,-0.372,LOW,84.0,HIGH,1
86.8,0,2,-0.346,51,8,77.4,92.7,412.4,86.3,78.0,0.032,LOW,88.1,HIGH,1
78.2,0,1,-0.221,33,9,64.8,73.1,341.9,61.8,74.8,-0.176,LOW,66.4,MEDIUM,1
77.3,0,2,0.016,39,12,63.1,82.8,345.7,79.5,62.3,0.005,LOW,76.1,MEDIUM,1
76.1,0,2,0.392,41,13,56.4,60.9,393.9,74.4,47.3,0.494,LOW,58.0,MEDIUM,1
63.9,0,3,-0.172,29,17,68.1,76.8,337.5,67.3,74.5,0.404,LOW,71.6,MEDIUM,1
67.5,0,2,-0.538,39,18,71.1,71.4,335.7,69.9,84.6,0.103,MEDIUM,75.7,HIGH,1
68.7,2,3,-0.463,37,17,84.5,63.5,309.2,75.6,88.1,0.125,MEDIUM,75.6,MEDIUM,1
68.2,0,2,-0.105,32,15,84.7,83.9,328.3,77.6,77.9,-0.13,LOW,75.6,MEDIUM,1
55.7,3,4,-0.148,27,21,70.9,73.6,233.1,78.6,72.6,0.334,MEDIUM,66.0,MEDIUM,1
94.9,0,2,-0.106,51,3,98.0,84.0,445.5,88.3,84.2,-0.119,LOW,94.6,HIGH,1
74.6,0,6,-0.592,41,14,65.3,72.1,304.2,71.9,69.8,0.185,MEDIUM,73.8,MEDIUM,1
61.9,3,1,-0.158,37,22,62.2,52.4,256.4,68.2,65.5,-0.137,MEDIUM,55.0,MEDIUM,1
48.8,4,1,-0.352,21,21,57.3,57.8,271.6,63.7,57.1,-0.141,HIGH,61.2,MEDIUM,1
88.4,0,3,0.62,39,5,76.4,65.6,427.8,75.3,75.3,0.283,LOW,73.3,HIGH,1
68.7,1,4,-0.353,29,13,50.2,71.4,270.0,81.2,54.7,-0.062,MEDIUM,59.6,MEDIUM,1
78.5,0,3,0.093,32,9,67.5,79.0,334.0,68.0,68.1,0.085,LOW,74.3,MEDIUM,1
62.3,3,5,-0.314,26,15,71.6,73.9,300.9,67.1,66.5,-0.074,MEDIUM,61.8,MEDIUM,1
84.1,0,5,0.231,36,7,90.9,78.5,453.1,99.0,80.0,0.102,LOW,86.2,HIGH,1
80.4,0,3,0.219,34,8,60.3,92.1,294.9,95.0,84.1,0.03,LOW,77.2,HIGH,1
44.6,4,5,-0.585,21,27,43.7,46.0,125.5,58.9,51.8,0.077,HIGH,48.6,LOW,1
88.1,1,0,-0.299,45,6,67.9,79.8,388.2,74.7,59.9,0.101,LOW,73.7,HIGH,1
90.4,0,3,0.431,43,5,86.4,93.2,301.1,72.9,90.9,0.381,LOW,92.6,HIGH,1
76.2,0,3,-0.041,44,14,62.5,80.6,293.1,75.6,73.1,-0.124,LOW,69.1,MEDIUM,1
70.4,0,0,0.264,36,15,54.3,66.1,385.5,73.4,73.3,0.68,LOW,66.4,HIGH,1
89.3,1,5,-0.003,49,6,63.4,87.4,365.1,95.2,63.8,-0.085,LOW,75.3,HIGH,1
81.4,0,3,-0.46,33,7,73.3,71.8,377.5,67.4,77.6,-0.147,LOW,68.9,MEDIUM,1
77.2,1,2,0.519,38,11,74.2,75.5,389.7,77.8,74.5,-0.024,LOW,73.1,HIGH,1
71.6,2,1,0.337,35,14,81.2,78.9,291.2,72.8,82.2,0.169,LOW,78.9,MEDIUM,1
79.2,0,4,0.263,34,9,83.5,61.0,383.9,72.3,81.1,-0.229,LOW,75.9,HIGH,1
93.6,0,2,-0.185,47,3,95.3,92.4,355.2,93.1,77.7,0.296,LOW,89.4,HIGH,1
83.4,0,2,0.314,42,8,77.1,86.0,343.3,80.5,83.8,-0.019,LOW,78.9,HIGH,1
60.1,1,5,-0.168,30,20,55.4,49.1,280.0,53.8,60.0,-0.56,MEDIUM,55.5,MEDIUM,1
76.6,0,3,-0.114,34,11,77.3,40.6,319.6,60.5,68.4,0.27,LOW,71.1,MEDIUM,1
79.1,0,5,0.019,43,11,59.4,54.7,331.8,72.8,52.6,-0.065,LOW,61.4,MEDIUM,1
77.6,0,6,0.079,32,9,80.2,75.4,397.5,80.5,77.8,-0.115,LOW,73.8,HIGH,1
73.7,3,5,-0.076,31,11,77.1,91.6,316.6,72.8,91.7,0.208,MEDIUM,91.6,HIGH,1
75.7,0,6,0.194,33,11,88.2,82.6,392.4,68.5,85.4,-0.005,LOW,75.1,HIGH,1
49.2,5,3,0.009,25,25,71.8,73.6,240.1,71.9,78.7,-0.181,HIGH,75.1,MEDIUM,1
80.1,0,1,-0.038,41,10,82.1,85.0,419.7,70.4,86.4,-0.118,LOW,83.0,HIGH,1
66.5,1,2,-0.282,28,14,48.1,74.1,316.5,66.1,67.1,-0.302,MEDIUM,61.0,MEDIUM,1
56.8,2,2,-0.283,27,21,58.7,43.7,307.0,53.6,67.8,0.059,MEDIUM,54.3,MEDIUM,1
88.4,0,3,0.349,37,5,87.4,91.8,436.5,87.4,73.6,0.214,LOW,85.9,HIGH,1
89.6,0,3,0.155,37,4,98.0,74.6,504.8,80.3,84.6,0.478,LOW,87.0,HIGH,1
73.0,1,3,0.409,33,12,80.3,61.8,362.4,74.2,75.0,-0.36,LOW,79.4,MEDIUM,1
95.2,0,3,-0.097,43,2,67.2,79.1,352.7,97.2,86.9,0.084,LOW,76.3,MEDIUM,1
92.2,0,2,0.097,52,4,98.0,89.9,451.9,87.3,100.0,-0.077,LOW,94.0,HIGH,1
83.1,0,0,0.273,39,8,78.3,77.7,382.4,71.9,82.1,0.133,LOW,78.9,HIGH,1
68.1,3,1,-0.039,27,13,75.9,72.1,342.8,73.3,79.1,0.036,MEDIUM,73.6,MEDIUM,1
78.2,0,4,-0.013,37,10,82.0,74.9,381.1,74.0,72.9,-0.285,LOW,84.0,HIGH,1
69.4,0,2,-0.26,37,17,98.0,84.8,10.0,73.1,75.0,-0.083,LOW,71.2,MEDIUM,-1
85.7,0,4,-0.146,49,8,68.6,61.3,330.1,79.6,56.6,0.095,LOW,65.8,HIGH,1
68.1,0,3,-0.829,35,17,72.8,70.7,272.9,61.0,74.0,-0.047,MEDIUM,78.0,MEDIUM,1
71.8,0,2,0.006,34,13,61.8,78.7,414.0,70.9,72.2,-0.435,LOW,68.0,HIGH,1
82.7,0,2,0.007,49,10,70.5,79.5,440.6,78.3,80.6,-0.066,LOW,77.3,HIGH,1
93.9,1,1,-0.026,54,3,78.8,96.3,499.4,97.7,73.9,0.191,LOW,83.9,HIGH,1
61.9,1,3,-0.574,32,20,44.7,70.0,341.7,72.7,53.4,0.229,MEDIUM,56.1,MEDIUM,1
56.4,5,2,-0.081,30,23,72.0,61.8,295.1,70.1,61.0,0.259,HIGH,67.0,MEDIUM,1
74.5,0,5,0.307,40,14,87.4,67.0,321.9,66.0,89.9,-0.004,LOW,79.8,MEDIUM,1
81.9,0,2,0.081,37,8,83.3,60.8,383.1,85.8,88.4,-0.123,LOW,76.7,MEDIUM,1
84.8,0,2,-0.144,34,6,54.1,71.7,417.8,75.0,68.4,0.115,LOW,68.5,HIGH,1
71.3,0,2,-0.073,33,13,76.2,59.9,354.7,72.2,63.0,-0.019,LOW,74.1,MEDIUM,1
90.5,1,1,0.091,36,4,94.3,79.6,421.0,84.6,88.3,-0.321,LOW,85.6,HIGH,1
71.2,0,3,0.355,38,16,65.7,53.0,332.7,58.8,67.3,-0.226,LOW,66.0,MEDIUM,1
61.5,2,2,-0.648,28,17,70.1,68.5,312.2,64.4,72.6,0.172,MEDIUM,63.6,MEDIUM,1
63.6,2,0,-0.417,28,16,74.2,64.4,318.7,70.9,75.6,-0.042,MEDIUM,66.7,MEDIUM,1
79.6,0,1,0.144,41,10,65.4,87.8,332.6,86.3,75.1,-0.234,LOW,77.0,HIGH,1
76.5,1,4,0.327,32,10,63.4,80.1,390.4,80.4,72.0,-0.183,LOW,70.8,HIGH,1
88.9,0,1,-0.296,52,7,56.1,91.8,318.2,96.5,62.2,0.12,LOW,80.3,HIGH,1
58.9,2,2,-0.471,31,22,58.2,67.1,291.0,75.6,69.1,-0.442,HIGH,66.1,MEDIUM,1
67.7,0,1,-0.947,30,15,58.7,79.8,290.5,72.5,54.8,0.002,MEDIUM,69.2,MEDIUM,1
79.0,0,0,0.493,34,9,71.7,76.1,310.1,70.7,80.3,0.136,LOW,82.7,MEDIUM,1
89.4,0,2,-0.232,48,6,91.0,71.7,386.7,70.3,67.8,0.26,LOW,78.7,MEDIUM,1
85.5,1,4,0.249,48,8,87.6,73.5,359.0,82.4,91.0,0.028,LOW,80.7,HIGH,1
92.8,0,4,0.529,41,3,67.7,87.4,335.2,98.4,74.9,-0.454,LOW,81.6,HIGH,1
64.7,3,4,0.171,29,16,63.8,74.0,320.0,72.3,65.8,0.156,MEDIUM,67.7,MEDIUM,1
92.5,1,0,-0.441,45,4,82.9,84.1,463.4,84.3,91.2,0.115,LOW,87.0,HIGH,1
77.3,0,4,0.404,37,11,42.8,75.6,268.9,84.4,61.5,0.384,LOW,61.4,MEDIUM,1
79.6,1,4,0.344,34,9,74.2,78.2,340.4,71.4,72.7,0.4,LOW,73.0,MEDIUM,1
66.5,2,1,0.038,32,16,65.4,61.5,303.7,65.4,76.6,0.033,MEDIUM,65.6,MEDIUM,1
96.1,0,3,-0.562,45,2,80.2,84.8,420.1,78.9,81.6,-0.219,LOW,82.7,HIGH,1
67.4,1,4,-0.428,28,14,72.7,67.1,338.6,74.1,71.9,0.161,LOW,74.1,MEDIUM,1
73.8,1,2,-0.41,44,15,58.3,71.5,347.3,64.1,66.7,0.264,MEDIUM,66.3,MEDIUM,1
72.0,0,1,-0.043,29,11,77.0,53.2,298.3,73.0,72.3,0.041,MEDIUM,73.0,MEDIUM,1
83.1,0,1,0.342,49,10,78.8,81.3,311.0,77.6,80.8,-0.028,LOW,77.2,MEDIUM,1
60.6,1,4,0.336,27,17,98.0,53.7,10.0,76.4,80.2,0.434,MEDIUM,70.8,MEDIUM,-1
92.1,0,1,0.356,39,3,81.2,68.2,374.7,61.3,75.2,-0.199,LOW,76.0,HIGH,1
76.3,1,3,0.221,33,10,90.1,78.4,357.1,79.0,91.9,-0.097,LOW,83.3,HIGH,1
96.6,0,3,-0.054,56,2,98.0,66.9,395.3,83.5,80.3,0.132,LOW,90.0,HIGH,1
79.8,0,4,-0.066,43,11,79.4,83.7,367.5,76.8,81.6,-0.044,LOW,85.9,MEDIUM,1
84.4,0,2,0.226,49,9,76.2,70.2,388.8,93.5,77.5,0.097,LOW,82.1,HIGH,1
68.8,1,1,-0.284,38,17,61.2,76.6,346.8,85.7,62.9,0.267,MEDIUM,65.0,MEDIUM,1
91.3,8,3,-0.95,43,4,84.2,67.7,371.9,83.7,77.4,-0.271,LOW,83.1,HIGH,-1
96.3,0,4,0.06,51,2,98.0,78.1,440.7,80.9,94.8,-0.113,LOW,88.5,HIGH,1
31.2,6,0,0.188,14,30,54.3,61.7,249.0,48.7,53.2,0.428,HIGH,53.8,LOW,1
82.0,0,5,0.4,33,7,80.4,74.5,307.4,70.2,83.9,0.081,LOW,75.3,MEDIUM,1
75.6,0,1,-0.155,44,14,91.4,64.7,350.6,75.1,86.0,-0.0,LOW,81.1,MEDIUM,1
68.6,0,2,-0.021,30,14,91.4,75.4,305.6,58.8,84.8,-0.096,LOW,77.1,MEDIUM,1
74.7,3,2,0.177,31,11,72.4,48.2,356.9,64.9,62.9,0.218,MEDIUM,68.5,HIGH,1
76.0,0,5,-0.117,43,13,78.2,85.5,430.0,80.7,74.6,-0.193,LOW,75.7,MEDIUM,1
72.7,1,2,0.721,33,13,61.2,61.5,296.4,60.0,75.5,0.253,LOW,67.2,MEDIUM,1
88.9,0,4,0.191,50,6,82.3,95.0,448.4,92.4,83.1,-0.102,LOW,89.7,HIGH,1
80.4,0,2,0.206,42,10,81.7,83.4,413.7,77.3,72.1,-0.196,LOW,78.3,MEDIUM,1
93.9,0,4,0.337,50,3,82.1,79.3,410.7,84.5,72.7,-0.278,LOW,81.0,HIGH,1
76.9,0,1,0.271,39,12,66.0,78.9,325.3,76.6,73.1,0.001,LOW,74.1,HIGH,1
85.7,0,1,0.394,43,7,68.4,60.4,345.9,69.2,63.0,0.025,LOW,72.2,MEDIUM,1
62.1,8,6,-0.95,25,15,77.5,60.1,389.3,61.5,62.4,-0.212,MEDIUM,72.8,MEDIUM,-1
72.7,1,2,0.521,31,11,76.7,67.7,317.2,75.5,67.8,-0.155,LOW,75.5,HIGH,1
60.1,2,2,-0.132,31,20,66.1,70.6,317.0,76.2,76.4,-0.482,MEDIUM,71.9,MEDIUM,1
78.1,0,2,0.174,37,11,58.2,74.8,301.0,82.6,71.7,-0.076,LOW,71.3,HIGH,1
84.7,0,4,-0.124,35,6,76.9,75.1,312.8,87.0,66.5,0.638,LOW,76.4,HIGH,1
74.7,3,0,-0.171,40,13,68.3,68.9,305.8,60.5,54.4,-0.52,MEDIUM,68.9,MEDIUM,1
60.0,8,1,-0.95,26,18,48.4,65.1,333.7,58.4,67.6,0.105,HIGH,58.3,MEDIUM,-1
73.9,3,2,-0.045,31,11,84.0,73.0,411.4,65.6,70.9,0.118,MEDIUM,78.2,HIGH,1
79.3,0,3,0.118,40,11,83.7,82.8,354.3,70.8,79.5,-0.086,LOW,73.2,HIGH,1
62.3,0,2,-0.655,32,19,68.4,71.8,417.4,65.3,70.6,0.055,MEDIUM,73.5,MEDIUM,1
77.4,1,1,0.63,36,10,55.6,79.2,383.8,68.0,53.8,-0.165,LOW,73.2,MEDIUM,1
60.5,0,4,-0.099,24,16,76.0,82.5,287.5,69.5,80.5,-0.154,LOW,70.5,MEDIUM,1
75.5,0,0,-0.216,32,10,75.3,78.8,341.2,71.6,67.3,0.169,LOW,78.2,HIGH,1
79.3,0,4,0.393,40,10,76.6,76.8,352.7,87.9,72.9,-0.594,LOW,81.1,HIGH,1
66.8,1,5,-0.403,35,17,70.7,77.4,296.2,71.4,88.2,-0.095,MEDIUM,74.9,MEDIUM,1
86.6,0,0,-0.132,42,7,69.3,77.3,393.2,94.3,70.5,0.102,LOW,69.2,HIGH,1
41.5,5,3,0.139,24,34,56.1,58.7,250.8,67.4,58.6,-0.042,HIGH,53.8,MEDIUM,1
79.9,0,5,-0.097,34,9,88.4,89.2,403.5,81.0,78.4,0.308,LOW,82.6,MEDIUM,1
74.6,0,3,0.115,33,11,54.1,75.3,339.8,74.1,46.0,0.046,LOW,68.5,MEDIUM,1
85.6,0,1,0.373,43,7,89.7,85.5,411.7,89.6,94.7,0.069,LOW,88.5,HIGH,1
86.5,0,1,0.454,42,6,83.0,91.4,354.6,74.5,91.5,0.109,LOW,87.8,HIGH,1
84.7,1,6,0.177,44,8,84.6,96.1,382.2,93.8,90.1,-0.213,LOW,91.7,HIGH,1
89.4,1,2,-0.418,50,6,77.7,62.4,389.2,87.9,72.9,0.142,LOW,75.5,HIGH,1
57.0,2,4,-0.57,31,23,61.7,49.0,277.1,50.9,61.0,0.451,MEDIUM,54.6,LOW,1
68.6,3,1,0.184,36,16,53.7,59.6,330.4,67.1,68.9,-0.459,HIGH,64.1,MEDIUM,1
69.2,1,1,0.009,35,15,65.5,53.8,320.7,59.7,68.9,-0.223,MEDIUM,64.5,MEDIUM,1
93.8,0,3,0.297,38,2,85.7,99.0,472.4,100.0,94.8,0.117,LOW,92.0,HIGH,1
84.4,0,2,-0.117,40,7,95.2,89.4,397.3,98.0,92.8,-0.047,LOW,89.5,HIGH,1
56.9,6,3,-0.552,25,19,66.6,60.2,353.8,51.3,57.2,-0.003,HIGH,53.0,MEDIUM,1
83.5,0,4,-0.325,46,9,60.6,78.8,342.3,80.6,63.3,0.072,LOW,75.9,HIGH,1
79.7,0,1,-0.058,34,9,74.4,67.8,371.2,76.9,49.9,-0.293,LOW,73.8,HIGH,1
76.7,0,6,0.214,45,13,66.4,62.3,353.1,76.2,63.8,-0.174,LOW,74.4,HIGH,1
56.5,2,2,0.186,32,25,62.5,43.1,227.3,49.6,50.6,0.089,HIGH,58.8,MEDIUM,1
63.5,0,3,-0.281,26,15,68.0,50.6,252.4,56.5,77.9,-0.123,LOW,67.1,LOW,1
93.6,0,4,0.092,49,3,98.0,89.9,440.3,100.0,95.2,-0.334,LOW,96.1,HIGH,1
97.5,0,0,0.381,54,1,88.3,78.2,378.9,72.8,97.5,-0.108,LOW,85.8,HIGH,1
75.9,0,1,-0.045,36,11,77.4,64.8,376.2,72.3,67.1,0.075,LOW,74.6,HIGH,1
82.8,0,3,0.056,48,10,82.0,95.7,442.1,82.2,94.2,0.436,LOW,87.5,HIGH,1
80.0,8,1,-0.95,34,8,67.9,79.9,317.7,76.2,75.8,-0.07,LOW,80.0,MEDIUM,-1
72.6,0,3,-0.056,42,16,89.5,85.0,353.4,91.9,94.3,0.056,LOW,86.3,HIGH,1
75.0,0,1,0.246,42,14,77.2,66.9,258.5,72.0,72.7,-0.261,LOW,73.3,MEDIUM,1
60.2,3,2,-0.212,29,19,62.2,78.2,213.2,82.2,68.0,-0.499,HIGH,64.6,MEDIUM,1
91.5,1,2,0.158,51,5,88.0,86.9,433.5,97.6,90.9,-0.261,LOW,93.9,HIGH,1
55.0,4,1,-0.547,22,18,79.4,50.7,307.3,66.2,72.0,-0.019,HIGH,62.6,MEDIUM,1
96.9,0,1,0.345,42,1,87.6,83.6,391.1,75.7,82.2,0.184,LOW,89.4,HIGH,1
43.5,2,1,0.255,23,31,56.9,40.0,135.0,48.3,44.5,-0.156,HIGH,52.4,LOW,1
94.9,0,2,0.322,48,3,83.1,80.2,393.9,94.4,92.5,-0.001,LOW,86.9,HIGH,1
69.1,3,0,-0.476,39,17,78.5,63.3,345.7,77.8,61.9,0.118,MEDIUM,71.3,MEDIUM,1
48.3,2,3,-0.72,25,26,64.9,65.9,319.8,61.9,69.4,-0.54,HIGH,57.4,MEDIUM,1
89.9,0,2,0.063,49,6,82.9,76.8,385.8,83.7,81.4,0.218,LOW,77.9,HIGH,1
80.0,0,2,0.277,42,10,73.1,88.4,466.9,74.7,60.2,-0.193,LOW,72.4,HIGH,1
80.4,0,2,-0.104,40,10,78.9,73.6,351.3,56.4,79.0,0.179,LOW,79.8,MEDIUM,1
83.7,0,2,0.004,45,9,60.1,79.4,302.2,74.0,67.9,0.169,LOW,68.1,MEDIUM,1
77.9,1,1,0.437,43,12,89.2,79.1,444.6,91.7,85.8,0.319,LOW,87.2,HIGH,1
60.2,0,4,-0.726,27,18,66.2,63.6,356.2,54.8,70.5,0.085,MEDIUM,60.0,MEDIUM,1
73.3,0,2,0.195,37,13,59.1,85.5,376.6,80.8,58.6,0.123,LOW,69.2,MEDIUM,1
76.8,0,3,-0.219,41,13,69.8,83.4,418.3,85.1,80.0,0.335,LOW,74.8,HIGH,1
52.7,5,1,0.005,23,21,71.0,67.4,313.6,57.9,65.4,-0.215,HIGH,63.8,MEDIUM,1
84.6,0,4,0.329,36,6,96.0,73.0,378.2,74.7,84.5,0.069,LOW,89.8,HIGH,1
73.3,1,0,0.088,30,11,78.0,61.5,274.0,66.0,72.8,0.018,LOW,64.1,MEDIUM,1
43.2,4,1,-0.162,17,23,64.6,59.6,249.7,55.9,73.7,0.376,HIGH,65.4,LOW,1
79.7,0,1,-0.173,43,11,70.5,74.6,316.1,81.0,71.8,-0.116,LOW,75.7,HIGH,1
73.8,0,1,0.353,30,11,95.2,64.7,370.9,75.0,78.2,0.257,LOW,75.6,HIGH,1
60.7,0,3,-0.13,36,23,63.4,64.4,210.9,56.9,74.3,0.022,LOW,67.2,MEDIUM,1
67.8,1,5,-0.265,31,14,69.9,58.4,256.6,76.4,59.9,-0.144,MEDIUM,63.5,MEDIUM,1
56.2,5,5,-0.484,29,22,64.3,81.4,303.8,69.4,67.4,0.314,HIGH,66.9,MEDIUM,1
65.6,2,2,-0.222,36,19,87.4,79.4,358.4,54.3,93.5,-0.058,MEDIUM,85.3,HIGH,1
52.3,4,3,-0.362,28,25,65.7,50.8,260.4,46.9,66.7,-0.168,HIGH,54.1,LOW,1
73.2,2,2,0.338,31,12,82.0,75.5,293.2,71.8,75.1,-0.195,LOW,76.8,MEDIUM,1
69.7,0,3,0.243,33,14,63.7,51.4,326.1,57.7,54.4,0.263,LOW,62.8,MEDIUM,1
56.5,5,0,-0.051,29,22,68.8,62.3,275.2,53.4,72.3,0.101,HIGH,61.8,MEDIUM,1
92.8,1,4,-0.006,49,4,75.5,79.6,373.5,83.0,67.8,-0.205,LOW,72.5,HIGH,1
66.0,1,2,0.186,39,20,61.3,61.9,353.6,76.7,72.7,0.063,MEDIUM,61.6,MEDIUM,1
94.8,0,3,-0.021,49,3,90.5,74.2,479.4,87.2,86.3,0.036,LOW,88.2,HIGH,1
69.5,1,3,-0.164,31,13,66.4,73.6,342.6,64.8,64.5,0.212,MEDIUM,60.8,MEDIUM,1
90.2,0,5,-0.025,46,5,72.6,75.8,399.2,95.6,78.4,0.325,LOW,72.0,HIGH,1
88.7,0,2,0.107,43,6,94.4,85.9,467.6,91.6,100.0,-0.169,LOW,93.2,HIGH,1
91.5,0,2,-0.42,53,5,71.3,94.5,381.5,81.1,83.8,-0.257,LOW,79.7,HIGH,1
85.2,0,2,-0.26,44,8,98.0,81.8,385.9,74.1,89.6,0.294,LOW,92.4,HIGH,1
72.8,2,3,0.081,35,13,84.2,86.3,359.4,77.8,88.4,0.039,MEDIUM,84.6,MEDIUM,1
88.5,0,3,0.188,44,6,98.0,72.3,451.7,83.1,100.0,0.143,LOW,87.9,HIGH,1
92.5,0,2,0.059,41,3,73.1,81.6,401.1,93.4,84.9,-0.064,LOW,84.5,HIGH,1
77.7,0,4,0.36,40,12,82.3,86.0,278.5,68.6,82.7,-0.062,LOW,82.1,HIGH,1
76.1,1,1,-0.537,37,12,75.7,72.1,396.9,74.1,75.5,-0.265,MEDIUM,74.6,HIGH,1
61.8,1,4,-0.107,35,22,77.2,70.7,337.4,69.9,79.3,0.27,LOW,73.4,MEDIUM,1
90.4,0,3,0.498,49,5,73.6,70.5,400.5,81.5,73.2,0.044,LOW,75.4,HIGH,1
41.5,2,6,-0.017,24,35,68.9,75.4,291.4,57.7,67.5,0.213,MEDIUM,65.5,MEDIUM,1
74.3,1,1,0.299,38,13,79.7,65.9,347.4,73.5,83.2,0.154,LOW,70.7,MEDIUM,1
63.6,3,1,0.048,27,16,64.9,70.5,317.2,74.0,71.6,-0.088,MEDIUM,75.4,MEDIUM,1
81.7,0,6,-0.263,36,8,57.8,69.8,374.5,62.4,71.3,0.217,MEDIUM,71.6,MEDIUM,1
72.9,3,2,-0.264,34,13,83.6,60.5,380.8,68.2,68.0,0.129,MEDIUM,74.0,MEDIUM,1
62.9,1,3,-0.344,28,16,64.9,72.5,268.7,52.2,67.8,0.155,LOW,70.2,MEDIUM,1
74.6,2,1,0.069,30,10,62.6,91.0,320.2,69.4,70.0,-0.353,LOW,77.6,HIGH,1
73.6,0,3,0.156,42,15,66.4,65.4,311.5,59.2,63.8,-0.502,LOW,66.7,MEDIUM,1
86.7,0,1,-0.262,50,8,86.0,68.5,388.8,68.9,78.4,-0.394,LOW,76.9,HIGH,1
84.4,0,0,0.022,49,9,75.4,72.1,425.3,81.0,68.3,0.494,LOW,71.3,HIGH,1
92.7,0,0,0.389,45,4,83.2,78.1,448.2,79.3,91.4,-0.108,LOW,87.7,HIGH,1
70.3,0,4,-0.007,34,14,73.5,75.7,369.6,80.4,71.3,-0.244,LOW,78.5,HIGH,1
79.5,0,1,-0.379,32,8,62.9,56.6,291.7,70.5,60.0,0.395,MEDIUM,62.8,MEDIUM,1
82.3,1,1,-0.373,49,10,83.2,88.3,363.4,84.9,84.8,0.139,LOW,85.9,HIGH,1
61.8,1,4,0.048,26,16,73.6,81.6,212.7,80.6,84.4,-0.198,LOW,79.3,MEDIUM,1
94.9,0,5,0.543,49,3,98.0,86.5,436.4,78.2,79.5,-0.421,LOW,93.4,HIGH,1
80.1,1,4,-0.133,36,9,83.0,65.0,363.4,74.5,81.2,0.043,LOW,79.3,MEDIUM,1
88.4,0,2,0.357,40,5,83.4,90.7,383.5,87.2,78.9,-0.125,LOW,93.9,HIGH,1
81.0,0,2,0.289,46,11,55.8,71.7,383.4,75.0,55.0,0.183,LOW,64.4,MEDIUM,1
39.7,5,2,-0.678,17,27,62.9,59.6,217.6,64.8,58.8,0.318,HIGH,56.7,MEDIUM,1
92.2,1,2,0.25,52,4,98.0,81.0,445.9,88.2,85.7,0.235,LOW,87.3,HIGH,1
68.7,1,3,-0.042,29,13,62.9,58.9,374.6,61.1,66.2,-0.097,MEDIUM,59.6,MEDIUM,1
93.8,0,4,0.013,41,3,98.0,99.0,10.0,85.9,59.8,-0.005,LOW,80.1,HIGH,-1
79.9,0,1,-0.021,34,8,66.5,62.8,392.1,71.0,60.1,0.27,LOW,63.4,MEDIUM,1
91.4,8,2,-0.95,48,4,89.8,81.3,441.0,92.6,93.8,-0.126,LOW,80.9,HIGH,-1
98.4,0,0,-0.134,53,1,79.5,85.7,390.2,93.6,90.1,-0.024,LOW,85.5,HIGH,1
70.8,1,1,0.451,40,16,61.4,72.4,333.6,74.7,62.8,0.532,LOW,66.0,HIGH,1
78.5,0,4,0.096,42,12,77.8,77.8,432.5,71.7,70.3,-0.215,LOW,80.6,MEDIUM,1
81.0,0,3,-0.03,36,8,78.2,76.5,364.6,74.7,73.2,0.195,LOW,71.9,HIGH,1
80.6,8,5,-0.95,43,10,92.1,80.2,379.4,61.3,89.1,0.032,LOW,80.2,MEDIUM,-1
59.0,4,3,0.05,29,21,59.4,56.6,290.6,67.7,65.2,-0.013,HIGH,57.7,MEDIUM,1
83.3,0,2,0.056,44,9,77.9,65.7,515.1,78.8,74.8,0.011,LOW,74.1,HIGH,1
79.6,1,2,-0.035,37,9,49.8,87.0,301.8,100.0,66.8,-0.43,LOW,65.6,HIGH,1
82.6,0,3,-0.376,35,7,69.9,81.9,350.4,82.8,77.7,0.178,LOW,77.6,HIGH,1
93.1,1,4,0.151,55,4,85.0,80.3,405.0,93.4,83.4,-0.185,LOW,86.8,HIGH,1
76.9,1,4,0.015,38,11,70.3,87.8,328.2,84.4,78.8,0.037,LOW,72.8,HIGH,1
67.9,1,2,-0.609,34,16,42.2,75.8,282.0,72.5,73.1,-0.127,MEDIUM,63.8,MEDIUM,1
99.1,0,1,0.23,45,0,92.0,91.9,376.9,95.0,86.5,-0.063,LOW,95.0,HIGH,1
48.3,3,2,-0.577,21,23,65.5,76.6,239.4,68.9,60.7,-0.147,HIGH,59.8,MEDIUM,1
90.3,1,3,-0.093,53,6,69.2,82.0,347.0,84.0,87.4,-0.052,LOW,84.6,HIGH,1
82.2,0,4,0.241,43,9,84.5,73.2,337.0,81.6,93.4,-0.314,LOW,85.7,HIGH,1
92.4,0,2,0.239,47,4,65.9,77.4,410.7,94.8,84.0,0.55,LOW,76.0,HIGH,1
91.3,0,1,0.124,53,5,71.9,60.0,422.6,76.7,66.0,-0.042,LOW,69.4,HIGH,1
63.6,1,3,-0.331,37,21,83.5,58.2,360.0,72.8,80.9,0.45,MEDIUM,66.7,MEDIUM,1
83.8,0,4,-0.043,37,7,92.5,85.3,387.3,92.3,92.9,-0.076,LOW,84.0,HIGH,1
72.1,2,1,-0.163,43,16,79.3,64.3,320.6,72.7,61.9,-0.039,LOW,69.3,MEDIUM,1
50.5,3,0,-0.336,24,24,52.9,58.6,266.4,66.1,54.0,-0.226,HIGH,54.0,MEDIUM,1
64.5,1,3,0.068,28,15,72.7,76.2,302.9,56.1,69.7,0.235,LOW,72.0,MEDIUM,1
82.2,0,4,-0.232,44,10,82.2,78.3,326.7,75.9,77.4,-0.215,LOW,83.2,HIGH,1
89.4,1,1,-0.675,38,4,58.8,82.1,428.3,83.2,73.7,-0.23,MEDIUM,70.3,HIGH,1
84.5,0,3,-0.123,39,7,64.6,91.5,279.2,86.6,68.7,0.03,LOW,76.9,HIGH,1
67.7,2,4,0.208,40,19,81.9,77.9,396.5,79.6,78.7,0.02,LOW,79.3,HIGH,1
59.7,6,1,-0.37,35,24,33.9,46.1,210.9,52.0,47.1,-0.163,HIGH,47.5,MEDIUM,1
65.4,1,1,-0.246,35,18,68.7,85.5,297.1,64.5,67.9,0.116,MEDIUM,69.8,MEDIUM,1
88.3,0,3,0.123,47,6,78.6,76.6,395.6,80.9,70.9,-0.518,LOW,80.6,HIGH,1
96.0,0,3,-0.105,46,2,73.5,89.6,457.6,79.9,74.7,-0.138,LOW,84.4,HIGH,1
93.3,0,1,0.505,39,3,81.7,84.0,391.3,81.5,82.6,-0.333,LOW,89.9,HIGH,1
89.6,0,6,0.029,43,5,79.8,72.1,369.3,69.4,83.0,-0.032,LOW,79.5,HIGH,1
79.2,1,2,0.422,34,9,76.3,79.9,448.1,90.3,78.7,0.365,LOW,78.2,HIGH,1
97.4,0,5,0.115,55,1,82.0,77.8,452.1,86.5,63.0,-0.493,LOW,78.9,HIGH,1
57.2,2,3,-0.223,26,19,70.3,62.0,346.5,58.6,67.5,0.121,HIGH,61.2,MEDIUM,1
84.5,0,2,-0.21,46,9,86.1,85.3,472.8,76.2,85.6,-0.089,LOW,83.5,HIGH,1
89.0,0,3,0.406,51,6,69.2,72.6,394.4,75.6,67.4,-0.148,LOW,69.6,HIGH,1
58.1,3,3,-0.305,30,22,76.0,46.5,331.4,69.0,66.7,0.218,MEDIUM,61.6,MEDIUM,1
78.8,0,4,0.141,36,10,72.3,66.9,364.7,61.4,63.7,-0.487,LOW,65.7,HIGH,1
75.4,1,6,0.61,32,10,48.1,86.6,364.0,77.6,55.2,-0.22,LOW,61.1,HIGH,1
77.0,0,1,0.182,35,10,68.1,84.2,328.6,81.0,68.0,-0.275,LOW,71.2,HIGH,1
63.2,0,6,-0.197,27,15,65.9,73.4,279.0,61.5,67.1,-0.419,MEDIUM,68.7,MEDIUM,1
94.7,0,5,0.394,48,3,64.9,86.4,418.6,80.0,67.7,0.117,LOW,79.5,HIGH,1
77.8,0,2,0.3,34,10,72.5,95.0,354.6,75.8,86.1,0.007,LOW,81.0,MEDIUM,1
68.3,2,2,-0.388,38,18,65.2,83.4,317.7,76.4,76.0,0.133,MEDIUM,72.7,HIGH,1
72.7,1,3,-0.073,36,13,75.4,65.1,310.7,74.6,79.3,0.167,MEDIUM,74.8,MEDIUM,1
79.1,0,5,0.234,36,10,98.0,80.2,10.0,86.5,74.1,0.27,LOW,74.2,HIGH,-1
88.8,0,3,-0.065,38,5,77.8,86.2,324.1,82.0,76.1,0.107,LOW,82.8,MEDIUM,1
88.4,0,2,0.114,43,6,90.8,72.7,443.8,83.3,82.8,-0.093,LOW,80.8,HIGH,1
90.7,0,3,-0.276,42,4,84.0,84.9,352.1,93.5,83.0,0.133,LOW,87.3,HIGH,1
97.6,0,0,0.605,49,1,87.2,76.0,463.7,87.3,87.6,-0.053,LOW,86.0,HIGH,1
86.6,1,2,-0.089,41,6,74.3,78.3,481.6,81.5,73.5,0.261,LOW,79.0,HIGH,1
95.2,0,3,0.279,45,2,70.8,81.0,441.8,80.4,73.2,0.267,LOW,77.8,HIGH,1
74.6,2,3,0.289,33,11,79.0,86.2,370.7,73.0,78.0,-0.198,LOW,84.2,MEDIUM,1
76.0,1,2,0.623,33,11,60.7,84.1,343.9,90.3,74.0,-0.375,LOW,77.5,HIGH,1
78.7,0,2,0.196,36,10,93.3,66.2,340.7,70.8,99.4,-0.18,LOW,87.8,HIGH,1
86.8,0,2,-0.018,37,6,65.7,99.0,401.7,88.6,83.1,0.359,LOW,76.2,HIGH,1
65.2,0,2,-0.262,27,14,64.8,75.9,406.6,91.8,68.7,0.557,LOW,70.9,HIGH,1
88.3,0,1,-0.16,51,7,91.1,65.5,352.0,74.3,86.4,-0.409,LOW,88.4,HIGH,1
73.1,2,1,0.497,30,11,70.6,63.3,351.6,66.7,55.9,0.274,LOW,67.1,MEDIUM,1
75.0,0,2,0.005,41,14,77.2,60.8,347.4,71.0,72.7,-0.175,LOW,72.7,MEDIUM,1
71.3,0,4,0.627,36,15,72.5,67.3,362.1,58.1,70.1,-0.119,LOW,70.7,MEDIUM,1
69.4,1,6,-0.447,37,17,51.9,88.6,297.2,73.9,65.6,0.331,MEDIUM,75.3,HIGH,1
75.1,1,4,0.872,37,12,60.9,73.3,398.4,69.1,72.3,0.113,LOW,71.4,MEDIUM,1
82.0,1,3,-0.105,37,8,72.9,79.8,374.1,73.6,68.9,0.281,LOW,79.5,HIGH,1
41.8,4,0,-0.47,22,30,54.7,78.4,272.5,73.8,73.4,-0.08,HIGH,61.6,LOW,1
80.2,0,3,-0.092,36,9,83.8,67.0,418.9,67.5,83.5,0.299,LOW,80.3,HIGH,1
92.6,1,3,-0.1,38,3,82.2,85.1,410.4,80.5,88.4,-0.047,LOW,84.6,HIGH,1
69.9,8,1,-0.95,37,16,68.2,82.4,306.8,75.1,73.7,0.028,MEDIUM,79.6,MEDIUM,-1
91.9,0,4,-0.147,52,5,98.0,72.5,10.0,74.5,73.8,0.161,LOW,74.7,HIGH,-1
85.5,0,3,-0.245,38,7,87.6,86.8,428.5,81.5,85.9,-0.072,LOW,82.4,HIGH,1
92.6,1,2,-0.172,54,4,73.2,84.1,445.7,82.5,75.6,0.525,LOW,76.3,HIGH,1
67.2,2,2,0.358,36,17,54.9,56.6,292.3,62.1,58.1,-0.2,MEDIUM,59.9,MEDIUM,1
79.9,0,4,-0.239,42,10,72.9,85.0,400.6,70.0,79.8,0.202,LOW,85.0,HIGH,1
56.5,6,4,-0.194,27,20,73.3,68.8,270.5,70.6,81.6,-0.094,HIGH,70.1,MEDIUM,1
71.2,1,3,-0.175,31,13,63.5,73.0,253.9,75.5,63.9,0.226,MEDIUM,76.5,MEDIUM,1
90.1,1,1,0.238,47,5,82.6,84.2,400.4,82.1,83.9,0.067,LOW,89.6,HIGH,1
53.9,3,3,-0.202,24,21,50.7,80.4,206.3,70.4,53.9,0.224,HIGH,62.4,MEDIUM,1
81.9,0,2,0.599,47,11,66.9,77.1,393.5,74.9,73.6,-0.21,LOW,69.9,MEDIUM,1
61.7,0,2,-0.382,31,19,83.1,59.8,358.7,62.8,64.2,0.035,MEDIUM,72.0,MEDIUM,1
52.8,5,3,-0.122,29,26,36.5,50.8,310.7,41.4,38.9,-0.052,HIGH,52.3,MEDIUM,1
89.0,0,1,0.413,39,5,70.6,72.4,406.2,83.4,69.8,-0.157,LOW,79.1,HIGH,1
84.8,0,2,-0.011,43,8,56.6,69.1,409.0,68.1,51.6,-0.073,LOW,68.9,HIGH,1
56.5,2,2,-0.187,32,24,53.8,58.8,367.4,59.7,52.5,-0.056,MEDIUM,52.9,MEDIUM,1
62.7,2,2,-0.701,26,15,76.1,66.4,289.5,69.1,78.9,0.041,MEDIUM,72.5,MEDIUM,1
83.1,0,4,0.234,41,8,94.6,85.0,364.7,96.6,74.7,-0.078,LOW,92.8,HIGH,1
88.3,0,2,0.155,48,6,64.1,70.2,375.4,85.4,68.7,-0.24,LOW,74.8,MEDIUM,1
64.2,0,3,-0.478,37,21,75.7,60.0,294.1,48.0,77.3,0.239,MEDIUM,64.0,MEDIUM,1
87.5,0,3,-0.271,52,7,62.8,77.7,355.7,75.8,82.4,-0.008,LOW,76.6,HIGH,1
83.9,8,3,-0.95,47,9,69.1,77.7,291.5,77.6,66.0,-0.079,LOW,74.4,MEDIUM,-1
76.2,0,0,-0.257,44,14,76.2,82.2,353.9,75.4,78.5,-0.016,LOW,77.0,MEDIUM,1
91.6,0,3,0.13,53,5,59.5,83.5,346.6,71.3,78.0,0.042,LOW,77.3,HIGH,1
65.6,0,1,-0.064,34,18,59.6,74.0,295.3,77.4,59.9,-0.368,LOW,63.6,MEDIUM,1
74.3,1,3,-0.426,39,13,71.1,74.9,366.9,77.6,75.3,-0.697,LOW,75.1,HIGH,1
72.3,0,1,-0.152,40,15,46.2,58.6,319.0,62.1,61.3,0.431,MEDIUM,56.1,MEDIUM,1
79.1,0,3,0.582,33,9,64.6,59.8,361.2,65.9,73.1,-0.014,LOW,65.7,MEDIUM,1
73.6,1,3,0.283,32,11,65.6,51.5,308.6,65.3,62.3,0.051,MEDIUM,60.0,MEDIUM,1
58.0,4,4,-0.675,27,19,55.2,53.9,297.1,66.6,56.2,0.245,HIGH,55.2,MEDIUM,1
81.2,0,3,-0.047,34,8,69.2,73.3,351.5,80.0,68.7,-0.208,LOW,74.0,HIGH,1
95.8,0,5,-0.443,46,2,86.8,85.8,408.0,82.5,85.5,-0.252,LOW,89.3,HIGH,1
82.5,0,3,0.443,39,8,78.7,52.7,402.2,67.0,83.3,0.111,LOW,71.8,MEDIUM,1
85.1,0,1,0.095,49,8,92.8,69.9,423.5,81.3,87.3,0.105,LOW,86.8,HIGH,1
79.8,1,3,0.139,42,11,71.8,70.3,376.6,77.3,58.7,-0.045,LOW,79.1,HIGH,1
93.8,0,2,0.458,55,4,63.7,76.7,362.5,74.0,67.2,0.046,LOW,78.1,HIGH,1
94.6,0,5,0.031,42,2,56.9,77.1,349.3,76.6,80.8,0.164,LOW,73.5,HIGH,1
79.6,0,2,0.182,33,9,90.8,61.6,341.1,79.4,83.2,-0.522,LOW,79.6,MEDIUM,1
77.7,1,4,0.427,38,11,73.1,72.3,389.4,82.5,70.5,-0.088,LOW,77.4,HIGH,1
82.6,0,5,-0.145,41,9,79.9,67.8,401.6,79.4,61.9,-0.006,LOW,75.0,HIGH,1
60.8,2,0,-0.624,34,22,75.2,79.8,344.3,76.9,86.4,-0.569,MEDIUM,77.6,MEDIUM,1
66.2,0,1,0.288,31,16,70.5,80.8,252.2,62.3,92.8,-0.08,LOW,74.0,MEDIUM,1
91.4,0,4,-0.122,44,4,95.2,72.4,422.5,65.7,93.4,-0.059,LOW,92.4,HIGH,1
82.5,0,2,-0.608,39,8,85.2,69.6,323.4,70.8,80.0,-0.397,LOW,79.5,HIGH,1
70.7,1,1,-0.116,42,17,82.2,89.4,303.7,85.6,79.3,0.563,LOW,82.0,MEDIUM,1
79.5,0,2,-0.103,33,8,64.9,61.5,403.7,69.6,65.0,-0.001,LOW,70.9,HIGH,1
62.6,1,0,0.356,27,16,75.5,68.6,279.9,65.0,71.9,0.529,LOW,69.2,MEDIUM,1
77.3,0,4,0.265,42,13,78.7,89.4,340.8,100.0,88.0,-0.385,LOW,83.4,HIGH,1
63.2,8,2,-0.95,30,18,55.0,59.2,272.7,65.6,63.7,-0.259,MEDIUM,62.1,MEDIUM,-1
79.9,0,3,-0.107,38,10,94.0,59.8,354.8,69.3,84.4,-0.391,LOW,78.4,MEDIUM,1
78.0,0,1,0.305,34,10,72.8,69.5,314.8,70.5,75.4,0.164,LOW,71.7,MEDIUM,1
90.2,1,3,0.416,38,4,58.9,77.7,293.2,86.9,60.7,0.149,LOW,70.4,HIGH,1
90.4,0,0,0.249,48,5,88.8,82.1,363.4,87.2,97.6,0.16,LOW,88.3,HIGH,1
92.4,0,1,0.376,50,4,87.1,82.5,419.1,85.4,78.5,-0.291,LOW,83.7,HIGH,1
72.2,0,2,0.565,32,13,67.8,76.2,305.1,65.6,67.3,0.412,LOW,69.6,MEDIUM,1
86.5,0,1,0.128,48,7,85.2,52.5,367.2,74.3,80.6,0.43,LOW,78.7,MEDIUM,1
82.6,1,3,-0.052,40,9,66.3,77.5,254.6,73.2,68.6,0.364,LOW,79.3,MEDIUM,1
80.2,0,2,-0.029,43,10,80.7,68.7,344.6,67.5,77.5,-0.236,LOW,76.9,MEDIUM,1
65.4,1,0,0.126,33,18,76.7,82.3,414.2,73.1,77.9,0.404,LOW,75.1,HIGH,1
75.5,0,2,0.319,36,12,76.9,81.2,323.7,81.2,82.7,0.226,LOW,75.8,MEDIUM,1
87.2,0,0,0.145,51,7,78.8,88.8,418.4,88.8,74.6,-0.021,LOW,84.5,HIGH,1
98.2,1,2,-0.062,50,1,82.3,94.0,387.4,100.0,90.1,-0.238,LOW,91.4,HIGH,1
78.1,0,4,-0.143,41,11,91.2,76.4,397.5,80.4,76.7,-0.008,LOW,79.0,HIGH,1
90.9,0,5,0.1,47,5,73.9,76.1,450.8,78.6,90.2,0.325,LOW,80.1,HIGH,1
84.1,1,2,-0.2,47,9,78.3,76.2,376.0,73.8,72.9,0.18,LOW,76.8,HIGH,1
83.9,0,1,0.032,34,7,75.7,87.0,353.7,81.1,78.5,-0.139,LOW,78.4,HIGH,1
70.3,1,1,0.458,41,18,74.2,68.6,340.4,67.6,64.6,0.031,LOW,69.4,HIGH,1
70.5,1,5,0.061,34,14,85.4,72.4,314.9,85.1,75.6,-0.281,LOW,80.5,MEDIUM,1
77.2,0,2,0.029,36,11,88.2,73.6,380.5,67.8,69.5,0.029,LOW,71.8,MEDIUM,1
81.0,0,2,0.143,37,9,83.5,73.7,374.0,73.6,74.8,-0.413,LOW,80.5,MEDIUM,1
65.1,1,4,0.04,29,15,70.6,81.7,330.4,87.3,71.8,-0.121,MEDIUM,72.6,HIGH,1
69.3,0,2,0.291,40,18,74.5,65.8,249.9,76.3,81.1,0.371,LOW,75.6,MEDIUM,1
97.8,0,2,-0.247,41,1,98.0,72.7,443.3,78.4,97.1,0.497,LOW,85.9,HIGH,1
93.8,0,7,0.461,49,3,68.8,88.9,411.0,100.0,79.6,-0.074,LOW,74.3,HIGH,1
49.3,4,2,-0.01,22,23,56.0,60.6,255.6,43.8,48.7,0.172,HIGH,56.5,MEDIUM,1
60.7,0,6,-0.62,30,20,57.1,61.4,322.9,62.1,61.0,0.881,MEDIUM,58.8,MEDIUM,1
67.0,3,3,-0.543,29,14,76.6,65.3,293.4,67.0,77.4,0.566,MEDIUM,68.9,MEDIUM,1
84.5,1,4,0.387,35,7,74.5,74.4,344.0,82.7,67.0,-0.078,LOW,73.9,HIGH,1
74.0,0,1,0.266,32,11,52.9,65.9,338.4,64.5,51.8,-0.279,LOW,60.2,MEDIUM,1
65.3,3,1,-0.77,27,15,60.2,84.9,337.2,70.0,69.3,0.022,HIGH,66.3,MEDIUM,1
67.6,1,2,-0.499,35,17,70.7,81.3,377.4,71.5,83.8,0.588,MEDIUM,78.7,MEDIUM,1
69.6,2,2,-0.09,38,16,75.4,58.4,345.2,63.5,76.1,-0.243,MEDIUM,67.1,MEDIUM,1
86.3,0,2,0.379,44,7,76.2,72.6,306.0,96.2,65.9,-0.491,LOW,78.0,HIGH,1
77.7,0,2,0.22,42,12,62.5,71.3,384.5,87.0,69.8,0.182,LOW,75.3,HIGH,1
50.3,2,0,-0.881,25,25,77.3,39.3,304.3,41.5,70.8,0.075,HIGH,60.0,LOW,1
78.2,0,3,-0.116,39,11,80.2,68.4,373.8,72.7,74.9,0.077,MEDIUM,75.2,MEDIUM,1
80.0,0,3,-0.194,42,10,80.3,80.6,432.4,63.5,75.8,0.014,LOW,81.6,HIGH,1
99.2,0,2,0.308,51,0,88.0,82.5,459.4,83.3,83.2,-0.014,LOW,84.6,HIGH,1
85.3,0,3,-0.04,38,7,64.2,91.1,394.4,83.5,82.8,-0.285,LOW,79.5,HIGH,1
71.6,0,2,0.26,42,17,72.2,76.2,256.2,67.6,73.6,0.132,LOW,76.0,MEDIUM,1
88.8,0,3,0.151,51,7,51.8,93.9,330.0,79.0,73.5,0.03,LOW,81.2,HIGH,1
74.2,0,5,-0.251,43,15,77.0,80.0,390.4,73.9,77.3,0.559,LOW,86.6,MEDIUM,1
80.4,0,2,0.365,34,8,35.5,74.7,302.0,67.5,56.5,-0.047,LOW,54.1,MEDIUM,1
82.9,0,1,0.449,46,9,67.2,67.0,377.8,77.3,85.1,0.055,LOW,70.1,HIGH,1
81.1,0,0,0.38,39,9,76.0,64.7,375.2,74.4,60.1,-0.375,LOW,74.0,HIGH,1
81.9,1,1,0.165,43,10,79.1,79.9,413.2,64.8,76.3,-0.275,LOW,78.1,MEDIUM,1
54.1,2,0,-0.278,23,19,46.8,73.5,204.4,68.9,62.8,0.191,MEDIUM,56.0,MEDIUM,1
69.8,2,3,-0.433,29,13,61.8,72.8,250.5,63.4,57.2,0.549,MEDIUM,63.5,MEDIUM,1
82.6,1,2,0.48,49,10,60.9,81.6,339.3,80.9,74.2,0.093,LOW,78.4,HIGH,1
54.6,6,1,0.235,25,21,76.2,71.4,315.8,56.0,83.3,-0.048,HIGH,73.9,MEDIUM,1
41.6,4,2,-0.448,24,34,47.3,54.7,204.6,63.2,41.3,-0.421,HIGH,50.5,LOW,1
66.7,0,6,-0.577,28,14,67.6,74.7,316.2,72.9,79.7,0.061,MEDIUM,70.9,MEDIUM,1
91.8,0,3,-0.213,37,3,83.5,86.7,349.7,90.0,77.8,0.356,LOW,83.6,HIGH,1
74.3,0,2,-0.189,38,13,80.2,62.3,304.3,57.2,86.2,-0.144,LOW,76.2,MEDIUM,1
62.9,1,0,-0.151,28,17,72.5,70.0,288.0,67.0,73.2,-0.144,MEDIUM,70.3,MEDIUM,1
93.2,0,5,-0.295,43,3,88.6,86.1,450.5,92.7,91.2,-0.239,LOW,85.3,HIGH,1
54.3,4,2,-0.418,22,19,48.1,68.1,274.8,85.3,49.0,0.266,HIGH,57.9,MEDIUM,1
87.5,0,0,-0.06,50,7,83.7,82.1,423.0,90.3,75.4,0.029,LOW,86.9,HIGH,1
74.9,0,1,0.152,40,14,55.9,81.5,357.2,88.3,56.5,-0.07,LOW,61.5,HIGH,1
50.4,6,4,-0.312,27,27,65.0,84.7,369.8,74.2,70.6,0.194,HIGH,69.5,MEDIUM,1
80.7,1,3,0.234,40,9,90.5,78.3,326.8,69.6,84.3,-0.154,LOW,88.0,MEDIUM,1
74.3,2,2,0.065,42,14,59.0,89.2,289.6,79.1,79.9,-0.286,LOW,74.7,MEDIUM,1
75.1,0,0,0.16,43,14,55.4,56.8,374.3,80.6,54.4,0.085,LOW,62.8,HIGH,1
82.6,1,0,0.68,47,10,96.3,78.6,393.6,79.2,86.7,-0.034,LOW,81.9,HIGH,1
77.5,0,0,0.141,42,12,66.7,59.1,363.0,78.7,68.0,0.037,LOW,68.6,MEDIUM,1
86.8,0,2,0.181,39,6,85.3,74.0,347.2,75.3,87.1,0.389,LOW,80.2,MEDIUM,1
74.5,0,2,0.827,36,12,52.8,90.4,327.4,77.7,64.6,0.171,LOW,73.0,MEDIUM,1
96.9,0,2,0.055,48,2,94.4,91.6,475.9,78.3,100.0,-0.276,LOW,91.8,HIGH,1
73.0,2,7,0.54,39,15,84.3,74.0,354.0,87.4,77.5,0.003,LOW,77.5,MEDIUM,1
88.7,1,4,0.469,37,5,98.0,91.4,435.9,78.3,88.9,-0.082,LOW,91.9,HIGH,1
87.8,0,3,-0.181,51,7,98.0,82.1,428.4,81.8,95.8,-0.067,LOW,88.6,HIGH,1
73.9,3,1,0.145,30,10,60.9,69.3,358.9,68.9,50.1,-0.281,MEDIUM,63.2,MEDIUM,1
65.8,1,4,-0.058,37,19,82.8,52.6,303.3,60.3,77.3,-0.069,MEDIUM,67.0,MEDIUM,1
91.3,0,3,0.382,46,4,86.7,85.3,342.9,75.7,88.7,-0.169,LOW,85.4,HIGH,1
88.6,0,4,-0.137,51,6,78.7,70.2,405.6,69.9,79.6,-0.085,LOW,81.6,MEDIUM,1
76.0,0,3,-0.138,38,12,75.9,74.1,389.4,69.7,76.6,0.024,LOW,78.9,HIGH,1
90.8,0,2,0.367,42,4,98.0,79.8,500.4,90.3,100.0,-0.063,LOW,93.2,HIGH,1
87.2,1,2,-0.203,35,5,67.7,75.4,373.7,83.0,75.5,-0.401,LOW,81.2,HIGH,1
71.7,0,4,0.003,37,14,73.0,75.5,309.2,66.2,80.1,-0.113,LOW,75.5,MEDIUM,1
78.1,0,1,-0.328,34,9,87.9,93.2,371.3,100.0,99.5,-0.133,LOW,90.9,HIGH,1
79.2,0,3,-0.149,37,10,78.4,77.3,364.4,72.7,79.2,0.183,LOW,79.8,HIGH,1
66.6,2,2,-0.323,36,18,52.6,69.1,286.3,57.9,69.3,0.101,MEDIUM,59.5,MEDIUM,1
79.8,0,4,0.058,40,10,76.0,73.6,378.9,68.7,71.8,0.193,LOW,72.3,HIGH,1
92.2,0,4,0.143,43,4,60.4,81.7,457.1,87.3,75.6,0.084,LOW,74.0,HIGH,1
87.6,0,1,0.06,45,6,74.0,90.0,431.6,79.3,81.7,0.043,LOW,80.4,HIGH,1
99.6,0,5,0.372,42,0,70.0,51.2,339.4,82.7,63.6,0.01,LOW,71.8,HIGH,1
85.0,0,3,0.474,37,6,69.9,75.6,367.1,63.7,78.7,0.299,LOW,80.1,HIGH,1
97.4,1,2,-0.109,50,1,95.8,60.5,372.8,83.6,76.6,0.379,LOW,82.5,HIGH,1
73.1,0,1,-0.402,34,13,65.3,68.1,302.1,64.5,60.8,0.121,LOW,64.2,MEDIUM,1
91.9,0,5,0.226,45,4,80.2,81.9,367.7,93.4,78.2,0.164,LOW,79.5,HIGH,1
96.7,1,1,0.406,39,1,98.0,93.6,433.7,82.2,93.9,-0.27,LOW,96.6,HIGH,1
64.3,2,3,-0.483,33,19,70.6,76.6,309.6,74.0,73.1,-0.052,MEDIUM,71.3,MEDIUM,1
84.9,0,6,0.008,39,7,76.8,91.7,370.9,93.5,89.0,-0.018,LOW,91.4,HIGH,1
45.2,2,4,0.041,27,32,54.0,56.8,312.4,48.7,54.9,-0.11,MEDIUM,50.8,MEDIUM,1
85.8,1,4,0.433,36,6,82.3,69.4,429.8,73.1,86.7,0.463,LOW,84.6,HIGH,1
87.7,0,1,0.241,48,7,94.7,73.6,402.8,73.1,90.1,0.077,LOW,78.9,HIGH,1
65.7,3,3,-0.239,34,17,56.4,76.0,313.8,76.9,64.0,-0.025,HIGH,59.8,MEDIUM,1
67.1,0,3,-0.395,30,14,73.1,84.2,391.5,82.0,70.4,-0.314,LOW,78.3,HIGH,1
78.4,8,2,-0.95,45,12,58.9,79.6,278.7,58.5,55.0,0.194,LOW,67.3,HIGH,-1
86.2,0,0,0.126,41,6,98.0,73.9,10.0,80.0,64.7,0.147,LOW,68.2,MEDIUM,-1
61.9,2,2,-0.051,32,19,69.6,54.1,323.1,59.9,53.0,-0.156,MEDIUM,59.5,MEDIUM,1
74.2,3,4,0.221,31,11,73.9,71.0,313.9,72.7,84.9,-0.109,MEDIUM,77.8,MEDIUM,1
64.5,0,2,-0.665,35,20,44.4,75.8,217.0,80.0,64.9,-0.127,MEDIUM,64.2,MEDIUM,1
96.7,0,4,0.057,47,2,72.6,70.9,378.8,84.4,69.7,0.085,LOW,83.5,HIGH,1
80.2,0,2,0.492,45,11,68.4,96.1,343.0,77.5,71.0,-0.083,LOW,80.4,HIGH,1
67.7,2,1,-0.97,33,16,74.0,68.4,369.7,69.0,64.2,-0.253,MEDIUM,72.8,MEDIUM,1
89.3,0,5,-0.304,37,5,98.0,90.2,10.0,100.0,89.3,0.493,LOW,88.1,HIGH,-1
74.8,2,2,-0.201,31,10,56.9,62.9,339.0,73.2,59.2,0.074,MEDIUM,59.3,HIGH,1
93.5,0,4,0.299,50,3,78.7,77.5,386.0,73.5,65.9,-0.3,LOW,80.9,HIGH,1
62.0,0,1,-0.4,30,18,86.7,81.2,351.6,65.2,80.5,-0.298,LOW,81.4,HIGH,1
83.3,0,3,0.135,47,9,98.0,65.7,10.0,76.6,80.0,0.204,LOW,85.8,HIGH,-1
87.3,0,1,0.248,38,5,51.1,84.8,310.0,77.1,70.8,-0.244,LOW,65.8,HIGH,1
89.8,0,4,0.246,49,5,75.5,71.7,433.2,71.0,76.7,-0.147,LOW,75.8,HIGH,1
83.5,1,2,-0.099,43,9,81.6,68.5,399.7,77.8,73.6,-0.299,LOW,76.0,HIGH,1
72.2,1,3,0.005,42,16,79.8,71.7,334.1,81.2,73.5,-0.159,MEDIUM,72.8,MEDIUM,1
83.7,0,1,0.04,40,8,90.3,71.0,417.6,70.5,75.5,0.202,LOW,74.8,HIGH,1
60.6,2,2,0.247,26,17,44.5,70.3,299.2,58.8,63.1,0.014,MEDIUM,59.4,MEDIUM,1
80.8,1,2,0.036,38,9,77.9,74.0,337.0,72.8,76.7,-0.14,LOW,70.7,HIGH,1
77.4,0,1,0.285,42,12,76.6,67.5,308.5,73.0,73.7,-0.385,LOW,75.9,HIGH,1
63.6,0,2,-0.035,34,19,80.3,66.7,282.5,72.9,71.7,-0.279,LOW,74.7,MEDIUM,1
96.8,0,4,0.429,41,1,89.5,98.8,408.4,99.5,83.7,-0.107,LOW,95.9,HIGH,1
51.0,3,3,0.015,29,27,66.2,53.6,248.9,52.0,67.7,0.025,MEDIUM,60.9,MEDIUM,1
85.8,0,3,0.117,40,7,82.3,67.9,410.8,78.0,84.8,0.136,LOW,80.9,HIGH,1
95.0,0,2,0.248,50,3,82.6,72.8,433.1,68.1,74.8,-0.281,LOW,75.4,HIGH,1
75.2,0,1,0.847,39,13,86.8,64.2,376.4,67.9,68.2,0.117,LOW,71.7,HIGH,1
77.3,1,4,-0.122,42,12,61.7,65.6,374.0,64.8,66.6,0.089,MEDIUM,65.7,HIGH,1
80.7,0,1,-0.051,40,10,90.2,63.0,385.6,60.9,70.9,0.077,LOW,72.0,HIGH,1
90.5,1,2,-0.245,49,5,77.9,89.5,410.0,96.2,88.1,-0.482,LOW,81.3,HIGH,1
96.1,1,4,0.156,49,2,76.5,85.0,424.4,77.3,72.3,0.046,LOW,79.9,HIGH,1
61.8,0,5,-0.389,30,18,63.4,67.3,283.4,74.8,72.4,-0.072,MEDIUM,66.0,MEDIUM,1
98.9,0,5,-0.218,53,1,82.2,99.0,376.4,100.0,85.4,-0.034,LOW,93.6,HIGH,1
87.7,0,4,0.102,35,5,98.0,85.4,367.3,75.8,100.0,0.458,LOW,86.2,HIGH,1
87.7,0,2,-0.31,45,6,64.2,99.0,417.2,89.4,67.7,-0.397,LOW,80.6,HIGH,1
75.3,0,3,0.477,34,11,57.0,86.8,283.1,81.8,56.7,0.513,LOW,66.5,MEDIUM,1
79.6,8,4,-0.95,32,8,62.0,63.7,382.4,82.0,65.1,-0.612,LOW,67.9,MEDIUM,-1
87.7,1,1,0.63,51,7,76.1,66.1,443.0,81.7,82.0,-0.059,LOW,80.8,HIGH,1
56.2,3,2,0.547,29,23,53.6,60.1,243.3,62.0,61.7,0.155,MEDIUM,55.9,MEDIUM,1
79.8,1,3,-0.389,36,9,46.1,72.4,329.0,75.7,56.5,-0.261,MEDIUM,64.1,MEDIUM,1
86.7,0,0,0.052,49,7,70.1,91.8,358.2,79.6,80.2,0.089,LOW,83.9,HIGH,1
78.7,0,1,0.488,41,11,60.3,71.3,320.4,82.5,54.6,-0.167,LOW,67.9,MEDIUM,1
93.5,0,3,0.481,45,3,93.7,81.0,495.1,90.0,91.6,0.079,LOW,91.3,HIGH,1
50.5,2,3,0.008,24,23,67.8,51.1,312.9,63.7,64.1,-0.021,MEDIUM,52.4,MEDIUM,1
69.0,0,2,-0.564,37,17,73.7,77.7,327.8,72.0,71.9,-0.023,MEDIUM,73.9,MEDIUM,1
38.5,4,3,-0.166,22,35,33.5,68.3,229.2,60.6,37.6,0.392,HIGH,39.9,MEDIUM,1
81.3,0,7,0.418,33,8,92.6,84.3,451.0,87.1,93.3,0.273,LOW,90.9,HIGH,1
94.7,0,2,-0.003,39,2,72.5,83.9,379.8,76.8,71.3,-0.131,LOW,79.7,HIGH,1
69.6,0,3,-0.479,35,15,79.6,81.6,377.6,85.8,73.7,0.18,LOW,73.5,HIGH,1
87.2,0,0,0.017,35,5,85.9,84.6,360.0,89.1,98.9,0.061,LOW,89.6,HIGH,1
76.4,0,4,-0.07,44,13,63.5,82.3,309.1,67.9,72.7,-0.186,LOW,75.4,MEDIUM,1
97.6,0,5,0.182,45,1,87.8,76.1,438.0,74.4,76.7,-0.07,LOW,82.5,HIGH,1
67.4,1,4,-0.681,38,18,69.8,67.4,323.6,71.2,76.8,0.242,MEDIUM,71.6,HIGH,1
75.7,0,6,0.592,42,13,85.6,80.3,364.5,95.5,83.1,-0.211,LOW,74.3,MEDIUM,1
65.7,0,3,-0.419,30,16,59.9,64.9,334.8,66.5,71.6,-0.076,LOW,65.1,MEDIUM,1
95.4,0,2,-0.204,44,2,84.7,99.0,409.9,99.6,77.9,0.24,LOW,92.4,HIGH,1
69.6,1,1,-0.371,29,12,98.0,75.6,10.0,71.2,67.2,0.266,MEDIUM,67.1,MEDIUM,-1
92.5,0,4,0.181,41,3,96.1,87.4,452.2,87.6,88.1,0.061,LOW,95.7,HIGH,1
57.6,4,3,-0.717,31,22,98.0,76.5,10.0,76.5,67.4,-0.164,HIGH,61.5,MEDIUM,-1
78.6,1,4,-0.072,37,10,63.1,78.1,332.0,87.2,80.1,0.145,LOW,75.9,HIGH,1
77.8,0,3,0.081,40,11,81.3,79.7,366.7,72.1,84.0,-0.412,LOW,82.3,MEDIUM,1
87.6,1,5,-0.102,40,6,91.5,73.7,361.9,78.1,71.3,-0.252,LOW,79.6,HIGH,1
94.1,0,1,-0.189,42,3,76.4,79.0,389.1,77.4,81.0,0.353,LOW,87.3,HIGH,1
82.1,0,6,0.384,43,9,98.0,76.9,358.2,81.4,79.8,0.334,LOW,92.7,HIGH,1
59.5,5,1,0.028,30,21,82.9,55.8,340.9,62.7,70.2,-0.172,HIGH,72.9,MEDIUM,1
70.3,0,5,0.373,39,17,70.7,87.7,277.1,70.5,73.0,-0.314,LOW,71.3,MEDIUM,1
59.7,6,1,-0.08,33,22,59.6,55.4,228.1,61.1,62.0,-0.306,HIGH,61.6,MEDIUM,1
95.6,0,4,-0.257,38,2,67.1,72.3,387.0,90.5,70.3,-0.151,LOW,76.1,HIGH,1
90.7,0,1,0.093,42,4,67.5,80.9,403.1,85.5,69.2,0.061,LOW,76.7,HIGH,1
73.5,1,1,0.506,31,11,49.2,77.6,305.5,67.8,59.3,-0.195,LOW,64.3,MEDIUM,1
80.9,1,4,-0.263,36,9,82.6,69.1,423.6,77.6,89.9,-0.072,LOW,77.9,MEDIUM,1
84.4,1,2,-0.196,35,7,76.3,72.8,380.4,73.9,75.5,-0.067,LOW,74.8,HIGH,1
87.9,0,1,0.181,37,5,72.5,76.8,470.2,82.3,61.8,0.214,LOW,77.9,HIGH,1
89.3,0,2,0.328,42,5,45.4,80.5,350.1,69.8,50.6,-0.196,LOW,62.0,HIGH,1
91.0,0,2,0.304,48,5,86.9,87.4,506.2,91.6,79.3,0.003,LOW,90.0,HIGH,1
61.2,1,1,-0.154,29,19,65.1,60.1,301.3,70.9,80.0,0.556,MEDIUM,66.7,MEDIUM,1
73.8,1,1,-0.201,32,12,72.1,69.0,370.9,61.4,65.0,0.002,LOW,62.2,MEDIUM,1
86.1,0,3,0.247,47,7,78.1,82.6,388.8,84.8,73.1,-0.01,LOW,80.1,HIGH,1
91.3,0,4,-0.086,51,5,92.9,92.9,432.7,82.0,92.9,-0.061,LOW,92.5,HIGH,1
90.0,1,0,0.202,44,5,60.5,89.6,339.9,93.2,81.7,0.035,LOW,79.3,HIGH,1
68.1,1,2,-0.287,32,15,97.2,74.5,387.6,75.5,86.3,0.022,LOW,79.4,HIGH,1
74.7,2,1,0.006,43,14,56.5,53.1,271.6,75.5,53.0,0.114,MEDIUM,56.1,MEDIUM,1
75.1,0,1,0.799,34,11,69.7,65.1,339.0,81.6,78.9,0.396,LOW,77.3,MEDIUM,1
84.9,1,1,-0.255,48,8,44.9,70.4,307.5,74.4,56.5,-0.094,MEDIUM,59.4,MEDIUM,1
92.9,0,2,-0.121,40,3,83.3,91.9,391.3,89.8,87.0,-0.079,LOW,85.7,HIGH,1
66.9,1,2,0.071,36,18,64.6,59.5,353.6,80.0,70.7,0.416,MEDIUM,66.9,MEDIUM,1
46.0,5,3,0.273,23,26,57.7,45.3,267.4,35.1,57.1,-0.103,HIGH,44.3,MEDIUM,1
89.6,0,4,0.301,47,5,84.2,84.2,325.0,74.6,88.8,-0.042,LOW,83.8,MEDIUM,1
94.5,0,2,0.032,38,2,76.1,87.5,435.8,95.7,76.8,0.036,LOW,85.3,HIGH,1
86.9,0,2,-0.137,42,6,97.1,71.5,413.3,70.8,83.4,-0.108,LOW,83.9,MEDIUM,1
80.0,0,3,0.359,35,9,68.8,71.6,388.4,88.6,73.0,0.067,LOW,66.9,HIGH,1
77.9,0,1,0.098,39,11,80.3,91.0,370.4,75.7,90.1,-0.273,LOW,85.4,HIGH,1
79.7,0,0,-0.057,34,9,64.3,62.1,293.8,76.4,63.2,-0.433,LOW,65.0,HIGH,1
82.3,0,2,0.421,49,10,88.3,66.6,444.8,76.6,76.8,-0.324,LOW,79.1,HIGH,1
75.5,0,2,0.055,42,13,60.2,80.1,361.6,76.4,80.2,0.31,LOW,70.6,MEDIUM,1
90.0,0,2,-0.294,51,6,76.9,81.6,394.5,86.7,83.0,0.526,LOW,78.5,HIGH,1
63.2,8,3,-0.95,30,17,59.0,67.8,251.5,69.4,64.9,-0.386,LOW,63.9,MEDIUM,-1
65.1,2,2,-0.354,27,14,71.1,53.8,335.7,67.0,57.1,0.042,MEDIUM,61.1,MEDIUM,1
88.3,0,3,-0.199,49,7,68.5,70.2,385.2,90.5,73.7,0.198,LOW,75.8,HIGH,1
93.8,0,7,0.192,46,3,73.5,79.1,352.8,89.8,67.4,-0.211,LOW,82.1,HIGH,1
82.7,0,5,0.236,43,9,74.2,96.2,365.3,95.6,87.5,0.17,LOW,85.0,HIGH,1
82.0,0,1,-0.656,44,10,70.7,71.6,286.6,74.1,82.6,0.179,MEDIUM,76.0,HIGH,1
38.5,3,2,0.077,18,30,54.5,42.5,154.1,35.9,62.3,0.042,HIGH,44.3,LOW,1
75.7,0,5,0.401,36,11,63.3,69.6,289.4,65.8,76.2,0.25,LOW,67.7,MEDIUM,1
78.2,0,2,0.065,35,10,65.0,68.0,345.3,86.8,62.1,0.001,LOW,71.1,HIGH,1
89.3,1,4,-0.137,38,5,79.2,86.0,357.5,100.0,87.7,0.295,LOW,88.1,HIGH,1
90.4,1,1,0.262,52,5,96.8,54.5,463.2,64.1,79.8,0.088,LOW,77.4,MEDIUM,1
93.2,0,4,0.101,39,3,77.8,75.1,369.3,76.1,85.1,0.188,LOW,80.3,HIGH,1
85.2,0,1,-0.06,37,6,86.1,92.6,377.0,83.6,89.2,0.426,LOW,80.5,HIGH,1
89.8,1,1,-0.053,47,5,84.6,86.7,445.2,85.6,83.1,-0.067,LOW,90.7,HIGH,1
59.3,8,2,-0.95,35,24,54.9,67.3,262.6,76.1,59.1,-0.141,MEDIUM,59.1,MEDIUM,-1
69.4,1,2,0.148,35,15,78.3,65.7,341.6,76.8,77.9,0.053,LOW,67.2,MEDIUM,1
69.8,1,1,-0.645,33,14,68.7,78.2,366.9,65.0,68.9,-0.237,MEDIUM,71.2,MEDIUM,1
57.9,4,4,-0.157,31,22,76.0,72.4,386.0,57.6,64.2,-0.464,HIGH,68.5,MEDIUM,1
89.8,0,2,-0.166,48,5,98.0,69.2,457.3,67.3,95.2,-0.411,LOW,93.6,HIGH,1
82.5,0,2,0.195,45,10,76.7,88.1,389.3,76.4,78.1,0.231,LOW,86.2,HIGH,1
51.3,4,2,-0.077,27,26,75.2,85.4,377.5,58.8,88.9,-0.125,HIGH,76.5,MEDIUM,1
78.2,0,2,-0.27,31,9,86.6,71.2,323.5,81.0,88.5,-0.395,LOW,82.0,MEDIUM,1
61.1,1,1,-0.078,25,16,60.3,57.4,376.5,52.1,63.8,-0.122,MEDIUM,57.8,MEDIUM,1
87.8,0,3,0.178,52,7,73.4,87.5,388.6,87.1,89.0,-0.203,LOW,85.4,HIGH,1
54.7,2,3,0.141,22,18,46.5,73.9,273.7,55.7,54.9,-0.253,HIGH,56.3,MEDIUM,1
85.7,1,3,0.107,43,7,91.6,76.0,357.2,100.0,91.8,-0.09,LOW,88.2,HIGH,1
74.2,0,3,0.186,33,12,61.4,61.4,277.7,73.2,64.2,0.291,LOW,66.8,MEDIUM,1
69.4,1,2,-0.122,37,17,62.6,75.6,297.9,80.1,55.4,0.131,LOW,69.0,MEDIUM,1
77.1,0,6,0.526,39,12,96.4,45.6,385.3,61.3,76.7,-0.053,LOW,76.3,MEDIUM,1
93.9,0,2,-0.445,41,3,98.0,83.7,10.0,91.8,72.8,0.098,LOW,80.3,HIGH,-1
58.7,3,0,-0.717,30,21,84.0,34.5,332.5,49.1,64.5,0.19,HIGH,64.8,MEDIUM,1
66.3,0,8,-0.281,35,18,91.5,65.6,330.4,81.5,76.3,0.116,LOW,79.8,MEDIUM,1
86.8,1,0,0.209,46,7,67.9,91.1,387.0,77.7,62.4,0.114,LOW,78.6,HIGH,1
82.4,8,0,-0.95,48,10,85.1,98.6,321.1,87.2,91.5,-0.063,LOW,90.6,HIGH,-1
48.3,2,0,-0.269,21,23,64.8,72.2,325.7,61.4,64.1,0.492,MEDIUM,67.2,MEDIUM,1
78.6,0,4,-0.126,33,9,83.8,77.0,348.9,66.6,80.5,-0.019,LOW,76.7,MEDIUM,1
80.4,0,3,-0.288,46,11,89.2,81.0,391.3,87.4,90.4,0.12,LOW,85.5,HIGH,1
75.2,0,3,0.048,34,11,50.8,76.1,299.8,68.0,60.4,-0.142,LOW,67.6,MEDIUM,1
90.8,0,3,0.314,44,4,87.4,70.6,407.1,66.5,86.9,0.193,LOW,77.1,MEDIUM,1
75.9,1,2,0.655,35,11,81.3,78.4,373.2,82.1,83.7,0.277,LOW,85.3,HIGH,1
91.8,1,3,0.734,52,5,75.1,77.8,537.6,70.8,73.8,0.138,LOW,80.4,HIGH,1
73.5,2,8,0.473,30,11,83.1,81.0,286.9,81.9,84.0,0.259,MEDIUM,81.3,HIGH,1
63.0,0,1,-0.153,37,22,81.4,79.8,293.2,80.5,86.1,0.277,LOW,81.6,MEDIUM,1
88.4,0,2,0.068,43,6,73.4,75.4,331.6,71.8,73.1,0.253,LOW,73.3,HIGH,1
83.4,0,4,0.145,43,8,61.1,76.8,362.2,84.8,72.0,0.0,LOW,78.9,HIGH,1
84.2,0,3,0.144,35,6,98.0,80.3,422.9,72.3,96.8,0.172,LOW,88.8,HIGH,1
88.7,0,7,0.436,46,6,69.5,82.1,431.8,80.2,71.3,-0.05,LOW,75.8,HIGH,1
76.4,8,5,-0.95,36,11,57.2,96.4,328.7,84.0,76.0,0.045,LOW,73.0,HIGH,-1
91.8,1,5,-0.249,42,4,83.3,78.6,456.0,73.2,78.7,-0.094,LOW,93.6,HIGH,1
68.4,1,5,-0.339,29,13,42.0,52.0,328.9,53.6,54.3,-0.332,HIGH,59.3,MEDIUM,1
77.2,0,2,0.387,36,11,74.5,72.7,349.7,84.2,67.2,0.202,LOW,77.5,HIGH,1
80.4,0,1,0.062,32,8,85.2,95.3,351.4,68.1,89.5,-0.163,LOW,87.3,HIGH,1
83.3,0,2,-0.024,45,9,70.0,81.6,357.8,78.2,76.0,0.171,LOW,71.5,HIGH,1
47.1,4,4,0.098,19,21,64.9,62.3,238.7,60.7,69.7,0.239,HIGH,64.4,MEDIUM,1
97.3,0,4,-0.053,50,1,89.4,71.7,430.5,86.7,83.6,-0.028,LOW,79.3,HIGH,1
80.4,0,4,0.297,40,10,81.3,74.8,341.1,88.4,77.8,0.312,LOW,75.5,HIGH,1
75.6,0,3,0.005,42,13,98.0,89.3,10.0,87.1,67.5,-0.075,LOW,77.3,HIGH,-1
53.7,5,3,0.415,23,20,62.3,75.2,212.4,68.7,66.2,-0.078,HIGH,64.3,MEDIUM,1
82.8,0,1,0.475,34,7,78.6,91.7,390.3,83.7,78.3,-0.074,LOW,84.1,HIGH,1
43.9,2,0,-0.349,18,24,57.8,47.3,274.0,48.4,63.5,-0.047,MEDIUM,49.9,MEDIUM,1
67.9,2,2,-0.167,29,14,67.0,77.9,343.1,70.8,75.7,-0.052,MEDIUM,74.1,MEDIUM,1
69.6,0,2,-0.074,40,17,91.5,50.8,257.1,61.2,64.8,-0.028,LOW,68.8,MEDIUM,1
69.8,0,3,-0.376,36,15,73.8,70.5,344.0,74.5,86.2,0.655,LOW,67.6,MEDIUM,1
88.2,0,2,0.005,35,5,84.1,82.8,413.6,79.7,88.1,-0.204,LOW,90.4,HIGH,1
80.7,0,1,0.352,34,8,60.7,88.1,457.3,88.9,68.9,0.338,LOW,69.0,HIGH,1
69.8,2,2,-0.252,30,13,97.5,80.7,377.3,76.9,95.0,-0.008,LOW,88.2,MEDIUM,1
58.5,6,8,-0.672,26,19,74.8,78.9,249.4,61.3,69.5,-0.065,HIGH,72.1,MEDIUM,1
61.4,0,2,-0.081,34,22,69.7,81.7,240.4,72.4,68.3,0.181,LOW,69.4,MEDIUM,1
88.1,0,3,0.389,41,6,98.0,78.9,408.2,81.4,80.5,0.16,LOW,83.9,HIGH,1
85.5,0,0,0.002,49,8,63.6,65.2,325.0,73.0,65.2,-0.159,LOW,72.0,MEDIUM,1
71.6,2,0,-0.132,39,16,57.6,77.9,348.3,77.9,72.9,0.417,MEDIUM,72.5,MEDIUM,1
97.8,0,2,0.499,44,1,96.6,92.5,505.3,78.1,97.2,-0.238,LOW,96.0,HIGH,1
83.8,0,3,0.146,49,9,92.0,72.3,301.0,74.4,85.7,0.1,LOW,85.6,HIGH,1
76.5,0,0,0.076,36,11,51.0,75.2,304.6,74.6,62.3,-0.189,LOW,66.2,HIGH,1
69.7,2,2,-0.275,30,13,58.0,78.2,362.9,70.2,79.7,-0.185,MEDIUM,67.2,MEDIUM,1
89.3,0,1,0.537,43,5,61.5,95.5,399.2,91.1,82.3,0.277,LOW,80.4,HIGH,1
75.2,1,4,0.179,35,12,84.2,59.8,330.9,65.9,70.7,-0.027,LOW,71.8,MEDIUM,1
86.7,0,2,0.233,50,8,79.5,91.3,401.2,83.2,74.2,0.196,LOW,86.7,HIGH,1
81.6,0,1,0.053,33,7,81.3,76.1,424.0,77.4,79.7,-0.163,LOW,81.4,HIGH,1
88.6,0,3,0.105,38,5,66.8,78.2,373.1,74.6,69.3,-0.404,LOW,80.7,HIGH,1
60.8,8,2,-0.95,30,19,68.6,79.9,331.2,61.6,80.1,0.155,LOW,75.6,MEDIUM,-1
69.8,1,1,-0.103,33,14,51.4,66.0,352.4,84.7,53.9,0.139,MEDIUM,60.0,MEDIUM,1
66.6,2,2,-0.583,28,14,78.2,75.3,330.6,67.8,86.0,-0.098,MEDIUM,74.7,MEDIUM,1
50.7,2,4,-0.18,26,25,81.9,55.9,303.4,56.5,76.4,0.127,MEDIUM,59.6,MEDIUM,1
89.9,0,7,-0.01,43,5,52.7,78.4,394.8,91.5,57.6,-0.075,LOW,65.5,HIGH,1
72.1,2,2,-0.054,30,12,87.6,87.2,390.4,81.2,78.5,0.399,LOW,85.0,MEDIUM,1
76.9,0,4,0.234,33,10,72.3,78.8,405.0,71.4,76.1,0.309,LOW,74.2,HIGH,1
78.0,0,2,0.1,35,10,78.2,87.9,399.7,66.7,77.6,-0.107,LOW,76.2,HIGH,1
90.5,0,1,-0.198,43,5,75.6,60.2,459.8,63.2,77.6,0.003,LOW,73.8,HIGH,1
57.3,3,6,-0.515,24,17,50.9,79.0,246.6,61.6,61.0,0.458,HIGH,57.9,MEDIUM,1
66.6,1,4,-0.19,27,14,88.4,59.7,362.4,61.6,58.4,0.132,LOW,71.0,MEDIUM,1
73.2,0,1,-0.135,42,15,64.1,66.7,323.6,75.6,66.5,0.089,LOW,62.3,MEDIUM,1
85.1,0,1,-0.397,36,6,96.1,73.7,340.4,71.2,76.2,0.176,LOW,81.3,MEDIUM,1
87.8,1,3,0.347,37,5,88.5,83.3,362.9,75.9,80.1,0.388,LOW,89.1,HIGH,1
72.2,0,5,-0.271,41,16,68.3,76.4,377.2,83.2,62.4,-0.128,LOW,74.7,HIGH,1
98.6,0,2,-0.007,44,1,98.0,90.5,470.3,100.0,92.6,0.265,LOW,97.2,HIGH,1
69.2,2,4,-0.525,28,12,69.1,74.9,365.7,76.4,60.5,0.026,MEDIUM,69.1,HIGH,1
63.6,0,2,-0.533,34,20,82.7,72.5,325.6,68.2,70.6,0.263,LOW,68.0,HIGH,1
95.6,0,4,0.202,48,2,97.9,80.0,443.2,83.8,99.8,-0.107,LOW,87.7,HIGH,1
88.5,0,1,-0.097,43,6,64.1,82.1,385.3,75.4,71.9,0.276,LOW,77.4,HIGH,1
91.3,1,2,0.033,39,4,71.4,85.5,374.4,93.5,73.9,-0.236,LOW,82.3,HIGH,1
65.4,0,5,-0.794,35,18,98.0,55.3,10.0,63.7,58.9,-0.376,MEDIUM,65.3,MEDIUM,-1
94.5,1,2,0.625,39,2,80.2,87.9,322.7,80.1,75.6,0.153,LOW,80.4,HIGH,1
73.1,2,3,0.207,38,14,77.1,75.1,351.1,69.4,89.7,0.254,LOW,76.2,MEDIUM,1
75.2,0,4,0.519,41,14,52.1,84.4,297.8,86.5,61.7,0.069,LOW,68.3,MEDIUM,1
78.7,0,1,0.483,40,11,73.9,90.5,378.6,76.1,65.7,0.495,LOW,76.0,HIGH,1
57.8,2,1,0.106,25,19,70.6,81.7,369.1,65.4,68.0,-0.054,MEDIUM,73.4,MEDIUM,1
96.4,0,1,0.026,56,2,93.6,51.3,454.6,95.0,87.1,0.344,LOW,80.1,HIGH,1
85.7,0,3,0.114,36,6,70.9,69.9,396.4,70.5,81.1,-0.216,LOW,76.4,HIGH,1
56.6,2,1,-0.549,33,26,51.1,55.3,355.7,62.1,42.4,0.068,HIGH,55.0,MEDIUM,1
63.2,3,2,-0.224,26,15,62.7,68.8,289.4,64.9,60.2,0.286,MEDIUM,64.2,MEDIUM,1
50.4,4,0,-0.623,28,28,66.8,56.1,242.1,77.9,55.4,0.369,HIGH,57.9,MEDIUM,1
71.7,1,4,0.524,36,14,56.5,82.0,260.2,86.2,54.6,-0.136,LOW,66.8,MEDIUM,1
88.1,0,3,0.369,35,5,75.7,72.9,444.4,81.7,79.2,-0.315,LOW,82.4,HIGH,1
66.5,3,1,-0.063,39,19,62.9,72.0,356.7,63.3,68.7,0.037,MEDIUM,68.0,MEDIUM,1
81.4,1,0,-0.068,38,9,57.3,68.8,282.8,67.9,61.2,0.226,MEDIUM,62.7,MEDIUM,1
57.3,5,0,0.1,29,21,44.7,67.1,305.3,78.2,52.0,-0.322,HIGH,51.6,MEDIUM,1
83.2,0,1,-0.374,39,8,94.5,51.5,420.4,57.6,83.7,0.222,MEDIUM,81.7,MEDIUM,1
47.8,2,1,-0.282,27,29,68.6,54.9,217.6,60.3,68.8,0.611,MEDIUM,62.7,MEDIUM,1
88.0,0,1,0.146,52,7,91.2,62.1,424.6,79.2,82.8,-0.387,LOW,78.4,HIGH,1
96.5,0,4,0.589,43,2,79.2,94.5,418.1,100.0,85.9,-0.633,LOW,88.0,HIGH,1
86.3,0,2,-0.289,40,6,79.9,80.0,386.0,69.3,96.2,-0.404,LOW,81.5,HIGH,1
78.0,1,4,0.507,41,11,80.9,73.9,312.0,79.8,68.9,0.397,LOW,82.2,HIGH,1
55.2,6,2,0.097,25,21,81.5,60.9,418.9,65.9,67.4,-0.114,HIGH,67.4,MEDIUM,1
93.8,0,2,0.463,47,3,86.6,80.4,368.2,88.6,89.7,-0.162,LOW,88.3,HIGH,1
96.4,0,2,-0.072,47,2,75.2,94.0,366.8,93.5,88.0,-0.141,LOW,93.4,HIGH,1
72.3,8,4,-0.95,34,13,79.1,72.5,297.5,84.9,97.6,0.143,LOW,78.0,HIGH,-1
61.5,0,1,0.021,30,19,31.7,63.8,305.4,65.4,40.9,0.309,MEDIUM,46.0,MEDIUM,1
80.2,1,2,0.188,40,10,64.4,58.6,302.8,65.1,69.5,0.311,MEDIUM,64.3,MEDIUM,1
87.0,8,4,-0.95,51,8,79.8,73.6,372.7,67.1,76.6,0.267,LOW,75.8,HIGH,-1
84.3,0,4,0.246,47,9,98.0,76.7,10.0,78.0,87.0,-0.026,LOW,84.7,HIGH,-1
92.6,0,2,-0.091,46,4,89.6,85.4,331.4,82.2,72.7,0.004,LOW,85.1,HIGH,1
58.8,5,2,-0.446,32,23,59.6,71.8,249.8,74.7,64.8,-0.242,HIGH,62.1,MEDIUM,1
74.4,1,2,0.333,33,11,70.6,80.6,311.7,66.1,73.6,0.376,LOW,75.0,MEDIUM,1
95.9,0,3,-0.081,47,2,79.0,81.8,452.1,100.0,73.0,0.16,LOW,84.0,HIGH,1
66.6,0,2,-0.15,39,20,76.6,60.9,324.9,66.0,74.4,0.048,LOW,74.0,MEDIUM,1
70.5,1,2,-0.285,31,13,76.6,69.9,323.8,79.6,68.0,-0.266,LOW,72.3,HIGH,1
58.1,4,1,-0.314,34,25,62.9,56.7,332.3,68.6,63.1,-0.547,HIGH,59.7,MEDIUM,1
88.4,0,1,0.552,42,6,71.6,61.7,358.9,67.3,66.6,-0.286,LOW,74.4,HIGH,1
76.6,1,4,0.165,32,10,78.0,78.6,411.2,76.5,74.6,0.151,LOW,87.0,MEDIUM,1
42.5,5,3,0.108,18,24,57.4,39.8,349.8,58.2,56.0,-0.15,HIGH,50.5,MEDIUM,1
93.9,0,2,0.605,46,3,98.0,71.3,482.8,87.3,91.1,0.396,LOW,88.2,HIGH,1
73.5,0,2,0.372,34,12,71.2,72.5,422.6,75.8,68.8,-0.29,LOW,77.2,HIGH,1
80.1,0,2,0.232,33,8,72.5,92.6,384.5,88.3,73.3,0.017,LOW,77.1,HIGH,1
80.0,0,1,0.069,38,9,65.0,69.1,358.9,69.7,66.6,0.095,LOW,69.6,MEDIUM,1
70.6,0,1,0.036,36,15,88.6,51.0,358.9,50.2,79.4,-0.507,LOW,69.2,MEDIUM,1
93.8,0,1,0.004,45,3,82.9,80.6,451.6,96.2,86.4,0.264,LOW,85.6,HIGH,1
92.2,0,4,0.43,46,4,84.0,80.5,355.7,79.0,78.8,-0.058,LOW,86.4,HIGH,1
76.1,0,0,0.165,44,14,93.6,64.6,424.5,62.2,75.9,-0.726,LOW,74.7,HIGH,1
79.2,0,4,0.357,47,12,88.6,73.2,365.5,89.7,80.5,-0.07,LOW,86.8,HIGH,1
78.4,0,1,0.595,44,12,57.6,67.5,359.0,75.4,63.2,0.288,LOW,66.0,MEDIUM,1
79.7,0,2,0.68,41,11,89.3,79.3,391.2,62.4,70.4,-0.224,LOW,77.5,MEDIUM,1
76.9,0,0,0.31,31,9,87.4,67.1,402.3,63.0,79.6,-0.375,LOW,76.9,MEDIUM,1
74.1,0,3,0.309,30,10,51.1,66.0,344.3,72.2,50.5,-0.38,LOW,58.5,MEDIUM,1
84.1,1,4,0.04,40,7,95.2,85.7,415.2,78.3,88.4,-0.081,LOW,87.6,MEDIUM,1
89.0,0,2,0.383,46,6,72.6,77.9,391.3,85.0,72.2,0.217,LOW,68.5,HIGH,1
81.8,0,3,-0.154,37,8,85.0,70.9,364.0,73.8,75.7,0.104,LOW,71.9,MEDIUM,1
94.8,0,2,0.13,40,2,76.2,97.8,403.8,88.7,79.9,-0.489,LOW,83.3,HIGH,1
73.8,0,2,-0.205,41,14,98.0,76.6,350.9,78.4,97.9,-0.148,LOW,85.4,HIGH,1
91.3,0,5,-0.287,45,4,83.1,64.0,357.3,66.5,74.9,0.185,LOW,84.3,MEDIUM,1
79.2,8,3,-0.95,36,10,85.5,63.3,312.1,60.8,99.5,-0.258,LOW,78.7,HIGH,-1
78.6,0,4,-0.193,33,9,76.2,74.3,391.8,82.2,72.0,-0.092,LOW,74.9,MEDIUM,1
89.2,0,2,-0.061,47,6,67.0,88.9,332.3,87.2,66.4,-0.376,LOW,73.8,HIGH,1
89.2,0,1,0.231,49,6,78.6,58.5,414.2,84.4,79.8,-0.011,LOW,76.9,HIGH,1
94.2,1,0,0.387,41,2,65.2,69.7,387.1,71.3,61.0,0.077,LOW,69.2,HIGH,1
86.3,0,2,0.692,45,7,81.7,92.4,340.3,87.2,81.2,0.452,LOW,90.2,HIGH,1
88.7,0,2,-0.466,35,5,76.9,71.8,321.8,71.2,60.1,0.039,LOW,74.1,HIGH,1
88.1,0,3,-0.158,39,5,62.4,71.6,378.9,78.8,65.3,0.091,LOW,70.0,HIGH,1
96.5,0,6,-0.465,55,2,77.8,68.8,363.2,92.0,90.2,0.061,LOW,83.6,HIGH,1
87.6,0,2,-0.28,45,6,65.8,84.9,378.3,89.7,76.4,-0.1,LOW,77.5,HIGH,1
83.4,0,0,0.257,42,8,71.2,60.7,387.0,67.8,67.8,0.044,LOW,61.4,HIGH,1
70.8,0,3,0.091,34,14,68.6,70.8,286.5,72.2,66.0,0.456,LOW,69.2,MEDIUM,1
75.1,0,1,-0.381,35,11,81.2,78.3,304.5,74.6,70.2,-0.075,LOW,79.0,MEDIUM,1
66.1,1,3,-0.15,35,18,57.5,70.5,294.2,62.9,78.0,-0.276,MEDIUM,65.7,MEDIUM,1
79.5,0,1,0.564,33,9,64.9,77.9,334.0,72.9,55.8,0.149,LOW,71.5,HIGH,1
51.2,3,5,-0.566,28,27,64.7,56.9,246.0,51.9,69.7,-0.283,HIGH,63.1,LOW,1
91.4,0,0,0.227,42,4,81.4,92.0,319.3,96.2,84.0,0.241,LOW,87.8,HIGH,1
72.1,3,1,0.579,29,11,80.0,76.4,390.6,72.5,81.0,-0.307,LOW,82.8,MEDIUM,1
76.0,0,3,-0.165,34,11,70.5,59.8,342.0,67.3,79.9,0.451,LOW,73.3,MEDIUM,1
49.5,2,1,-0.275,22,23,66.3,57.0,296.0,53.8,56.7,0.086,HIGH,55.3,MEDIUM,1
88.9,0,5,-0.341,44,5,44.7,99.0,336.8,100.0,67.9,-0.11,LOW,75.7,HIGH,1
85.2,0,0,0.506,43,8,68.8,82.0,401.7,70.4,64.3,0.157,LOW,74.1,MEDIUM,1
79.8,0,2,0.225,46,12,75.3,83.0,352.3,75.3,93.8,0.142,LOW,78.7,HIGH,1
80.8,0,2,-0.083,36,9,74.1,64.4,349.9,72.6,70.7,0.131,MEDIUM,75.4,HIGH,1
89.0,0,3,0.044,47,6,81.2,90.1,360.0,85.5,74.4,0.018,LOW,83.8,HIGH,1
35.9,2,3,0.031,15,27,63.5,35.1,245.4,49.4,54.8,-0.049,HIGH,46.7,LOW,1
76.5,0,2,-0.38,38,11,67.0,77.5,327.0,97.0,74.0,0.364,LOW,75.3,MEDIUM,1
90.4,0,1,-0.146,43,5,83.8,77.5,381.1,67.9,93.7,-0.045,LOW,88.6,MEDIUM,1
57.5,3,3,-0.184,34,25,61.0,63.1,217.3,54.1,61.1,-0.086,MEDIUM,57.7,MEDIUM,1
59.5,2,2,0.018,34,24,70.3,77.0,287.4,69.6,68.2,0.126,MEDIUM,76.5,MEDIUM,1
87.4,0,1,0.237,47,7,84.6,68.1,411.5,80.6,86.5,0.096,LOW,78.8,HIGH,1
65.8,0,1,-0.684,32,16,54.7,72.0,291.3,60.9,62.5,-0.254,MEDIUM,61.9,MEDIUM,1
83.9,1,3,0.4,49,9,81.1,80.4,403.9,82.9,80.4,0.417,LOW,83.7,HIGH,1
62.5,2,0,0.104,29,18,73.3,70.6,274.7,62.5,74.9,-0.314,MEDIUM,68.4,MEDIUM,1
82.6,0,1,0.402,35,8,78.0,91.3,350.7,88.2,68.1,-0.32,LOW,85.5,HIGH,1
70.7,2,2,0.106,31,13,74.8,71.4,354.4,71.9,73.2,0.465,MEDIUM,70.9,MEDIUM,1
82.6,0,4,-0.071,48,10,78.3,81.6,372.9,83.5,75.0,0.003,LOW,80.4,HIGH,1
63.3,1,4,0.183,34,19,57.3,78.9,174.3,76.1,61.1,0.076,MEDIUM,68.0,MEDIUM,1
87.6,0,1,-0.04,50,7,73.2,71.9,356.1,84.0,75.0,-0.123,LOW,76.8,HIGH,1
61.0,2,2,-0.209,35,23,67.6,65.9,260.2,53.9,50.1,-0.054,MEDIUM,62.1,MEDIUM,1
79.1,0,1,0.378,36,9,73.6,62.9,351.6,73.4,63.3,0.296,LOW,67.5,MEDIUM,1
71.3,0,3,0.481,31,13,62.7,77.7,198.8,82.6,68.9,0.171,LOW,67.9,MEDIUM,1
93.0,0,3,-0.116,46,4,73.2,82.9,400.4,88.6,80.0,0.153,LOW,76.1,HIGH,1
83.5,1,3,0.491,37,7,75.9,84.9,399.1,76.3,78.0,-0.278,LOW,69.0,HIGH,1
73.4,0,2,-0.063,34,13,55.0,72.2,291.3,73.2,53.1,-0.029,MEDIUM,68.8,MEDIUM,1
96.7,0,4,0.341,43,1,77.4,78.0,396.7,84.0,74.9,0.193,LOW,80.5,HIGH,1
66.3,0,0,-0.051,33,17,83.1,73.5,311.8,70.3,86.6,-0.467,LOW,76.5,MEDIUM,1
81.5,0,2,0.121,42,10,79.0,91.1,435.7,82.0,90.2,-0.202,LOW,90.3,HIGH,1
66.9,1,1,-0.66,30,15,63.0,75.9,364.9,70.6,64.7,0.212,MEDIUM,65.0,HIGH,1
65.3,1,3,-0.552,29,15,62.2,55.1,352.6,67.7,52.9,-0.256,MEDIUM,57.2,MEDIUM,1
54.4,3,5,0.048,31,26,91.1,66.4,398.6,50.4,94.6,-0.137,MEDIUM,76.7,MEDIUM,1
97.8,0,3,0.238,48,1,83.5,99.0,472.0,89.8,100.0,0.28,LOW,90.8,HIGH,1
79.2,0,3,0.268,44,11,81.1,69.0,348.4,67.9,80.8,0.143,LOW,71.3,MEDIUM,1
66.0,0,3,-0.334,35,18,59.3,64.8,308.4,73.6,62.5,0.207,MEDIUM,61.1,MEDIUM,1
81.4,1,3,-0.013,44,10,81.6,57.0,397.9,67.9,65.4,0.137,LOW,65.5,MEDIUM,1
78.3,0,4,0.241,33,9,57.6,74.3,344.9,72.4,66.2,0.142,LOW,72.3,MEDIUM,1
94.1,1,4,0.002,40,2,77.3,77.8,343.1,81.1,77.8,0.04,LOW,80.3,HIGH,1
54.0,8,2,-0.95,28,23,58.5,69.0,299.7,59.9,57.9,-0.3,HIGH,54.0,MEDIUM,-1
72.7,1,3,-0.252,39,15,45.5,72.8,321.0,83.5,51.4,-0.076,MEDIUM,61.2,MEDIUM,1
73.6,1,1,0.126,37,13,77.4,75.0,373.3,73.4,71.7,-0.04,LOW,78.7,HIGH,1
88.9,0,0,-0.116,44,5,73.4,85.5,395.4,91.5,85.9,-0.366,LOW,85.0,HIGH,1
48.2,3,3,-0.181,28,31,69.0,43.5,273.5,49.2,65.4,-0.119,HIGH,60.6,MEDIUM,1
84.3,0,2,-0.227,46,8,74.1,89.4,397.1,95.7,87.7,-0.072,LOW,81.3,HIGH,1
95.8,0,3,0.49,55,2,71.2,87.3,315.2,97.4,75.5,0.377,LOW,84.2,HIGH,1
57.9,2,1,-0.738,31,22,70.3,75.8,320.5,68.0,74.6,-0.434,MEDIUM,68.9,MEDIUM,1
94.3,0,2,0.416,42,3,80.5,86.6,447.5,92.5,80.6,0.043,LOW,88.5,HIGH,1
97.6,1,2,0.006,52,1,84.3,87.8,488.6,90.9,75.6,0.109,LOW,85.6,HIGH,1
75.3,0,2,0.287,41,14,78.9,72.1,378.8,73.8,80.0,0.199,LOW,78.6,MEDIUM,1
94.9,0,7,0.239,39,2,85.1,77.8,378.3,81.7,77.4,0.289,LOW,83.0,HIGH,1
90.4,0,0,-0.056,52,6,72.6,89.4,364.4,87.3,80.9,-0.28,LOW,82.2,HIGH,1
85.6,0,2,-0.024,38,6,57.4,82.9,369.6,82.4,55.8,-0.091,LOW,69.6,HIGH,1
89.1,0,7,0.415,45,5,68.1,76.7,392.3,75.5,77.4,0.182,LOW,75.8,HIGH,1
56.2,4,1,-0.202,28,22,60.9,78.6,240.0,72.0,71.6,-0.073,HIGH,64.5,MEDIUM,1
66.5,2,4,-0.332,39,19,67.9,68.0,324.0,59.4,62.7,0.059,MEDIUM,69.4,MEDIUM,1
88.5,1,1,-0.02,50,7,96.6,83.9,408.9,85.5,92.1,0.308,LOW,90.0,HIGH,1
62.8,0,2,-0.32,30,17,91.4,56.8,332.7,56.2,79.9,0.256,LOW,71.3,MEDIUM,1
68.1,0,3,0.247,35,16,67.6,66.2,325.2,79.7,82.1,0.152,LOW,73.0,MEDIUM,1
70.8,1,5,0.551,34,14,75.6,60.8,342.7,73.5,69.3,0.324,LOW,68.5,MEDIUM,1
89.2,0,3,0.609,37,5,74.0,69.1,446.6,80.7,74.2,-0.174,LOW,77.6,HIGH,1
92.1,8,2,-0.95,41,4,73.0,79.5,310.6,88.5,66.7,-0.038,LOW,74.4,HIGH,-1
85.4,1,2,-0.111,34,6,75.1,73.1,374.5,83.2,76.9,0.036,LOW,80.7,HIGH,1
42.3,6,4,-0.229,24,32,48.9,68.6,229.3,64.7,65.3,-0.207,HIGH,52.2,MEDIUM,1
81.1,1,1,-0.079,34,8,66.5,70.1,279.2,62.7,76.2,0.341,MEDIUM,73.1,MEDIUM,1
78.7,1,0,0.368,45,12,67.8,80.3,376.5,74.1,73.6,0.168,LOW,76.8,HIGH,1
97.7,1,2,0.053,56,1,75.6,76.6,441.7,79.7,77.7,0.13,LOW,81.2,HIGH,1
83.8,1,2,-0.027,34,7,77.0,77.6,311.8,73.7,79.6,-0.324,LOW,75.7,HIGH,1
85.0,0,3,-0.018,37,6,79.3,67.3,413.3,88.9,77.9,-0.265,LOW,73.5,HIGH,1
78.9,0,6,-0.121,32,8,60.7,82.2,304.3,79.2,70.5,-0.251,LOW,71.8,MEDIUM,1
91.4,0,5,0.312,45,4,84.9,95.9,420.4,97.9,74.7,-0.592,LOW,90.5,HIGH,1
84.8,0,0,0.26,37,7,76.4,66.5,385.4,74.4,79.1,0.051,LOW,74.3,HIGH,1
78.6,0,2,-0.112,35,9,71.8,81.1,363.7,73.2,76.0,-0.577,LOW,71.1,MEDIUM,1
86.8,0,4,0.373,42,6,82.3,95.0,305.3,88.1,84.0,-0.039,LOW,91.0,HIGH,1
80.9,0,1,0.199,43,10,93.5,68.2,325.3,71.4,74.7,0.371,LOW,78.6,MEDIUM,1
96.6,0,0,-0.187,50,2,81.6,98.1,422.7,100.0,92.2,0.068,LOW,88.6,HIGH,1
86.1,0,2,-0.213,45,7,66.9,79.1,386.8,68.1,85.6,-0.15,LOW,76.1,HIGH,1
76.8,0,4,-0.176,31,9,79.6,73.4,324.5,81.7,86.3,-0.024,LOW,81.7,HIGH,1
86.7,0,6,0.375,49,7,84.9,76.1,449.1,80.7,77.7,0.25,LOW,82.6,HIGH,1
70.6,0,0,0.544,42,17,73.4,69.0,311.0,69.6,60.6,0.085,LOW,69.5,HIGH,1
75.4,0,1,-0.73,35,12,72.3,61.7,333.1,68.9,60.2,-0.214,LOW,71.3,MEDIUM,1
90.6,0,2,-0.258,38,4,67.1,74.9,370.6,84.4,70.7,0.036,LOW,75.3,HIGH,1
86.6,0,2,0.489,49,7,64.6,99.0,373.1,88.2,79.9,0.005,LOW,80.5,HIGH,1
78.3,0,2,0.014,40,11,69.5,61.0,346.0,78.4,74.7,-0.299,LOW,72.8,MEDIUM,1
61.4,1,1,0.066,35,22,53.5,69.4,271.7,53.0,62.3,0.278,MEDIUM,60.2,MEDIUM,1
83.1,0,3,0.124,44,9,86.2,76.6,383.2,74.6,77.3,-0.62,LOW,78.8,HIGH,1
77.5,0,4,0.194,39,11,54.8,73.4,335.1,68.5,63.2,0.031,LOW,68.7,MEDIUM,1
71.1,8,4,-0.95,39,16,69.9,64.0,342.3,57.4,64.7,-0.032,LOW,71.3,MEDIUM,-1
95.0,0,4,0.092,41,2,80.7,65.4,419.7,81.0,79.0,-0.16,LOW,80.4,HIGH,1
57.6,2,1,-0.503,33,24,70.5,68.7,299.5,76.9,77.6,-0.204,MEDIUM,70.9,MEDIUM,1
70.3,3,2,0.272,32,14,78.8,65.1,371.3,72.4,71.7,0.608,MEDIUM,74.1,MEDIUM,1
94.1,0,4,-0.021,47,3,72.8,83.2,401.1,83.2,78.6,-0.146,LOW,75.0,HIGH,1
69.6,1,5,0.433,38,17,85.2,63.8,363.4,74.8,77.3,-0.092,LOW,74.5,MEDIUM,1
64.7,2,3,-0.297,36,19,54.7,74.2,309.6,74.8,60.9,0.08,MEDIUM,63.1,MEDIUM,1
71.2,3,1,0.258,30,12,81.0,71.4,374.6,64.6,73.8,-0.1,MEDIUM,73.8,MEDIUM,1
91.6,0,3,0.377,44,4,87.9,83.1,443.9,80.0,90.1,-0.175,LOW,91.2,HIGH,1
82.6,0,3,0.463,39,8,54.5,82.2,335.1,95.6,72.8,-0.171,LOW,70.5,MEDIUM,1
72.5,8,0,-0.95,33,13,58.5,72.7,340.8,83.5,68.4,-0.069,MEDIUM,68.2,MEDIUM,-1
79.3,0,1,0.453,44,12,85.5,67.8,422.7,77.1,82.1,0.281,LOW,75.0,HIGH,1
91.9,0,2,0.071,46,4,82.9,89.9,367.6,94.8,85.7,0.034,LOW,90.2,HIGH,1
69.2,0,0,-0.012,30,13,70.4,89.7,327.0,88.0,70.4,0.413,LOW,73.2,HIGH,1
68.9,1,0,-0.815,30,13,38.4,74.7,266.5,82.4,63.5,0.313,MEDIUM,64.7,MEDIUM,1
85.4,0,4,0.295,38,6,75.6,50.9,427.3,76.7,68.1,0.298,LOW,75.5,HIGH,1
74.9,0,0,0.31,35,12,64.4,65.2,283.9,65.0,65.2,0.092,LOW,67.7,MEDIUM,1
65.3,2,4,0.003,32,17,52.7,67.3,266.2,69.6,65.3,0.07,MEDIUM,63.7,MEDIUM,1
76.1,0,0,0.367,43,13,81.2,70.4,412.7,81.0,77.7,0.19,LOW,76.0,HIGH,1
62.3,3,4,0.021,28,17,66.7,52.4,312.3,62.5,63.3,0.258,MEDIUM,60.5,MEDIUM,1
84.5,0,1,-0.001,41,7,66.9,70.4,379.2,76.1,61.9,-0.293,LOW,66.4,MEDIUM,1
83.0,0,3,0.027,41,8,67.3,77.0,349.6,75.3,65.7,0.151,LOW,67.7,HIGH,1
95.7,0,2,0.31,45,2,84.1,85.1,431.0,75.8,82.7,-0.077,LOW,82.6,HIGH,1
88.7,0,3,-0.428,48,6,84.9,79.7,395.8,77.3,91.7,-0.03,LOW,89.3,MEDIUM,1
68.6,1,4,-0.687,39,18,78.3,62.0,295.6,57.5,65.8,0.095,MEDIUM,68.2,MEDIUM,1
61.8,2,2,-0.425,27,17,72.3,55.4,370.7,64.1,60.2,-0.394,MEDIUM,67.3,MEDIUM,1
63.7,0,3,-0.372,36,21,66.5,63.6,310.9,61.6,60.9,0.417,MEDIUM,64.1,MEDIUM,1
74.6,0,1,0.19,30,10,62.2,68.6,339.3,72.2,70.7,-0.071,MEDIUM,68.0,MEDIUM,1
89.5,0,0,0.73,37,4,83.8,84.6,388.6,86.6,81.7,-0.125,LOW,84.1,HIGH,1
97.0,0,1,-0.034,48,1,71.6,71.5,461.1,84.8,66.3,0.158,LOW,77.8,HIGH,1
77.7,0,1,0.241,35,10,75.1,76.5,379.7,72.8,80.7,0.121,LOW,76.7,HIGH,1
63.8,0,0,-0.736,37,21,65.0,68.0,297.3,64.8,60.7,-0.273,MEDIUM,64.3,MEDIUM,1
85.7,0,4,-0.032,43,7,87.4,74.5,405.8,79.6,83.5,0.411,LOW,85.0,HIGH,1
89.9,0,1,0.313,51,6,88.6,84.2,371.5,85.1,77.3,-0.265,LOW,85.9,HIGH,1
94.4,0,0,-0.012,52,3,89.2,77.8,416.6,90.4,94.8,-0.028,LOW,86.4,HIGH,1
75.7,0,3,-0.08,36,11,78.6,84.1,337.7,79.7,88.4,-0.397,LOW,79.0,MEDIUM,1
43.5,3,5,-0.87,19,24,55.6,66.7,186.2,50.6,61.5,0.563,HIGH,58.6,LOW,1
37.4,4,1,-0.476,19,31,72.3,50.0,257.1,46.0,77.5,0.16,HIGH,50.0,LOW,1
63.7,3,3,0.091,31,18,73.9,84.2,305.0,68.4,73.2,-0.083,MEDIUM,69.2,MEDIUM,1
78.1,0,6,-0.028,43,12,91.9,55.2,442.3,65.3,71.8,-0.002,LOW,78.9,MEDIUM,1
93.2,0,4,0.128,48,3,94.3,97.3,365.3,95.6,100.0,-0.26,LOW,98.3,HIGH,1
72.8,0,4,-0.123,31,11,66.4,86.6,314.4,84.1,67.0,0.244,LOW,71.9,MEDIUM,1
92.1,0,0,0.012,46,4,74.4,70.5,402.8,81.6,73.1,-0.371,LOW,79.8,MEDIUM,1
86.6,1,1,0.46,48,7,84.2,75.9,429.1,69.2,97.7,0.185,LOW,83.9,HIGH,1
71.2,2,2,-0.033,30,12,56.3,60.8,294.6,62.4,55.1,-0.224,MEDIUM,59.0,MEDIUM,1
87.2,0,3,-0.119,43,6,74.4,74.6,471.3,76.5,74.7,0.367,LOW,77.7,HIGH,1
82.0,1,2,0.467,45,10,67.8,90.6,341.5,88.6,82.7,-0.15,LOW,77.8,HIGH,1
91.3,0,1,0.091,42,4,80.4,79.5,358.5,71.7,84.3,0.042,LOW,80.9,HIGH,1
80.3,0,2,0.01,43,11,49.7,55.7,320.5,60.7,45.8,0.429,MEDIUM,54.7,MEDIUM,1
85.4,0,3,0.154,46,8,98.0,85.7,483.1,87.6,98.9,0.127,LOW,93.0,HIGH,1
52.7,4,3,0.069,26,23,69.8,65.9,327.8,65.6,67.5,0.163,HIGH,65.1,MEDIUM,1
91.2,0,3,0.14,38,4,93.0,69.1,486.7,90.7,90.0,0.01,LOW,85.0,HIGH,1
81.4,1,2,-0.108,37,8,77.6,92.2,426.8,99.7,71.8,-0.084,LOW,82.5,HIGH,1
87.1,0,2,0.137,50,7,98.0,86.1,10.0,76.9,100.0,0.096,LOW,87.9,HIGH,-1
66.2,0,3,-0.72,29,15,74.8,66.5,328.4,58.4,70.6,0.045,MEDIUM,68.1,MEDIUM,1
91.7,0,2,-0.174,50,5,90.8,83.7,490.5,78.3,91.2,0.168,LOW,88.3,HIGH,1
58.3,5,3,-0.149,30,22,70.0,78.9,318.4,89.2,67.1,0.377,HIGH,74.4,MEDIUM,1
74.7,0,3,0.109,31,11,88.6,79.3,396.6,72.0,73.0,-0.04,LOW,78.5,MEDIUM,1
92.5,0,2,0.219,50,4,72.9,66.7,448.5,88.9,68.7,-0.109,LOW,75.0,HIGH,1
90.5,0,2,0.229,53,6,98.0,73.3,517.1,90.8,94.7,-0.191,LOW,90.8,HIGH,1
64.1,0,4,-0.003,29,16,65.1,49.4,376.0,44.8,68.3,0.082,MEDIUM,61.6,MEDIUM,1
73.5,1,2,0.133,32,11,62.2,71.0,275.9,75.2,62.0,0.243,LOW,66.0,MEDIUM,1
84.4,0,2,0.404,46,8,82.4,58.4,386.2,73.3,86.1,-0.067,LOW,74.3,HIGH,1
95.7,0,0,0.238,55,2,69.6,84.1,394.2,94.6,67.4,0.123,LOW,80.3,HIGH,1
91.5,0,2,0.255,44,4,74.9,89.3,350.4,97.9,77.5,-0.107,LOW,87.5,HIGH,1
86.4,1,8,-0.15,51,8,74.9,77.4,332.4,88.0,79.2,0.14,LOW,80.6,HIGH,1
81.0,0,3,-0.115,35,8,72.9,63.7,340.9,74.7,63.1,-0.148,LOW,63.8,MEDIUM,1
56.5,4,4,-0.408,31,24,74.9,64.9,332.7,69.4,51.3,0.138,HIGH,67.1,HIGH,1
53.1,3,1,0.321,30,27,71.5,66.2,323.5,42.8,76.4,-0.06,HIGH,68.2,MEDIUM,1
71.3,0,4,0.511,31,13,66.9,81.2,316.2,65.0,73.4,-0.509,LOW,69.5,MEDIUM,1
72.6,0,2,-0.165,38,14,76.6,65.9,270.2,65.1,74.3,0.071,LOW,76.2,MEDIUM,1
71.2,2,7,0.094,32,13,95.9,77.0,378.5,76.5,81.4,0.111,MEDIUM,81.9,MEDIUM,1
62.2,0,2,-0.489,36,22,51.6,56.4,347.5,52.3,56.0,-0.087,MEDIUM,58.3,MEDIUM,1
46.3,3,5,-0.481,24,27,46.1,51.5,207.1,57.0,46.9,-0.414,HIGH,51.0,LOW,1
63.3,2,2,0.053,34,20,67.2,81.0,372.7,81.4,66.8,0.148,MEDIUM,71.4,MEDIUM,1
99.2,0,3,-0.341,48,0,98.0,99.0,443.4,77.5,100.0,-0.024,LOW,99.0,HIGH,1
86.4,1,3,0.242,40,6,68.3,71.3,410.4,94.4,64.0,-0.016,MEDIUM,74.7,HIGH,1
52.8,5,1,-0.269,28,25,54.4,75.3,310.2,58.1,62.7,0.052,HIGH,61.7,MEDIUM,1
94.5,0,4,0.399,55,3,89.0,89.3,398.3,93.7,88.6,0.256,LOW,86.7,HIGH,1
63.3,3,5,-0.192,37,22,78.0,63.5,321.5,58.1,68.5,-0.234,MEDIUM,66.1,MEDIUM,1
58.6,2,5,0.199,32,23,64.4,65.5,318.1,66.0,63.3,-0.227,MEDIUM,71.3,MEDIUM,1
39.9,6,2,-0.239,17,26,57.7,63.1,236.4,40.5,65.3,0.213,HIGH,49.6,LOW,1
93.3,0,1,0.386,48,3,81.5,88.1,355.0,96.5,91.7,0.379,LOW,88.0,HIGH,1
89.2,0,6,0.166,51,6,81.7,93.6,400.8,77.1,84.6,0.276,LOW,85.1,HIGH,1
81.5,0,2,0.122,38,9,58.3,67.3,362.6,77.7,66.4,-0.026,LOW,69.6,HIGH,1
92.3,0,5,0.465,52,4,83.3,90.3,390.3,95.9,80.9,-0.146,LOW,88.9,HIGH,1
69.0,1,1,-0.226,29,13,70.0,78.5,276.8,69.6,69.9,0.329,LOW,69.9,MEDIUM,1
73.2,3,1,0.152,31,12,76.0,87.7,419.1,73.7,73.7,0.347,MEDIUM,78.2,HIGH,1
84.1,1,1,-0.109,41,8,70.5,74.5,388.0,64.4,75.2,-0.082,LOW,68.7,HIGH,1
84.8,0,2,0.111,47,8,83.4,89.4,433.4,86.0,79.4,0.249,LOW,90.0,HIGH,1
72.6,1,3,-0.704,43,16,81.0,87.2,361.0,80.1,79.2,0.298,LOW,79.5,HIGH,1
93.8,0,0,-0.031,38,3,98.0,85.1,434.1,79.1,90.1,-0.282,LOW,95.7,HIGH,1
69.3,2,4,-0.15,35,16,98.0,73.5,10.0,72.0,58.6,-0.272,MEDIUM,64.0,MEDIUM,-1
95.6,0,2,0.056,53,2,71.1,83.0,391.3,75.2,69.9,0.01,LOW,81.2,HIGH,1
90.5,0,0,0.035,44,5,82.4,89.2,389.5,76.5,85.8,-0.372,LOW,85.2,HIGH,1
90.8,0,4,0.271,40,4,86.6,92.1,448.2,94.0,83.3,-0.115,LOW,90.2,HIGH,1
49.2,3,3,0.22,25,26,61.0,68.2,318.4,60.7,78.4,0.023,MEDIUM,60.9,MEDIUM,1
65.8,0,2,-0.37,28,14,69.4,76.2,299.3,62.0,79.1,-0.042,LOW,69.8,MEDIUM,1
64.6,0,1,0.01,33,18,60.6,62.4,336.3,74.7,70.3,-0.429,MEDIUM,65.2,MEDIUM,1
72.1,1,4,0.094,29,11,52.3,66.0,256.5,68.8,50.6,0.168,MEDIUM,55.7,MEDIUM,1
82.4,0,3,0.257,34,7,91.1,64.9,387.7,76.5,77.3,-0.095,LOW,86.4,HIGH,1
63.5,1,5,0.353,32,18,86.1,88.8,359.0,79.8,83.3,-0.428,LOW,80.8,HIGH,1
61.4,0,1,0.029,31,20,56.9,63.7,265.6,65.1,60.5,0.11,LOW,60.8,MEDIUM,1
71.9,0,3,0.477,33,13,63.6,79.3,348.3,74.2,81.9,0.043,LOW,77.6,HIGH,1
65.7,0,0,-0.371,26,14,48.9,60.0,304.8,74.4,43.7,0.208,MEDIUM,60.4,MEDIUM,1
81.2,0,3,0.073,42,10,70.8,71.6,381.8,65.0,71.0,0.01,LOW,74.5,MEDIUM,1
37.7,2,2,-0.573,20,32,57.9,45.2,268.9,31.8,52.1,0.038,HIGH,48.0,LOW,1
87.6,0,1,-0.082,36,5,71.1,70.9,370.6,72.7,72.0,0.099,LOW,71.6,HIGH,1
84.2,0,3,0.161,41,8,86.1,78.6,352.5,75.5,83.6,-0.151,LOW,91.4,MEDIUM,1
77.3,0,2,-0.108,31,9,62.4,78.0,314.7,63.6,64.8,0.044,LOW,72.2,MEDIUM,1
84.6,1,3,0.17,39,7,84.8,78.5,373.2,83.7,81.9,0.223,LOW,75.4,HIGH,1
88.2,0,4,-0.037,46,6,82.8,71.7,480.0,77.3,79.0,0.317,LOW,82.3,HIGH,1
85.6,0,6,0.144,35,6,73.7,76.6,318.3,85.1,67.6,0.476,LOW,74.8,HIGH,1
91.0,1,3,0.301,54,5,77.5,89.9,359.6,86.6,96.2,0.186,LOW,80.5,HIGH,1
76.9,0,4,0.278,35,11,82.0,86.0,331.2,69.1,81.9,-0.248,LOW,81.1,HIGH,1
76.6,0,1,0.226,43,13,98.0,81.4,451.4,72.3,100.0,0.194,LOW,86.0,HIGH,1
65.9,0,1,0.148,29,15,66.4,73.0,324.6,71.3,74.8,-0.025,LOW,70.8,MEDIUM,1
34.1,3,1,-0.807,17,33,64.0,52.4,187.4,60.6,61.9,0.39,HIGH,51.1,LOW,1
92.5,0,3,0.091,46,4,98.0,74.9,10.0,82.2,86.3,-0.229,LOW,87.8,HIGH,-1
67.1,0,3,-0.017,34,16,60.6,69.4,295.9,70.3,66.9,0.349,MEDIUM,72.0,MEDIUM,1
90.3,0,2,-0.515,51,5,69.5,82.3,364.1,93.0,60.6,0.418,LOW,76.6,HIGH,1
73.3,2,0,0.618,43,15,71.8,83.1,365.5,81.0,65.2,0.151,LOW,77.4,HIGH,1
91.7,0,1,0.01,43,4,83.0,75.1,386.1,80.9,74.5,0.414,LOW,81.2,HIGH,1
69.0,2,3,-0.453,41,18,75.6,60.9,360.0,61.1,61.6,0.35,MEDIUM,64.3,MEDIUM,1
86.9,0,1,0.33,46,7,68.9,59.5,396.6,89.2,66.8,0.026,LOW,61.3,MEDIUM,1
78.6,0,3,-0.132,39,10,83.3,86.2,335.4,71.9,84.1,-0.32,LOW,84.6,HIGH,1
71.5,0,2,0.505,33,13,57.4,71.0,294.3,67.0,76.2,-0.181,LOW,66.7,HIGH,1
70.9,0,0,0.106,29,12,70.3,56.1,330.8,49.5,69.3,-0.33,LOW,68.7,MEDIUM,1
60.9,1,3,0.175,34,22,69.2,61.6,394.0,79.1,69.0,0.223,MEDIUM,66.4,MEDIUM,1
78.1,0,5,0.47,31,9,57.6,68.0,329.8,72.3,63.7,-0.15,LOW,72.8,MEDIUM,1
85.7,0,2,0.137,45,7,83.0,73.4,401.3,87.3,81.4,-0.084,LOW,79.2,HIGH,1
97.2,0,1,-0.104,56,2,80.9,90.0,406.0,91.0,80.8,0.145,LOW,88.0,HIGH,1
68.7,2,0,0.271,36,17,63.9,60.3,292.3,71.6,63.0,0.129,MEDIUM,64.7,MEDIUM,1
60.3,0,3,-0.705,34,23,68.8,75.4,275.2,66.0,66.0,-0.102,MEDIUM,70.2,MEDIUM,1
51.7,4,1,-0.352,31,28,43.3,56.4,254.6,34.9,38.6,0.144,HIGH,43.5,LOW,1
58.3,2,0,0.01,31,22,69.0,58.3,322.1,69.7,63.8,0.447,MEDIUM,60.8,MEDIUM,1
77.6,0,4,-0.34,42,12,59.4,63.3,251.7,70.6,64.4,0.283,LOW,62.2,MEDIUM,1
73.4,0,5,-0.266,39,14,75.9,72.0,361.2,75.0,82.5,-0.009,LOW,78.6,MEDIUM,1
81.8,0,2,0.045,36,8,77.2,79.5,389.2,81.5,75.8,0.241,LOW,86.2,HIGH,1
58.8,6,3,-0.167,32,23,82.5,62.3,378.1,58.7,69.3,-0.311,HIGH,66.2,MEDIUM,1
82.8,0,1,-0.466,36,8,94.5,76.6,439.5,85.1,87.6,-0.037,LOW,87.0,HIGH,1
82.0,0,2,0.44,43,9,85.2,74.2,363.1,66.9,75.6,-0.026,LOW,80.3,HIGH,1
66.2,0,3,-0.296,36,19,67.2,78.6,276.1,73.7,62.3,0.14,LOW,65.2,MEDIUM,1
68.4,1,3,-0.038,37,17,69.0,68.4,300.9,64.5,62.2,-0.387,MEDIUM,70.5,MEDIUM,1
41.1,3,5,-0.474,18,26,41.8,59.1,232.8,54.7,52.3,0.186,HIGH,48.8,LOW,1
91.2,0,2,-0.015,41,4,59.1,96.5,353.1,89.8,73.8,-0.457,LOW,74.3,HIGH,1
70.2,1,1,0.191,36,16,83.0,98.5,370.3,86.9,91.3,0.734,LOW,84.9,HIGH,1
83.0,0,2,0.147,46,9,71.3,69.0,437.2,63.2,73.1,-0.372,LOW,76.3,HIGH,1
74.2,0,2,0.302,36,13,61.5,87.1,366.5,61.5,79.3,-0.055,LOW,75.7,MEDIUM,1
81.7,0,3,0.317,34,7,54.6,67.1,351.3,72.5,71.6,0.53,LOW,68.4,MEDIUM,1
88.9,0,4,-0.248,46,6,81.0,87.1,393.0,100.0,87.2,0.247,LOW,87.9,HIGH,1
77.6,0,3,0.157,43,13,70.6,92.7,345.2,96.0,73.7,0.435,LOW,74.0,HIGH,1
83.0,0,4,0.05,33,7,68.3,83.5,392.7,78.6,76.4,0.073,LOW,78.9,HIGH,1
90.6,1,3,0.219,39,4,71.5,80.5,384.2,92.3,72.6,0.423,LOW,85.6,HIGH,1
80.0,1,0,0.004,46,11,78.1,57.3,388.5,80.8,73.7,0.282,LOW,68.3,MEDIUM,1
67.7,0,2,-0.234,30,15,69.4,64.7,294.6,59.0,68.6,0.245,LOW,69.1,MEDIUM,1
61.1,1,1,0.334,31,20,44.9,61.2,271.3,65.5,52.6,-0.104,MEDIUM,56.9,MEDIUM,1
75.6,0,1,-0.254,45,14,62.1,67.0,334.4,53.5,67.3,0.089,LOW,67.0,MEDIUM,1
60.9,3,2,-0.385,32,20,75.8,67.6,334.8,62.0,86.8,-0.053,HIGH,75.6,MEDIUM,1
85.6,1,0,-0.601,35,6,68.6,81.2,314.6,75.1,77.9,0.106,MEDIUM,81.5,MEDIUM,1
39.7,4,2,-0.411,22,34,65.8,35.2,269.9,48.7,59.3,-0.408,HIGH,59.1,LOW,1
65.8,0,0,-0.582,32,17,67.9,53.1,319.8,59.3,65.0,0.218,MEDIUM,65.1,MEDIUM,1
82.6,0,1,0.684,48,10,70.4,89.2,298.3,80.0,86.4,0.258,LOW,77.9,MEDIUM,1
79.9,8,0,-0.95,35,9,70.0,72.4,400.3,86.1,65.9,0.066,LOW,74.4,HIGH,-1
83.1,1,2,-0.021,42,9,83.4,71.1,339.0,60.2,84.0,0.073,LOW,76.7,MEDIUM,1
51.1,3,5,-0.056,29,28,49.2,66.2,239.2,50.9,75.5,0.092,HIGH,59.6,MEDIUM,1
84.4,0,6,-0.221,41,7,61.0,90.0,272.8,89.4,74.7,0.028,LOW,73.0,HIGH,1
62.6,1,1,-0.019,31,19,57.5,51.1,320.8,55.5,53.5,0.36,MEDIUM,51.8,MEDIUM,1
84.3,0,2,0.32,36,7,62.0,65.3,360.4,77.9,57.8,-0.004,LOW,68.2,HIGH,1
71.1,1,4,0.57,35,14,57.6,66.9,371.5,79.4,60.7,0.293,LOW,57.8,MEDIUM,1
66.4,0,1,-0.086,27,13,55.1,83.0,288.5,81.1,73.6,0.067,MEDIUM,72.9,MEDIUM,1
78.0,0,2,-0.452,32,9,75.6,91.6,379.2,93.0,86.7,-0.014,LOW,83.4,HIGH,1
86.6,0,2,0.442,42,6,54.6,79.5,378.1,82.4,63.1,0.593,LOW,73.7,HIGH,1
72.1,3,7,1.0,41,16,72.2,76.6,347.7,67.0,80.5,-0.21,LOW,77.5,MEDIUM,1
55.2,6,2,-0.259,30,25,98.0,58.6,10.0,51.1,69.6,-0.156,HIGH,62.9,LOW,-1
78.8,0,3,0.1,42,11,82.9,74.5,334.7,71.2,80.7,0.073,LOW,80.1,MEDIUM,1
75.0,0,2,-0.047,32,11,76.1,73.9,317.2,80.6,72.1,-0.31,LOW,74.8,MEDIUM,1
75.1,0,2,-0.39,31,10,75.7,62.2,378.5,72.5,87.6,-0.321,LOW,75.5,MEDIUM,1
99.0,8,1,-0.95,50,1,72.3,87.5,377.4,98.9,67.8,0.261,LOW,79.1,HIGH,-1
82.8,0,3,-0.065,49,10,71.2,84.9,337.1,92.7,77.5,0.315,LOW,78.5,MEDIUM,1
84.6,0,4,0.2,37,7,58.9,84.5,317.0,74.2,66.5,-0.144,LOW,71.4,HIGH,1
38.5,5,0,-0.141,17,26,68.2,47.8,245.2,56.1,67.3,-0.275,HIGH,57.8,MEDIUM,1
91.4,0,2,0.67,49,5,96.7,75.0,436.9,79.1,91.5,0.067,LOW,89.5,HIGH,1
68.1,0,4,-0.371,29,13,74.4,66.1,354.1,59.5,67.3,-0.023,MEDIUM,68.8,MEDIUM,1
86.2,0,4,-0.273,48,8,63.3,81.7,326.0,94.8,65.3,-0.292,LOW,79.8,HIGH,1
69.5,2,0,-0.165,33,14,77.3,73.4,340.7,70.5,76.0,0.236,MEDIUM,78.9,MEDIUM,1
51.8,4,1,-0.279,26,25,55.2,75.0,166.7,72.9,71.0,-0.054,HIGH,69.1,MEDIUM,1
73.0,3,3,0.661,34,13,51.3,74.7,317.8,91.0,57.2,0.15,MEDIUM,59.8,HIGH,1
66.3,2,3,-0.0,39,20,63.5,82.6,289.7,62.2,68.7,-0.042,MEDIUM,71.5,MEDIUM,1
71.4,0,2,0.06,42,17,98.0,84.9,10.0,77.4,86.3,0.005,LOW,80.0,MEDIUM,-1
80.5,0,7,0.406,35,9,72.5,70.3,314.7,68.6,82.8,-0.383,LOW,71.3,MEDIUM,1
91.6,0,3,0.435,41,4,81.9,82.3,398.8,82.4,83.6,0.507,LOW,87.1,HIGH,1
65.4,1,1,-0.532,29,15,98.0,67.6,10.0,69.7,46.0,0.085,MEDIUM,65.8,MEDIUM,-1
90.3,0,5,0.235,42,5,77.1,86.1,393.3,79.2,70.0,0.041,LOW,77.2,HIGH,1
96.4,0,2,0.766,55,2,79.8,88.8,416.3,94.3,75.5,0.098,LOW,84.9,HIGH,1
54.8,4,2,-0.696,24,19,50.0,70.0,273.2,73.9,50.9,-0.433,HIGH,52.1,MEDIUM,1
64.1,0,4,-0.476,28,15,69.1,68.3,310.9,72.2,79.6,0.056,MEDIUM,70.8,HIGH,1
84.7,0,5,0.039,37,7,73.9,79.6,325.8,85.2,77.4,-0.338,LOW,76.3,HIGH,1
79.9,0,1,0.255,43,11,81.3,94.0,399.5,82.7,91.6,-0.093,LOW,87.4,MEDIUM,1
88.2,1,5,0.198,40,5,72.6,75.4,381.9,74.9,72.3,-0.091,LOW,81.5,HIGH,1
68.4,1,4,-0.188,38,17,70.7,66.0,270.0,67.5,68.9,0.14,MEDIUM,71.7,MEDIUM,1
86.6,0,5,0.04,46,7,69.3,71.9,339.6,78.7,67.2,-0.024,LOW,77.4,HIGH,1
88.0,0,3,0.194,47,6,59.6,86.1,395.3,82.6,68.8,-0.276,LOW,74.3,HIGH,1
68.7,0,0,0.175,38,17,82.0,75.1,289.0,72.4,77.6,0.388,LOW,79.3,MEDIUM,1
92.0,0,2,0.613,40,3,75.1,82.2,436.7,77.7,81.0,-0.272,LOW,73.6,HIGH,1
68.3,2,3,0.075,34,16,58.0,65.7,393.5,75.9,60.7,0.155,MEDIUM,65.6,HIGH,1
93.7,0,4,0.464,54,4,87.9,84.7,392.0,85.3,87.1,0.187,LOW,91.8,MEDIUM,1
86.3,0,3,0.126,50,8,78.1,84.6,351.2,96.4,82.4,0.075,LOW,81.2,HIGH,1
95.3,0,2,0.885,45,2,66.6,72.4,416.5,90.7,69.6,0.053,LOW,74.7,HIGH,1
87.2,0,0,-0.332,43,6,75.9,85.5,365.4,91.7,93.7,0.187,LOW,85.6,HIGH,1
61.9,0,1,-0.174,27,17,45.8,55.5,253.0,58.3,48.3,-0.049,MEDIUM,46.1,MEDIUM,1
98.0,0,7,0.327,54,1,75.8,99.0,430.8,91.1,79.7,0.252,LOW,83.9,HIGH,1
85.8,0,2,0.122,36,6,93.9,77.2,380.2,79.1,80.1,-0.063,LOW,77.2,HIGH,1
92.8,1,4,0.434,45,4,68.5,94.8,372.9,93.1,78.7,0.212,LOW,84.3,HIGH,1
55.0,4,2,-0.297,29,23,53.8,64.2,253.2,66.3,65.4,0.14,HIGH,63.2,MEDIUM,1
58.5,3,0,0.137,27,19,66.5,79.5,295.0,67.7,72.5,0.078,MEDIUM,67.9,MEDIUM,1
85.7,1,1,0.138,44,7,64.8,93.9,301.6,100.0,90.9,-0.398,LOW,83.5,HIGH,1
46.5,6,3,-0.364,25,28,49.5,65.9,223.4,56.0,54.4,0.141,HIGH,55.6,MEDIUM,1
85.7,0,0,-0.052,42,7,90.1,69.7,363.3,56.7,73.8,-0.146,LOW,82.1,MEDIUM,1
68.6,2,3,-0.163,33,15,58.0,62.6,268.6,60.4,59.8,0.105,MEDIUM,66.6,MEDIUM,1
88.4,0,0,-0.077,45,6,76.0,83.2,445.0,84.9,67.6,0.208,LOW,81.4,HIGH,1
81.1,1,2,-0.757,34,8,66.9,77.7,441.0,75.8,74.8,-0.053,MEDIUM,68.8,HIGH,1
84.2,0,4,-0.463,44,8,70.8,87.2,327.1,87.7,66.8,-0.365,LOW,80.3,HIGH,1
55.5,4,2,-0.397,25,20,64.3,63.7,302.7,63.0,63.5,0.133,HIGH,68.5,MEDIUM,1
96.3,0,4,-0.003,43,2,83.1,87.9,392.9,86.4,78.7,-0.104,LOW,82.1,HIGH,1
96.9,1,4,0.477,56,2,76.1,83.8,431.6,79.5,77.3,0.367,LOW,80.0,HIGH,1
76.3,0,3,0.206,35,11,71.6,78.6,272.9,83.4,67.7,-0.337,LOW,70.0,MEDIUM,1
86.3,0,1,0.141,37,6,89.1,82.3,373.3,72.9,80.3,0.119,LOW,82.3,HIGH,1
63.1,1,1,-0.471,28,16,65.3,76.4,300.3,64.2,71.0,-0.018,MEDIUM,78.4,MEDIUM,1
81.0,0,0,0.958,32,8,75.3,80.3,287.4,91.4,81.4,-0.008,LOW,78.6,HIGH,1
76.0,0,0,0.105,43,14,64.1,88.5,347.5,78.1,63.5,0.252,LOW,68.1,HIGH,1
53.4,4,3,0.033,30,26,67.8,83.7,222.4,51.6,82.3,0.088,HIGH,65.1,LOW,1
76.8,0,2,0.108,37,11,61.3,85.5,365.1,86.0,68.3,0.033,LOW,67.5,HIGH,1
79.5,0,1,0.277,38,10,90.7,75.2,354.1,90.1,84.3,-0.078,LOW,85.3,HIGH,1
68.6,0,2,-0.676,34,15,67.9,79.5,301.2,63.0,73.9,0.024,MEDIUM,73.8,MEDIUM,1
77.9,0,1,0.218,46,13,70.2,82.9,348.8,78.8,71.9,-0.422,LOW,71.9,MEDIUM,1
93.3,1,4,0.13,52,4,95.8,75.8,414.7,100.0,97.7,-0.048,LOW,90.9,HIGH,1
90.2,0,1,0.135,47,5,98.0,99.0,10.0,100.0,89.3,-0.101,LOW,94.8,HIGH,-1
70.6,0,2,0.429,30,13,87.1,84.0,429.7,90.7,76.6,0.023,LOW,86.0,HIGH,1
75.5,0,2,-0.376,43,14,83.5,72.6,409.8,69.8,92.4,0.039,LOW,77.5,MEDIUM,1
83.6,0,3,-0.041,48,9,69.5,78.3,305.1,76.7,86.8,0.003,LOW,82.2,HIGH,1
89.1,0,1,-0.52,43,5,73.5,68.7,350.9,88.6,67.0,0.075,LOW,75.9,HIGH,1
85.2,0,6,0.021,36,6,80.4,78.8,372.0,82.5,85.0,-0.069,LOW,78.4,HIGH,1
85.2,0,0,0.429,39,7,73.6,83.3,317.2,92.6,91.0,-0.509,LOW,86.8,HIGH,1
68.9,1,3,0.047,37,17,80.9,69.4,349.4,68.1,79.3,-0.548,LOW,74.1,MEDIUM,1
90.5,0,2,0.034,43,5,68.9,69.6,436.7,86.3,72.8,-0.039,LOW,73.5,HIGH,1
98.9,0,6,0.162,47,1,82.8,90.6,407.7,86.6,92.8,-0.414,LOW,89.2,HIGH,1
84.6,1,5,-0.01,36,7,72.8,75.4,380.7,70.8,83.6,0.77,LOW,81.8,HIGH,1
76.7,0,4,0.114,44,13,68.6,66.8,306.2,73.9,74.0,-0.015,LOW,72.8,MEDIUM,1
54.2,3,3,0.084,30,26,61.7,68.3,281.4,58.1,56.0,0.526,MEDIUM,64.0,MEDIUM,1
81.1,1,3,0.614,36,9,70.5,65.4,349.7,61.6,62.0,-0.33,LOW,67.7,MEDIUM,1
52.6,2,0,-0.034,24,22,56.5,64.8,255.6,49.0,59.5,0.222,HIGH,51.5,LOW,1
81.0,0,3,0.08,40,9,62.2,88.7,321.1,87.6,81.7,-0.044,LOW,79.7,HIGH,1
55.1,3,3,0.276,27,22,61.9,73.7,321.1,66.0,58.8,-0.374,MEDIUM,64.4,MEDIUM,1
91.9,0,3,0.276,41,4,72.3,86.3,410.4,79.1,76.1,0.018,LOW,77.1,HIGH,1
57.7,3,3,-0.33,26,19,54.9,66.6,302.3,66.0,68.1,-0.206,HIGH,60.0,MEDIUM,1
80.8,0,5,0.06,47,11,74.0,55.6,353.2,74.7,63.5,0.261,LOW,73.0,HIGH,1
84.0,0,2,-0.028,39,8,80.0,74.7,376.9,81.9,74.9,-0.106,LOW,76.7,HIGH,1
53.4,3,1,-0.028,26,22,82.3,64.0,277.5,66.0,65.5,-0.248,MEDIUM,65.3,MEDIUM,1
74.5,1,2,0.195,30,10,64.4,81.2,310.3,81.2,66.0,0.235,LOW,72.3,MEDIUM,1
98.0,0,1,0.165,54,1,92.6,75.4,416.1,79.8,79.7,0.473,LOW,84.8,HIGH,1
53.8,3,4,-0.424,24,21,58.6,69.6,246.2,69.5,63.2,-0.025,HIGH,61.1,MEDIUM,1
65.9,1,1,0.344,31,16,85.7,76.0,327.7,62.6,74.7,0.017,LOW,81.2,MEDIUM,1
77.9,1,3,0.059,42,12,97.4,75.8,457.1,79.1,96.9,-0.071,LOW,83.5,HIGH,1
72.1,0,2,0.446,37,14,59.3,81.4,341.2,69.6,60.6,-0.224,LOW,63.3,MEDIUM,1
95.0,0,3,-0.2,47,2,84.2,70.5,422.2,67.1,76.5,0.015,LOW,77.3,HIGH,1
87.9,0,1,0.261,48,7,83.1,70.5,355.5,64.3,73.8,0.07,LOW,81.7,HIGH,1
81.5,0,4,-0.087,44,10,92.4,77.7,352.1,63.3,83.6,-0.388,LOW,82.2,HIGH,1
48.3,6,2,-0.086,24,26,48.0,54.4,185.0,60.4,72.5,-0.377,HIGH,56.1,MEDIUM,1
79.0,1,2,-0.141,36,10,86.6,74.6,430.9,86.7,76.6,-0.236,LOW,77.6,HIGH,1
86.6,0,1,-0.253,41,6,78.8,90.4,393.8,95.8,86.4,-0.238,LOW,83.2,HIGH,1
78.7,0,3,-0.187,39,11,52.2,44.0,307.3,69.4,44.8,-0.171,MEDIUM,51.4,MEDIUM,1
66.2,1,3,-0.722,32,16,67.1,93.3,319.4,77.4,84.6,0.5,MEDIUM,78.4,HIGH,1
78.3,0,0,-0.116,36,10,82.3,81.7,392.1,67.5,83.2,0.117,LOW,87.5,HIGH,1
78.0,0,1,0.342,42,12,90.4,76.0,329.2,80.2,87.0,-0.032,LOW,85.3,HIGH,1
63.0,0,2,-0.477,34,20,68.4,64.6,322.6,72.2,72.5,0.042,MEDIUM,66.0,MEDIUM,1
89.1,0,1,-0.093,49,6,78.7,84.3,386.8,83.3,89.7,0.01,LOW,89.2,HIGH,1
68.1,3,2,-0.151,29,13,47.5,66.6,279.0,77.1,67.9,-0.064,HIGH,60.4,MEDIUM,1
80.4,0,2,-0.472,44,11,79.2,77.7,377.0,72.0,88.6,-0.003,LOW,79.6,MEDIUM,1
64.5,1,2,-0.046,35,19,59.5,69.4,341.1,75.6,57.4,-0.139,LOW,67.3,MEDIUM,1
93.2,0,4,0.08,37,3,78.1,77.5,489.7,80.1,84.4,-0.096,LOW,84.2,HIGH,1
64.3,0,1,-0.121,34,19,77.8,71.4,355.8,75.1,75.1,-0.023,LOW,66.1,MEDIUM,1
59.2,2,4,-0.28,30,20,71.0,60.9,228.9,73.2,78.2,0.043,MEDIUM,68.2,MEDIUM,1
70.6,0,1,0.017,30,12,76.0,75.5,354.0,66.0,61.8,-0.015,LOW,70.2,MEDIUM,1
64.7,0,4,0.024,31,17,56.7,75.7,294.2,67.6,66.3,-0.218,LOW,63.6,MEDIUM,1
92.5,0,6,0.092,42,3,64.3,99.0,419.2,86.5,67.0,0.27,LOW,81.1,HIGH,1
66.0,2,4,-0.066,36,19,59.6,71.2,316.9,78.9,69.3,-0.067,MEDIUM,69.7,MEDIUM,1
96.6,0,3,0.401,48,2,68.2,99.0,401.6,100.0,74.4,-0.204,LOW,81.4,HIGH,1
74.8,2,0,-0.258,43,14,85.4,79.3,364.9,74.2,75.5,0.663,LOW,83.1,HIGH,1
86.6,0,5,-0.109,49,7,80.5,81.3,380.9,87.1,67.5,-0.571,LOW,74.9,HIGH,1
69.5,2,1,-0.499,39,17,91.9,62.6,363.9,64.0,77.1,0.037,MEDIUM,71.3,MEDIUM,1
91.9,0,5,-0.004,39,3,86.3,79.2,509.3,77.2,85.2,-0.062,LOW,87.2,HIGH,1
84.5,0,5,0.15,49,9,94.3,88.8,386.4,88.5,94.4,0.38,LOW,90.6,HIGH,1
68.9,2,3,-0.517,37,17,74.6,59.8,303.9,71.3,69.4,0.348,MEDIUM,74.4,HIGH,1
95.7,1,2,-0.142,47,2,96.1,75.6,432.5,75.8,85.7,0.131,LOW,87.6,HIGH,1
71.4,0,3,-0.006,34,13,98.0,71.9,10.0,71.8,75.7,0.051,LOW,74.5,MEDIUM,-1
72.6,2,3,0.372,41,15,86.3,71.9,299.6,71.0,99.8,-0.232,LOW,88.4,MEDIUM,1
84.2,0,4,-0.056,36,7,98.0,89.1,10.0,69.2,90.1,0.308,LOW,89.4,HIGH,-1
72.1,2,2,0.128,34,13,54.4,84.6,275.3,73.5,58.9,-0.052,MEDIUM,65.0,MEDIUM,1
53.5,2,2,-0.34,22,19,72.5,52.4,417.5,58.5,58.0,0.347,MEDIUM,66.4,MEDIUM,1
96.7,0,2,0.067,45,2,91.5,91.6,389.0,84.6,88.7,0.064,LOW,98.0,HIGH,1
63.9,1,1,-0.45,29,17,43.8,63.8,271.8,59.4,58.3,-0.109,MEDIUM,55.5,MEDIUM,1
59.2,3,4,-0.982,28,20,63.0,69.7,264.8,66.5,61.2,0.183,HIGH,67.8,MEDIUM,1
86.8,0,3,-0.093,50,7,91.1,78.2,406.2,81.0,80.0,-0.025,LOW,90.3,HIGH,1
80.2,1,2,0.168,45,11,49.0,84.1,384.5,82.2,55.7,-0.071,LOW,68.1,HIGH,1
77.9,0,1,0.12,31,9,82.0,54.8,424.9,68.1,66.6,-0.012,LOW,71.1,HIGH,1
83.3,0,3,0.309,42,9,81.1,74.0,355.1,83.8,83.6,0.179,LOW,79.8,HIGH,1
91.9,0,1,-0.342,40,3,81.5,96.4,385.8,96.2,82.5,0.128,LOW,87.8,HIGH,1
85.4,8,3,-0.95,48,8,98.0,77.6,435.4,86.9,94.7,-0.219,LOW,85.9,HIGH,-1
50.3,2,0,-0.415,23,23,68.8,39.3,306.7,59.8,58.1,0.342,HIGH,52.7,MEDIUM,1
46.2,5,2,-0.48,19,23,51.7,53.8,239.9,62.8,44.5,-0.256,HIGH,49.8,MEDIUM,1
90.3,0,1,0.257,36,4,76.6,91.0,416.6,81.9,97.1,0.0,LOW,89.7,HIGH,1
99.5,0,3,0.338,58,0,95.6,73.8,396.3,74.5,84.2,-0.114,LOW,94.4,HIGH,1
87.1,0,2,0.444,36,5,85.9,73.9,353.7,84.7,87.6,0.18,LOW,85.5,MEDIUM,1
73.7,3,6,0.266,33,12,98.0,79.1,10.0,87.0,72.0,-0.1,LOW,73.8,HIGH,-1
80.7,0,3,0.069,40,10,87.4,79.3,340.2,73.6,95.3,0.3,LOW,82.4,MEDIUM,1
76.5,0,2,-0.341,33,10,60.8,61.1,357.6,76.5,70.5,0.252,LOW,61.3,MEDIUM,1
82.9,0,4,0.472,33,7,87.2,59.8,306.6,86.0,91.4,-0.147,LOW,82.9,MEDIUM,1
84.4,0,0,0.168,42,8,71.7,71.2,362.5,76.2,73.3,0.25,LOW,76.4,HIGH,1
78.3,1,3,-0.177,43,12,82.0,77.6,356.7,66.8,75.9,0.372,LOW,82.6,HIGH,1
77.0,0,2,0.164,35,10,95.2,77.5,399.9,88.0,84.6,0.119,LOW,85.5,MEDIUM,1
89.7,0,0,-0.339,45,5,57.6,92.9,350.2,93.1,76.3,0.101,LOW,76.3,MEDIUM,1
72.1,1,1,0.506,34,13,66.8,53.3,350.8,66.9,54.9,0.056,LOW,61.7,MEDIUM,1
72.8,0,3,-0.019,43,16,45.2,77.5,277.9,81.1,55.4,0.149,LOW,59.7,MEDIUM,1
87.3,0,3,-0.231,35,5,86.3,74.1,361.4,77.6,77.4,-0.043,LOW,77.2,HIGH,1
91.4,0,3,0.487,48,5,94.6,79.5,393.0,95.8,81.6,-0.157,LOW,91.6,HIGH,1
89.5,0,1,-0.296,37,4,71.8,86.2,373.5,84.8,76.1,0.231,LOW,80.6,HIGH,1
84.3,8,7,-0.95,38,7,82.5,92.3,360.1,70.7,96.6,0.198,LOW,92.5,MEDIUM,-1
86.2,0,2,0.14,41,7,82.0,78.5,359.3,77.7,83.6,-0.028,LOW,83.2,HIGH,1
70.2,2,1,-0.292,37,16,74.3,72.7,255.3,56.9,75.6,0.019,MEDIUM,66.8,MEDIUM,1
59.3,5,4,-0.371,28,19,72.5,72.7,351.9,68.3,67.9,0.061,HIGH,68.8,MEDIUM,1
45.4,2,2,-0.817,19,23,64.3,62.8,269.0,75.7,75.3,0.409,HIGH,60.6,MEDIUM,1
88.3,1,3,-0.03,43,6,73.7,87.1,360.0,75.8,65.7,-0.266,LOW,76.0,HIGH,1
80.8,0,1,-0.46,46,11,71.1,97.7,410.8,82.4,80.6,0.093,LOW,75.5,HIGH,1
72.3,1,2,0.367,43,16,53.3,99.0,258.2,71.8,71.0,0.079,LOW,67.6,MEDIUM,1
85.7,0,0,-0.089,41,7,52.3,78.2,316.4,79.7,59.3,0.255,LOW,74.5,HIGH,1
64.9,1,0,-0.612,31,17,67.0,88.2,326.1,78.0,81.0,-0.081,MEDIUM,71.1,MEDIUM,1
91.5,0,2,0.162,53,5,98.0,77.3,412.0,66.8,92.8,-0.044,LOW,89.7,HIGH,1
31.8,3,3,-0.777,17,35,39.2,46.9,188.3,52.1,44.1,0.242,HIGH,38.5,LOW,1
70.5,0,3,-0.122,28,12,63.2,50.6,292.1,61.6,62.2,-0.174,LOW,55.2,MEDIUM,1
97.6,0,3,0.318,55,1,84.5,85.9,366.5,86.9,82.2,0.263,LOW,86.3,HIGH,1
61.7,0,7,-0.671,27,16,61.8,65.5,263.3,57.4,74.3,-0.132,MEDIUM,66.7,MEDIUM,1
97.5,0,0,0.016,42,1,83.4,84.6,438.0,88.5,86.3,-0.132,LOW,85.6,HIGH,1
57.1,2,6,-0.501,31,24,67.8,66.9,307.5,77.5,73.3,0.112,HIGH,74.7,MEDIUM,1
66.8,0,1,-0.876,37,18,70.9,71.2,284.1,76.7,65.9,-0.02,MEDIUM,66.1,MEDIUM,1
71.1,2,4,-0.249,38,16,59.1,74.1,234.7,79.9,64.7,0.082,MEDIUM,67.7,MEDIUM,1
90.2,0,1,-0.111,41,4,67.4,59.8,374.9,64.6,58.7,0.191,LOW,62.9,HIGH,1
73.5,0,3,0.171,32,12,74.3,61.6,318.8,88.3,76.9,0.323,LOW,73.1,MEDIUM,1
53.4,8,4,-0.95,26,23,45.4,65.8,246.5,58.8,48.4,-0.197,HIGH,58.0,MEDIUM,-1
94.2,0,4,0.093,43,3,95.1,67.4,448.8,84.5,89.0,0.003,LOW,88.5,HIGH,1
85.4,0,1,0.132,39,7,81.2,84.1,455.4,84.0,86.9,0.039,LOW,75.0,HIGH,1
83.8,0,2,0.326,41,8,90.4,73.0,373.6,78.9,82.9,0.264,LOW,85.3,HIGH,1
82.7,0,3,0.227,41,8,82.4,74.2,364.0,84.9,73.5,0.005,LOW,76.6,HIGH,1
92.8,1,4,-0.101,50,4,80.5,84.4,389.7,94.5,79.8,-0.232,LOW,81.5,HIGH,1
37.9,5,1,-0.424,17,28,66.1,65.5,278.3,43.7,62.1,-0.045,HIGH,60.5,LOW,1
81.7,1,3,0.27,33,8,75.6,82.3,379.0,69.2,63.0,-0.185,LOW,78.9,HIGH,1
93.1,1,4,0.248,44,3,76.7,79.9,397.3,83.2,90.7,-0.066,LOW,83.7,HIGH,1
74.2,2,3,0.161,44,15,52.3,78.0,330.9,79.9,60.3,-0.118,MEDIUM,66.3,HIGH,1
68.9,2,2,-0.438,37,17,67.7,64.4,258.5,68.7,67.1,-0.125,MEDIUM,71.0,MEDIUM,1
79.9,0,0,0.587,46,11,65.3,60.9,353.6,63.8,58.0,0.189,LOW,70.4,MEDIUM,1
52.6,2,1,-0.491,23,21,52.4,48.0,309.7,61.8,51.3,-0.295,HIGH,51.8,MEDIUM,1
67.2,0,5,-0.283,29,14,62.6,68.2,314.4,81.5,54.7,0.181,LOW,68.1,MEDIUM,1
95.8,0,3,0.522,47,2,89.1,85.6,427.2,86.5,83.5,0.374,LOW,91.3,HIGH,1
82.7,1,3,0.136,48,10,64.0,70.7,353.4,80.4,63.1,0.188,LOW,79.2,HIGH,1
57.6,4,0,-0.268,31,22,48.1,56.9,328.1,48.2,41.2,-0.036,HIGH,47.9,MEDIUM,1
62.5,2,2,-0.162,33,19,44.7,61.8,350.5,61.8,56.8,0.201,HIGH,60.9,MEDIUM,1
86.6,0,5,-0.093,42,7,83.4,72.8,376.1,84.0,82.5,-0.275,LOW,80.6,HIGH,1
92.3,0,1,0.072,42,3,89.3,72.5,409.9,81.9,75.8,-0.045,LOW,91.8,HIGH,1
74.3,0,5,0.322,39,13,65.7,76.0,302.4,68.7,72.8,-0.144,LOW,70.8,MEDIUM,1
83.3,1,3,0.381,42,8,70.9,78.1,401.7,77.0,76.7,0.066,LOW,78.5,HIGH,1
86.9,1,1,0.579,47,7,88.9,99.0,419.6,96.3,84.4,-0.094,LOW,91.3,HIGH,1
94.0,0,1,-0.122,39,2,80.2,78.8,320.5,81.7,86.1,-0.235,LOW,82.9,HIGH,1
78.9,0,1,0.495,43,11,78.9,71.0,377.5,70.6,70.2,-0.163,LOW,70.8,HIGH,1
97.5,0,1,0.281,57,1,98.0,93.3,10.0,94.6,100.0,-0.244,LOW,92.9,HIGH,-1
89.8,0,1,0.424,50,6,67.9,77.8,378.8,81.5,84.3,-0.276,LOW,77.4,HIGH,1
56.4,8,4,-0.95,33,26,68.3,52.6,238.3,66.8,62.5,0.031,HIGH,60.2,MEDIUM,-1
84.6,0,3,-0.126,48,9,79.3,86.1,356.9,79.1,84.7,0.216,LOW,80.1,HIGH,1
90.5,0,3,0.169,41,4,73.4,76.7,351.7,85.1,75.1,0.156,LOW,79.6,HIGH,1
83.3,0,7,0.312,45,9,72.5,90.5,362.6,74.5,77.5,-0.263,LOW,80.1,HIGH,1
74.6,1,4,-0.029,42,14,55.8,82.9,304.9,79.1,62.3,-0.178,LOW,70.2,HIGH,1
43.1,8,2,-0.95,21,27,66.1,81.7,264.0,76.2,71.5,-0.229,HIGH,68.8,MEDIUM,-1
74.2,0,3,-0.219,38,13,74.4,67.8,303.4,54.3,73.0,-0.344,LOW,71.8,MEDIUM,1
74.6,3,4,-0.05,33,11,73.9,73.5,306.6,77.8,69.9,-0.528,MEDIUM,80.2,HIGH,1
83.1,0,3,-0.015,44,9,77.5,69.5,375.6,73.2,73.0,-0.39,LOW,74.6,MEDIUM,1
74.8,2,4,-0.013,35,12,77.0,69.6,310.8,72.4,71.4,0.088,MEDIUM,71.1,HIGH,1
87.2,0,2,-0.17,49,7,60.6,77.7,328.9,78.2,80.0,-0.042,LOW,75.7,HIGH,1
49.2,5,3,0.326,24,24,92.5,41.0,315.8,51.3,85.4,0.061,MEDIUM,69.0,MEDIUM,1
97.5,0,4,0.406,41,1,92.4,90.6,492.7,94.3,100.0,0.047,LOW,98.4,HIGH,1
88.2,0,4,0.3,41,5,83.5,83.5,355.6,72.8,80.8,0.528,LOW,82.9,HIGH,1
95.6,0,4,0.444,49,2,98.0,99.0,365.4,97.3,95.8,0.095,LOW,95.2,HIGH,1
73.9,0,3,0.274,31,11,76.2,76.4,333.4,88.0,75.6,0.156,LOW,73.9,MEDIUM,1
87.4,0,2,0.77,42,6,98.0,61.9,407.7,72.8,73.2,0.387,LOW,84.1,HIGH,1
83.4,1,2,-0.142,44,9,98.0,84.5,468.7,77.6,79.6,0.097,LOW,88.9,HIGH,1
74.5,0,3,-0.585,42,15,88.6,71.5,385.5,71.8,75.3,0.483,LOW,83.0,MEDIUM,1
68.6,2,2,-0.516,34,16,69.3,66.6,328.8,71.2,67.3,0.077,MEDIUM,70.9,MEDIUM,1
72.8,1,2,-0.462,31,12,70.6,71.6,350.4,66.7,67.9,0.008,MEDIUM,68.7,MEDIUM,1
77.9,0,4,-0.269,37,10,69.6,85.6,332.6,85.0,84.2,0.331,LOW,78.3,HIGH,1
69.4,0,5,-0.433,40,17,79.4,74.8,294.5,88.4,80.2,-0.001,LOW,73.4,HIGH,1
98.3,0,2,0.057,51,1,98.0,99.0,10.0,100.0,85.8,-0.365,LOW,86.4,HIGH,-1
86.4,0,2,0.421,37,6,76.4,73.8,362.4,86.8,83.4,0.186,LOW,75.2,HIGH,1
37.6,4,3,0.251,18,31,27.6,61.0,228.7,62.0,49.4,-0.295,HIGH,38.3,LOW,1
71.9,2,2,0.189,34,13,58.4,73.9,305.7,82.7,69.7,-0.231,MEDIUM,75.1,MEDIUM,1
79.8,0,2,-0.266,41,10,76.1,64.8,398.4,73.0,78.8,0.209,LOW,72.8,HIGH,1
74.8,2,3,-0.052,43,15,79.5,65.8,395.0,59.9,70.7,0.341,MEDIUM,74.2,HIGH,1
76.3,0,4,0.012,39,12,85.2,82.9,346.9,86.6,86.5,-0.194,LOW,86.6,HIGH,1
56.3,4,1,-0.378,23,18,64.1,62.3,281.0,50.6,77.8,0.114,HIGH,64.6,MEDIUM,1
83.9,0,4,-0.304,39,8,70.3,84.0,377.6,77.7,87.9,0.013,LOW,75.6,MEDIUM,1
83.9,0,3,0.485,44,8,69.9,77.2,398.6,83.7,76.3,-0.394,LOW,83.8,MEDIUM,1
66.3,2,7,-0.713,27,13,60.3,62.1,255.1,59.6,64.3,-0.033,HIGH,61.1,MEDIUM,1
86.7,0,0,-0.059,36,6,98.0,71.9,488.7,93.9,85.3,0.281,LOW,88.0,HIGH,1
76.3,0,5,0.141,31,10,68.0,62.6,318.9,67.2,59.3,-0.053,LOW,66.7,MEDIUM,1
90.2,0,3,0.152,53,6,84.7,90.7,374.3,77.4,81.3,-0.242,LOW,87.2,HIGH,1
53.3,3,0,-0.372,25,22,58.9,60.8,327.8,63.0,75.0,0.374,HIGH,65.4,MEDIUM,1
96.7,1,1,0.192,41,1,90.5,74.1,401.9,77.4,78.2,-0.36,LOW,84.0,HIGH,1
61.3,0,2,-0.569,33,21,54.0,61.8,309.2,60.9,51.8,-0.285,LOW,55.9,MEDIUM,1
70.8,0,0,0.07,29,12,64.0,56.2,285.4,70.1,49.0,0.089,LOW,64.3,MEDIUM,1
67.3,2,3,-0.64,38,18,74.1,74.9,351.1,78.1,69.1,0.125,MEDIUM,72.5,HIGH,1
66.4,1,3,-0.514,30,15,60.2,73.9,279.6,75.6,78.1,-0.148,MEDIUM,70.6,MEDIUM,1
80.7,0,5,0.393,32,8,83.4,84.0,371.6,80.1,87.8,-0.331,LOW,85.5,HIGH,1
35.6,4,2,-0.319,15,28,59.1,51.6,264.0,38.9,67.6,0.236,HIGH,50.9,LOW,1
90.5,1,2,0.044,52,6,80.3,74.5,343.3,85.2,86.0,-0.215,LOW,80.9,HIGH,1
85.1,8,1,-0.95,39,7,75.0,79.6,407.5,81.7,87.6,-0.292,LOW,81.8,HIGH,-1
62.1,1,1,-0.452,33,20,63.8,66.1,295.8,67.2,68.6,-0.225,MEDIUM,67.1,MEDIUM,1
61.8,2,4,-0.243,33,20,75.7,56.0,347.7,57.0,65.1,0.008,MEDIUM,66.2,MEDIUM,1
80.7,1,4,0.772,40,9,81.6,89.2,305.4,84.8,94.2,-0.036,LOW,90.1,HIGH,1
88.1,0,0,-0.324,41,5,97.9,75.0,416.1,75.5,100.0,-0.144,LOW,89.2,HIGH,1
73.4,1,2,-0.194,40,15,56.8,87.8,295.0,81.5,69.5,-0.024,MEDIUM,71.8,MEDIUM,1
62.4,1,0,-0.533,27,16,49.0,54.6,252.9,47.6,54.0,0.205,MEDIUM,52.6,MEDIUM,1
95.8,0,1,-0.568,44,2,78.6,93.1,362.3,100.0,76.6,0.158,LOW,86.8,HIGH,1
55.6,4,0,-0.286,30,24,60.1,64.9,276.0,64.9,62.5,0.381,MEDIUM,58.5,MEDIUM,1
82.3,0,4,0.034,46,10,75.2,78.4,307.1,76.1,68.3,-0.061,LOW,71.9,HIGH,1
77.9,0,0,-0.09,33,9,92.2,99.0,324.6,82.9,93.3,0.21,LOW,89.7,HIGH,1
96.6,1,3,0.295,53,2,87.3,76.7,346.1,94.7,79.1,0.147,LOW,91.6,HIGH,1
76.9,0,5,-0.037,32,9,76.1,80.6,291.0,70.0,83.1,-0.108,LOW,76.4,HIGH,1
93.7,0,4,0.049,43,3,75.2,92.9,364.4,85.1,73.9,0.38,LOW,84.2,HIGH,1
90.9,0,0,0.149,50,5,78.7,89.7,339.7,77.9,79.7,0.581,LOW,84.3,MEDIUM,1
63.5,1,3,-0.359,30,18,68.5,67.9,274.3,68.6,65.8,-0.009,MEDIUM,64.2,MEDIUM,1
77.4,0,3,0.609,39,12,98.0,70.6,10.0,78.8,53.9,-0.014,LOW,68.7,MEDIUM,-1
72.0,1,1,-0.02,29,11,73.0,74.6,309.9,75.5,68.8,0.184,LOW,73.3,MEDIUM,1
81.8,1,5,0.295,43,10,80.9,86.3,364.2,86.1,76.2,-0.171,LOW,79.0,HIGH,1
70.2,0,2,0.078,35,15,81.1,80.0,323.0,83.6,69.9,0.202,LOW,73.1,MEDIUM,1
56.8,3,0,-0.258,32,25,74.5,60.5,323.0,60.9,75.7,0.445,MEDIUM,64.9,MEDIUM,1
95.7,0,5,0.361,42,2,87.3,80.9,379.8,78.6,67.3,0.199,LOW,81.8,HIGH,1
76.1,0,0,0.007,41,13,88.2,74.2,402.9,67.8,64.4,-0.111,LOW,73.6,MEDIUM,1
92.5,0,1,0.084,43,3,85.1,86.5,328.4,80.3,86.7,0.128,LOW,90.0,HIGH,1
63.5,0,3,-0.175,34,19,57.4,73.5,299.1,79.1,65.9,0.078,LOW,70.7,MEDIUM,1
92.3,0,4,-0.077,54,5,61.9,79.1,315.9,89.5,65.5,-0.303,LOW,71.9,HIGH,1
82.3,0,2,0.248,39,8,92.7,89.2,334.2,63.7,94.1,0.229,LOW,92.1,HIGH,1
76.4,0,2,0.553,33,10,66.4,68.9,347.2,75.1,73.2,-0.1,LOW,72.9,MEDIUM,1
85.2,0,5,-0.156,36,6,88.7,90.5,388.2,89.2,94.9,0.405,LOW,90.8,MEDIUM,1
70.8,0,1,-0.092,36,15,88.3,75.4,417.9,67.8,74.7,0.367,LOW,80.1,MEDIUM,1
93.5,1,1,-0.213,53,4,70.7,92.6,357.5,86.2,79.7,0.375,LOW,86.3,HIGH,1
85.8,0,2,0.642,46,8,67.9,91.7,333.1,78.1,73.7,0.107,LOW,72.5,HIGH,1
71.4,8,5,-0.95,36,14,81.8,64.6,298.0,59.5,80.7,0.211,MEDIUM,73.5,MEDIUM,-1
79.2,0,1,-0.286,40,10,79.8,65.6,360.4,68.8,86.6,0.258,LOW,72.8,MEDIUM,1
80.5,1,4,-0.349,41,10,72.2,93.0,397.8,97.3,79.6,0.441,LOW,81.3,HIGH,1
77.5,0,1,0.289,45,13,77.4,91.5,305.7,77.2,84.1,-0.055,LOW,81.9,HIGH,1
96.1,0,0,0.8,54,2,92.0,86.8,385.5,86.2,91.0,-0.13,LOW,87.9,HIGH,1
93.3,1,0,0.082,42,3,98.0,82.2,10.0,78.0,81.4,-0.387,LOW,94.4,HIGH,-1
95.3,0,2,-0.344,45,2,98.0,68.2,472.4,64.8,84.2,-0.046,LOW,89.7,HIGH,1
84.8,0,2,-0.392,46,8,69.8,75.3,351.8,77.6,74.2,0.031,LOW,69.9,HIGH,1
76.5,1,2,-0.007,45,14,87.6,69.7,400.8,81.0,87.7,-0.297,LOW,84.5,HIGH,1
58.7,2,2,-0.67,29,20,88.0,74.2,328.9,71.4,92.9,0.126,MEDIUM,78.5,MEDIUM,1
68.9,0,2,-0.326,37,17,75.9,75.2,353.0,68.5,89.7,0.285,LOW,71.7,MEDIUM,1
81.0,0,3,0.255,41,10,93.9,93.9,382.6,89.1,91.7,-0.178,LOW,96.0,HIGH,1
86.5,0,4,0.18,43,7,76.1,58.8,332.8,69.9,71.6,0.128,LOW,72.9,MEDIUM,1
73.1,2,3,0.232,42,15,73.9,79.0,372.2,65.2,72.3,-0.037,LOW,80.8,HIGH,1
87.6,0,1,0.175,39,5,85.1,73.2,410.0,62.1,81.9,0.064,LOW,78.5,MEDIUM,1
77.2,0,2,0.318,39,12,75.8,74.4,363.2,73.8,74.0,0.181,LOW,73.4,HIGH,1
75.8,0,3,0.024,33,11,64.6,84.1,294.5,97.5,75.5,-0.073,LOW,74.4,HIGH,1
64.0,3,3,-0.22,31,18,54.0,66.7,210.4,57.8,55.7,-0.088,HIGH,65.2,MEDIUM,1
92.5,0,2,0.49,49,4,93.0,99.0,436.1,85.6,75.9,-0.237,LOW,90.6,HIGH,1
72.5,0,0,0.338,40,15,82.0,69.0,287.9,78.9,65.7,-0.167,LOW,75.6,MEDIUM,1
81.9,0,1,-0.278,36,8,55.8,72.7,307.3,68.5,55.9,0.135,LOW,73.4,MEDIUM,1
62.5,2,2,-0.492,31,19,74.7,50.4,331.0,61.4,79.0,0.059,MEDIUM,66.0,MEDIUM,1
78.2,0,1,-0.283,45,13,78.8,79.1,288.3,70.3,86.0,-0.278,LOW,82.4,MEDIUM,1
60.2,2,2,-0.311,28,19,58.8,67.8,287.5,54.0,64.0,-0.181,MEDIUM,57.5,MEDIUM,1
90.5,1,3,-0.887,52,6,84.8,66.2,374.8,67.7,79.3,0.064,MEDIUM,73.8,HIGH,1
88.4,0,1,0.277,52,7,67.8,75.5,356.6,80.8,65.1,0.404,LOW,70.9,HIGH,1
65.5,1,3,-0.534,37,20,62.8,76.2,228.7,86.4,64.1,-0.137,MEDIUM,72.3,MEDIUM,1
65.4,8,5,-0.95,33,18,57.9,57.5,286.6,62.8,58.7,-0.282,MEDIUM,55.2,MEDIUM,-1
99.8,0,5,0.745,52,0,98.0,77.2,10.0,93.0,81.7,-0.166,LOW,95.1,HIGH,-1
73.8,1,3,-0.116,42,15,68.1,75.3,323.4,67.9,86.5,-0.003,LOW,68.7,MEDIUM,1
86.2,0,4,-0.418,47,7,72.4,84.6,447.6,83.2,87.6,-0.232,LOW,82.5,HIGH,1
89.7,0,2,-0.073,48,6,71.5,93.6,329.5,77.7,91.1,0.059,LOW,84.6,HIGH,1
69.3,3,5,0.222,35,16,78.6,99.0,422.7,80.4,79.4,0.169,LOW,77.1,MEDIUM,1
94.5,8,3,-0.95,45,3,89.8,80.5,451.8,80.9,86.9,-0.001,LOW,85.9,HIGH,-1
69.3,1,1,0.048,40,18,65.4,52.7,384.8,73.3,76.1,-0.018,MEDIUM,64.0,MEDIUM,1
79.2,0,0,-0.431,40,11,79.9,58.7,435.9,68.0,64.0,0.236,LOW,69.2,HIGH,1
79.9,0,2,0.241,35,9,40.2,99.0,328.4,86.0,63.4,0.223,LOW,63.4,HIGH,1
73.0,1,1,-0.236,43,16,61.5,71.1,265.3,82.2,60.8,-0.135,MEDIUM,70.5,MEDIUM,1
95.1,0,2,0.109,47,2,97.0,99.0,440.0,98.0,96.6,-0.025,LOW,91.5,HIGH,1
56.8,5,1,-0.401,26,20,60.6,73.5,202.8,72.8,79.8,0.449,HIGH,62.6,MEDIUM,1
77.8,0,1,0.194,39,11,60.3,61.4,374.7,59.2,69.2,0.088,LOW,63.5,MEDIUM,1
95.9,0,2,0.272,45,2,98.0,75.7,518.7,93.9,89.2,0.294,LOW,91.0,HIGH,1
69.9,3,2,-0.1,32,14,50.4,94.3,316.8,92.3,68.7,-0.14,MEDIUM,73.0,HIGH,1
89.3,0,2,-0.12,49,6,65.0,73.6,346.7,88.1,47.7,-0.221,LOW,68.1,MEDIUM,1
52.0,3,6,-0.169,29,26,50.5,67.3,292.6,68.2,56.6,-0.104,MEDIUM,52.8,MEDIUM,1
59.6,4,4,0.028,32,21,56.1,67.0,316.0,69.1,58.8,-0.072,HIGH,56.9,MEDIUM,1
84.4,0,4,0.028,46,8,93.5,55.2,412.4,83.0,78.9,0.095,LOW,80.1,HIGH,1
64.6,1,1,-0.2,38,21,65.0,90.6,327.6,77.2,69.9,0.17,LOW,68.5,HIGH,1
77.3,0,2,-0.24,37,11,98.0,61.1,356.3,78.3,86.5,-0.088,LOW,80.4,HIGH,1
77.9,1,0,0.185,43,12,98.0,75.2,10.0,82.3,59.4,-0.282,LOW,61.8,MEDIUM,-1
96.3,0,2,-0.093,53,2,95.2,73.8,458.1,86.4,87.1,0.04,LOW,81.5,HIGH,1
75.4,0,3,0.037,33,11,68.0,84.1,329.9,87.3,75.1,0.353,LOW,74.1,MEDIUM,1
78.7,0,2,0.096,33,9,69.6,76.9,331.2,78.1,75.2,0.468,LOW,74.7,HIGH,1
87.6,0,3,0.159,46,6,73.2,94.1,377.8,95.1,75.0,-0.478,LOW,84.6,HIGH,1
73.6,0,1,-0.025,35,12,68.4,95.3,343.2,89.2,71.3,0.18,LOW,78.5,MEDIUM,1
85.6,0,4,0.597,48,8,88.5,89.5,398.2,83.4,89.5,0.382,LOW,85.9,HIGH,1
96.5,0,10,-0.19,42,2,75.4,88.7,414.9,93.4,65.7,-0.109,LOW,81.3,HIGH,1
65.1,0,2,-0.729,29,16,67.6,63.1,312.7,53.9,62.9,0.054,MEDIUM,64.0,MEDIUM,1
81.6,0,3,-0.281,33,8,88.9,72.2,402.2,81.7,84.5,0.206,LOW,85.3,HIGH,1
67.7,0,2,-0.557,36,17,43.5,79.1,310.7,53.3,53.8,0.225,MEDIUM,62.6,MEDIUM,1
44.0,3,2,-0.249,19,24,81.6,60.0,275.0,67.2,76.5,-0.108,HIGH,72.6,MEDIUM,1
73.1,2,3,0.64,31,11,86.3,88.6,357.0,68.2,86.3,0.364,LOW,83.2,MEDIUM,1
92.3,0,5,0.214,44,4,87.1,97.3,397.6,89.2,95.6,0.01,LOW,96.2,HIGH,1
82.9,0,1,0.02,47,10,81.4,80.8,345.5,90.3,82.4,-0.136,LOW,81.6,HIGH,1
55.1,3,4,-0.462,28,23,65.6,56.8,281.5,63.9,68.4,-0.234,HIGH,61.9,MEDIUM,1
91.2,0,3,0.448,44,4,73.5,79.3,295.1,78.4,85.4,0.223,LOW,78.5,HIGH,1
94.1,0,2,-0.232,54,3,92.5,91.9,436.9,86.5,87.8,-0.214,LOW,93.2,HIGH,1
72.8,0,2,-0.378,38,14,69.3,61.2,409.2,75.4,68.9,0.325,MEDIUM,62.8,MEDIUM,1
57.0,4,0,-0.518,30,23,51.7,75.9,245.2,61.6,56.9,0.256,HIGH,63.9,MEDIUM,1
70.4,2,4,-0.064,34,15,85.7,63.7,404.1,69.9,83.3,-0.371,LOW,76.6,MEDIUM,1
88.8,0,2,0.272,37,5,69.1,74.1,379.1,75.3,68.3,0.145,LOW,76.2,HIGH,1
70.2,1,0,0.338,32,14,81.0,64.2,300.6,72.7,77.3,-0.384,LOW,74.5,MEDIUM,1
86.9,0,0,0.255,50,7,98.0,67.0,10.0,80.8,80.6,-0.223,LOW,81.5,MEDIUM,-1
91.8,1,1,-0.572,51,4,87.9,95.8,423.9,87.1,84.8,0.462,LOW,91.7,HIGH,1
87.5,1,2,0.099,49,7,67.4,82.8,344.9,76.0,63.1,0.017,LOW,71.1,HIGH,1
82.6,0,3,0.111,37,8,64.6,68.9,425.0,71.1,59.1,-0.137,LOW,65.5,MEDIUM,1
87.9,0,1,0.218,45,6,88.2,74.3,390.8,69.7,96.6,-0.26,LOW,84.7,HIGH,1
56.0,4,2,-0.709,32,26,81.6,79.6,255.9,58.1,76.6,0.341,HIGH,70.9,MEDIUM,1
55.3,3,1,-0.38,23,19,77.2,62.4,290.8,69.3,81.9,0.314,HIGH,65.8,MEDIUM,1
74.6,3,2,-0.039,31,11,76.3,81.2,280.2,80.5,68.5,0.071,MEDIUM,73.7,MEDIUM,1
80.4,0,2,0.365,46,11,62.0,74.2,255.1,71.4,67.6,0.102,LOW,70.5,MEDIUM,1
81.6,0,3,0.105,41,9,49.9,84.9,324.6,92.4,68.7,0.104,LOW,74.0,HIGH,1
87.6,0,1,-0.111,39,6,98.0,71.4,409.0,83.4,91.1,0.109,LOW,91.8,HIGH,1
79.6,0,2,-0.453,46,12,68.3,66.1,371.0,77.1,71.9,0.223,LOW,73.2,MEDIUM,1
55.2,2,2,-0.662,24,20,78.6,64.1,294.0,71.3,73.5,-0.128,MEDIUM,68.0,MEDIUM,1
88.1,0,5,0.267,46,6,86.1,86.8,481.9,92.7,74.6,-0.366,LOW,85.0,HIGH,1
74.2,0,2,-0.571,33,11,46.9,69.0,311.9,77.7,44.0,0.35,MEDIUM,59.2,MEDIUM,1
73.6,3,4,-0.493,31,11,69.8,71.1,387.2,72.3,73.1,-0.259,MEDIUM,69.2,HIGH,1
51.6,3,6,-0.025,30,28,66.4,64.9,287.8,61.6,68.7,0.191,MEDIUM,64.5,MEDIUM,1
64.8,2,2,-0.063,36,20,47.4,63.6,308.8,52.4,62.4,0.124,HIGH,59.8,MEDIUM,1
68.1,2,0,-0.663,29,13,64.3,63.8,346.2,70.3,56.0,-0.045,HIGH,62.1,MEDIUM,1
59.0,5,3,-0.339,32,22,51.6,68.5,308.3,70.7,50.5,-0.142,HIGH,48.7,MEDIUM,1
59.4,3,3,0.18,33,23,81.8,79.9,307.5,70.2,82.5,0.085,MEDIUM,71.6,MEDIUM,1
88.7,0,2,0.107,46,6,69.6,72.8,423.7,63.0,67.1,0.348,LOW,75.8,HIGH,1
82.8,0,2,0.201,44,9,81.7,74.5,324.6,60.9,77.2,-0.307,LOW,73.5,MEDIUM,1
69.5,3,4,0.192,38,17,59.8,75.8,388.4,55.4,57.3,0.014,MEDIUM,66.3,MEDIUM,1
69.2,2,1,0.292,35,15,61.6,73.3,277.2,60.1,69.5,0.477,MEDIUM,65.7,MEDIUM,1
86.5,0,5,0.101,48,8,76.3,93.0,353.0,88.1,80.1,0.221,LOW,87.9,HIGH,1
67.4,0,3,0.174,30,14,70.0,70.1,266.6,70.1,73.1,-0.275,LOW,70.4,MEDIUM,1
81.0,0,0,0.36,44,10,76.1,62.9,359.8,72.5,78.5,-0.184,LOW,67.4,MEDIUM,1
90.4,0,3,-0.048,52,5,60.1,68.9,380.5,76.0,56.0,0.266,LOW,68.4,HIGH,1
94.3,0,3,0.209,52,3,93.2,95.2,454.2,84.3,94.5,-0.3,LOW,93.6,HIGH,1
65.6,2,3,-0.794,35,18,86.4,57.4,351.8,59.9,70.2,-0.054,MEDIUM,70.6,MEDIUM,1
71.6,2,3,0.268,38,15,73.0,70.7,415.5,70.4,79.6,-0.145,MEDIUM,69.8,MEDIUM,1
86.5,0,0,-0.066,45,7,76.7,68.1,373.8,82.3,64.2,-0.004,LOW,76.1,HIGH,1
88.4,0,4,-0.148,35,5,92.5,80.1,421.2,88.4,84.3,0.245,LOW,86.2,HIGH,1
77.9,0,3,0.401,35,10,98.0,77.8,10.0,77.9,88.6,-0.012,LOW,82.9,HIGH,-1
49.3,5,1,-0.564,25,25,59.6,65.4,310.4,46.2,54.9,-0.095,HIGH,57.1,MEDIUM,1
76.1,1,4,0.204,38,12,67.9,73.2,323.4,73.3,62.2,0.067,LOW,70.9,MEDIUM,1
68.1,0,5,0.022,37,18,69.5,57.0,284.4,66.6,75.2,0.024,LOW,65.5,MEDIUM,1
89.1,0,0,-0.044,37,5,58.3,74.5,365.9,73.7,61.1,-0.195,LOW,68.4,HIGH,1
94.8,0,4,0.146,53,3,85.8,76.6,400.6,99.2,94.4,-0.082,LOW,88.9,HIGH,1
74.1,2,0,-0.136,39,14,90.0,83.3,398.4,72.8,83.1,-0.392,MEDIUM,84.5,MEDIUM,1
72.2,8,2,-0.95,30,11,46.4,66.6,240.4,67.6,57.4,-0.117,LOW,58.4,MEDIUM,-1
80.1,0,2,0.025,38,10,47.7,57.1,320.5,67.5,65.5,0.364,MEDIUM,58.3,MEDIUM,1
88.8,0,1,1.0,42,5,89.6,88.5,362.7,75.6,73.1,0.176,LOW,88.2,HIGH,1
75.2,0,2,0.634,38,12,98.0,78.7,384.0,62.4,84.8,-0.059,LOW,80.9,HIGH,1
93.2,0,5,-0.065,43,3,98.0,75.6,466.4,78.0,90.9,0.24,LOW,88.7,HIGH,1
64.4,0,2,-0.295,26,15,64.8,56.5,414.2,39.3,78.9,0.37,LOW,60.2,MEDIUM,1
80.6,0,1,-0.029,35,8,83.4,71.7,386.5,77.3,81.6,0.02,LOW,81.1,MEDIUM,1
92.6,0,2,-0.297,49,4,96.3,81.6,477.7,81.0,77.4,-0.177,LOW,84.9,HIGH,1
77.5,0,2,-0.129,40,12,56.9,80.8,293.7,73.2,70.4,-0.069,LOW,70.4,MEDIUM,1
77.2,0,7,-0.05,40,12,52.3,92.5,225.5,86.2,81.3,0.149,LOW,69.1,MEDIUM,1
59.5,3,0,-0.998,31,21,62.5,69.9,337.3,60.8,60.9,0.274,HIGH,63.4,HIGH,1
90.0,0,3,0.005,40,4,69.6,87.2,393.0,78.4,81.5,0.034,LOW,79.7,HIGH,1
87.3,0,3,0.311,45,6,82.9,63.4,383.0,61.1,82.2,-0.036,LOW,75.5,HIGH,1
73.3,2,4,0.676,33,12,67.7,62.0,308.9,57.1,72.5,0.262,LOW,67.0,MEDIUM,1
98.7,0,3,0.255,52,1,98.0,95.5,459.7,100.0,100.0,-0.224,LOW,94.4,HIGH,1
85.4,1,3,-0.173,40,7,86.6,65.3,311.1,69.5,88.9,0.024,LOW,79.3,HIGH,1
77.8,0,2,-0.201,37,10,72.4,67.4,304.9,71.8,68.8,0.302,LOW,70.3,MEDIUM,1
80.5,0,4,0.073,37,9,51.0,80.0,302.7,74.9,55.1,0.047,LOW,69.2,MEDIUM,1
85.2,0,0,0.11,48,8,83.4,82.1,404.6,86.8,77.4,-0.021,LOW,81.8,HIGH,1
71.4,0,2,0.062,36,14,74.8,63.0,358.9,61.6,72.8,-0.3,LOW,79.9,MEDIUM,1
59.2,4,3,0.097,29,20,62.2,82.2,318.5,63.5,75.5,-0.091,HIGH,64.4,MEDIUM,1
89.4,0,1,0.229,46,6,73.2,68.9,378.2,65.1,71.3,0.055,LOW,75.9,MEDIUM,1
78.4,0,2,0.243,38,11,98.0,78.3,10.0,79.2,82.9,0.255,LOW,70.0,HIGH,-1
66.8,2,1,-0.151,35,18,86.7,87.7,295.7,82.7,80.9,-0.313,LOW,79.1,HIGH,1
76.8,0,4,-0.107,37,11,90.1,78.0,357.7,81.2,92.4,-0.145,LOW,86.7,HIGH,1
61.2,0,6,-0.745,28,18,62.0,51.2,257.0,67.5,72.4,-0.062,MEDIUM,63.4,MEDIUM,1
90.5,0,4,0.06,42,4,98.0,90.1,10.0,87.9,89.2,0.096,LOW,88.1,HIGH,-1
91.7,1,3,-0.097,52,5,87.2,79.4,389.2,87.7,80.8,-0.179,LOW,82.0,HIGH,1
86.9,0,6,0.292,48,7,63.7,86.1,385.9,90.8,76.6,-0.111,LOW,80.1,HIGH,1
68.5,2,5,-0.426,32,15,61.4,85.0,328.8,67.9,71.8,0.395,MEDIUM,74.7,MEDIUM,1
73.5,1,6,0.448,40,15,88.3,57.0,361.0,76.4,90.1,0.062,LOW,73.9,HIGH,1
89.3,1,1,0.293,52,6,68.1,84.6,344.2,87.9,59.5,-0.072,LOW,76.0,HIGH,1
87.5,0,1,0.6,47,7,72.5,91.7,388.8,94.4,71.1,0.159,LOW,83.3,HIGH,1
96.6,1,4,0.572,52,2,81.4,87.0,408.7,94.3,86.0,-0.345,LOW,87.0,HIGH,1
80.2,0,2,0.321,36,9,98.0,91.2,10.0,70.8,76.1,-0.08,LOW,77.8,HIGH,-1
77.3,0,2,-0.244,37,11,63.0,76.9,266.8,82.6,64.5,-0.158,MEDIUM,70.3,MEDIUM,1
87.1,0,2,-0.033,47,7,74.7,96.1,382.3,90.2,79.8,-0.144,LOW,81.4,HIGH,1
85.3,0,3,-0.111,39,7,54.9,62.0,327.9,70.3,42.6,-0.186,LOW,53.3,HIGH,1
90.3,0,1,0.133,42,5,88.2,89.7,382.7,91.1,97.9,-0.022,LOW,87.6,HIGH,1
67.6,1,2,-0.115,39,18,67.9,45.1,379.9,65.0,61.0,-0.029,MEDIUM,63.6,MEDIUM,1
90.9,0,4,0.006,50,5,63.6,84.4,350.5,96.4,69.1,-0.105,LOW,72.4,HIGH,1
39.7,2,4,-0.071,21,33,48.1,46.3,133.5,63.3,44.1,-0.406,HIGH,47.2,LOW,1
79.4,0,4,-0.098,33,9,49.2,83.9,343.9,84.5,75.6,-0.176,LOW,71.2,HIGH,1
87.3,0,0,-0.589,35,5,65.2,75.3,408.2,83.8,58.2,-0.129,MEDIUM,80.3,HIGH,1
70.1,0,2,0.166,36,16,49.7,72.6,318.2,77.8,43.4,-0.325,LOW,59.5,MEDIUM,1
72.0,0,1,0.017,37,14,98.0,66.2,298.2,66.0,82.5,0.363,LOW,84.9,MEDIUM,1
93.6,0,3,0.138,45,3,85.3,99.0,410.3,99.8,88.0,-0.369,LOW,92.4,HIGH,1
63.1,1,3,-0.016,26,15,67.2,66.3,272.1,62.1,67.2,0.42,LOW,59.6,MEDIUM,1
80.4,0,0,0.031,39,9,64.3,67.6,408.1,72.6,60.6,-0.429,LOW,65.2,MEDIUM,1
64.5,0,3,-0.616,30,17,70.9,54.2,300.8,58.0,57.0,-0.293,MEDIUM,63.1,MEDIUM,1
79.8,0,2,-0.077,35,9,77.0,66.9,378.3,67.7,77.7,-0.065,LOW,80.9,HIGH,1
74.6,1,3,0.525,39,13,81.9,63.3,369.8,77.9,65.3,0.279,LOW,75.3,HIGH,1
96.7,0,4,0.232,40,1,77.8,83.6,442.8,87.9,76.0,-0.173,LOW,82.4,HIGH,1
71.4,1,4,0.449,35,14,63.7,69.4,383.3,75.1,67.8,0.611,LOW,69.0,MEDIUM,1
60.9,3,1,-0.395,27,18,58.1,45.6,285.3,61.5,53.3,-0.302,HIGH,52.6,MEDIUM,1
85.1,0,3,0.32,39,7,74.7,74.2,328.1,70.2,90.0,0.118,LOW,78.5,MEDIUM,1
78.9,0,3,0.39,33,9,76.5,52.8,426.8,57.3,76.5,0.077,LOW,66.2,HIGH,1
73.7,1,2,-0.361,39,14,87.7,81.6,346.7,91.0,85.9,-0.22,LOW,83.7,MEDIUM,1
72.6,0,3,0.188,40,15,86.5,70.7,387.0,66.3,78.5,-0.312,LOW,80.7,HIGH,1
82.3,0,1,0.159,37,8,73.9,63.8,351.1,76.1,62.9,0.035,LOW,76.7,HIGH,1
68.6,2,5,-0.602,32,15,98.0,68.4,365.0,68.4,100.0,0.051,MEDIUM,92.8,MEDIUM,1
86.3,1,3,-0.249,35,5,84.3,88.7,331.5,84.5,82.2,-0.331,LOW,93.2,HIGH,1
84.7,0,1,0.712,50,9,98.0,75.5,10.0,84.3,75.7,0.163,LOW,77.2,HIGH,-1
84.9,0,2,0.151,46,8,87.6,78.9,412.2,73.1,86.9,0.156,LOW,91.3,HIGH,1
72.8,0,4,0.479,41,15,86.8,81.3,326.6,73.7,78.8,0.217,LOW,84.0,MEDIUM,1
80.0,0,3,0.322,46,11,87.0,70.2,429.8,85.1,86.3,-0.225,LOW,84.7,HIGH,1
75.6,0,6,0.116,32,10,66.2,65.0,399.8,71.0,69.4,0.605,LOW,72.9,MEDIUM,1
84.8,0,0,-0.204,38,7,73.3,69.4,375.2,87.5,63.3,-0.079,LOW,70.6,HIGH,1
40.5,3,1,-0.055,23,33,39.7,66.5,226.6,62.9,58.5,-0.027,HIGH,54.0,MEDIUM,1
79.0,0,0,0.103,41,11,81.4,77.7,384.2,83.6,86.5,-0.243,LOW,74.7,HIGH,1
75.6,0,2,0.149,42,14,84.5,79.4,347.8,79.7,83.2,0.022,LOW,78.7,MEDIUM,1
67.4,1,2,-0.168,37,18,81.0,57.6,312.1,87.9,72.2,-0.246,MEDIUM,67.9,MEDIUM,1
93.1,0,2,0.206,52,4,85.0,98.6,378.6,86.1,74.7,0.053,LOW,94.1,HIGH,1
70.2,1,3,0.263,28,12,78.0,82.1,294.5,62.8,79.2,-0.491,LOW,80.4,MEDIUM,1
73.4,0,4,-0.172,40,15,52.2,62.4,288.2,62.5,50.4,0.175,MEDIUM,58.3,MEDIUM,1
74.9,1,2,0.311,34,11,67.5,78.9,379.0,74.6,78.0,-0.386,LOW,74.0,HIGH,1
86.1,0,0,0.32,40,7,72.0,69.4,353.8,97.7,80.6,0.128,LOW,80.0,HIGH,1
85.7,0,1,0.162,34,6,95.5,62.8,429.0,80.6,95.3,-0.141,LOW,87.1,HIGH,1
72.8,8,5,-0.95,30,11,75.6,76.8,364.6,83.7,82.5,0.204,LOW,80.1,MEDIUM,-1
77.2,0,4,0.533,42,12,77.4,77.0,363.3,59.3,94.4,0.037,LOW,72.7,MEDIUM,1
93.2,0,2,0.354,41,3,65.6,87.7,392.9,83.8,67.7,0.053,LOW,75.7,HIGH,1
83.8,0,2,-0.244,49,10,61.7,87.0,304.7,88.5,66.6,0.36,LOW,71.8,HIGH,1
75.1,0,1,-0.062,41,13,70.2,81.9,346.9,79.3,77.1,-0.149,LOW,71.1,MEDIUM,1
77.7,0,2,0.043,38,11,83.2,75.9,345.4,63.9,80.1,-0.271,LOW,77.0,MEDIUM,1
84.0,0,0,-0.077,37,7,66.5,77.1,408.2,82.5,67.4,0.204,LOW,75.1,HIGH,1
68.2,0,2,-0.666,29,13,86.8,83.9,369.0,70.0,94.2,-0.035,LOW,77.1,HIGH,1
74.3,3,2,0.382,33,12,62.9,70.0,362.0,75.5,58.7,0.238,MEDIUM,62.1,HIGH,1
49.8,2,2,-0.487,27,27,66.5,73.3,267.9,53.7,76.6,-0.219,MEDIUM,69.3,MEDIUM,1
71.2,0,0,0.468,41,16,62.6,52.3,291.9,64.1,64.1,-0.28,LOW,61.9,MEDIUM,1
95.1,0,3,-0.385,50,3,97.6,77.1,424.6,94.3,80.0,0.101,LOW,86.5,HIGH,1
60.2,0,3,-0.016,30,19,88.3,66.6,271.2,62.7,83.1,-0.21,LOW,77.4,MEDIUM,1
25.3,5,2,0.007,11,32,55.2,57.7,160.0,59.4,46.9,-0.227,HIGH,47.2,LOW,1
57.2,6,5,-0.181,29,21,56.2,73.8,221.9,58.0,63.2,0.15,HIGH,63.9,MEDIUM,1
60.9,0,5,-0.327,36,23,55.0,77.9,274.7,67.2,64.2,-0.127,MEDIUM,62.6,MEDIUM,1
77.3,0,5,0.097,36,10,65.2,77.0,375.4,80.4,70.6,0.108,LOW,72.7,MEDIUM,1
52.6,3,1,-0.244,28,26,55.9,62.3,253.9,55.7,64.2,-0.464,HIGH,60.9,MEDIUM,1
59.4,3,1,-0.111,29,19,58.0,78.2,240.8,67.4,60.0,-0.323,MEDIUM,64.5,MEDIUM,1
88.5,0,2,0.046,48,6,94.8,81.2,435.8,73.4,78.6,0.058,LOW,87.1,HIGH,1
87.1,0,2,0.09,44,7,80.1,91.8,317.5,73.1,82.1,-0.095,LOW,89.0,MEDIUM,1
72.1,2,3,0.201,41,16,77.8,77.7,299.0,77.5,68.4,-0.089,MEDIUM,70.8,MEDIUM,1
55.0,3,2,-0.242,25,20,47.7,64.9,270.0,60.3,51.5,-0.306,HIGH,50.0,MEDIUM,1
82.7,0,1,-0.166,47,10,72.4,86.3,410.1,91.9,74.7,0.046,LOW,86.0,HIGH,1
91.6,0,2,-0.136,52,5,88.3,84.0,403.6,76.1,84.9,0.449,LOW,86.2,HIGH,1
92.2,0,2,0.077,42,3,76.0,84.1,320.7,82.0,76.6,0.056,LOW,87.3,HIGH,1
77.6,0,1,-0.419,42,12,77.7,66.7,364.8,67.0,73.7,-0.017,LOW,70.6,MEDIUM,1
86.6,0,4,0.057,50,8,73.6,77.1,452.0,72.8,83.3,0.144,LOW,75.1,HIGH,1
69.0,1,4,-0.199,30,14,84.0,66.1,388.6,79.7,83.3,-0.398,LOW,77.7,HIGH,1
68.7,1,2,-0.277,30,13,69.7,73.5,304.4,64.0,68.0,0.206,LOW,67.3,MEDIUM,1
87.9,0,1,0.237,49,7,71.7,81.5,364.7,82.8,79.9,0.527,LOW,78.2,HIGH,1
86.9,1,3,0.161,43,6,82.3,77.4,413.2,82.1,90.3,-0.205,LOW,81.9,HIGH,1
74.5,2,3,0.356,38,13,76.1,72.2,371.1,65.6,82.1,0.157,LOW,67.9,MEDIUM,1
58.2,4,2,-0.202,26,18,75.7,70.6,241.3,73.0,69.1,-0.084,HIGH,68.7,MEDIUM,1
86.4,1,3,0.68,40,6,63.6,61.3,365.0,65.0,61.9,0.24,LOW,66.5,HIGH,1
86.4,0,5,0.109,44,7,67.1,64.3,420.7,84.3,71.3,0.115,LOW,72.4,HIGH,1
88.0,0,3,0.329,36,5,81.9,77.9,387.1,76.0,78.0,-0.237,LOW,77.4,HIGH,1
44.4,3,3,-0.306,26,33,50.7,72.3,224.5,65.0,76.1,0.35,HIGH,59.4,MEDIUM,1
97.4,0,1,0.111,55,1,85.5,98.2,491.0,100.0,100.0,0.108,LOW,95.9,HIGH,1
88.5,0,0,-0.184,46,6,82.2,65.1,395.4,84.5,72.1,-0.155,LOW,75.3,HIGH,1
85.2,0,1,0.07,37,7,66.7,99.0,392.3,78.4,77.7,-0.235,LOW,81.2,HIGH,1
89.9,0,3,-0.149,40,4,83.3,71.5,431.5,59.0,75.5,-0.269,LOW,82.6,HIGH,1
89.4,8,3,-0.95,53,6,73.4,70.4,392.7,90.0,84.2,0.025,LOW,75.6,HIGH,-1
91.0,0,5,0.155,46,5,61.6,57.7,338.1,76.2,59.6,0.061,LOW,64.7,HIGH,1
65.8,1,4,-0.079,34,17,67.8,63.1,245.2,78.9,73.7,-0.438,MEDIUM,73.3,MEDIUM,1
94.8,0,1,-0.424,44,2,98.0,79.3,10.0,91.3,77.2,0.008,LOW,86.5,HIGH,-1
85.4,8,0,-0.95,38,7,70.1,93.8,350.2,86.5,82.8,-0.159,LOW,84.3,HIGH,-1
75.6,0,2,0.005,37,12,74.1,82.2,392.7,88.0,83.4,-0.166,LOW,82.9,HIGH,1
75.7,0,4,-0.326,44,14,78.8,85.1,380.0,76.4,90.8,-0.054,LOW,84.8,HIGH,1
92.0,0,1,-0.747,51,4,74.4,99.0,354.8,100.0,84.5,0.277,LOW,90.4,HIGH,1
72.3,1,3,0.34,30,11,81.4,94.9,336.3,78.2,88.5,0.56,LOW,84.1,HIGH,1
84.5,0,3,0.197,36,7,66.0,97.7,331.0,84.6,77.6,-0.205,LOW,79.7,HIGH,1
85.4,0,2,-0.139,41,7,71.0,82.1,325.2,86.7,76.6,0.01,LOW,78.3,MEDIUM,1
75.5,0,3,0.137,33,11,90.6,69.9,367.8,70.7,90.0,-0.151,LOW,77.0,MEDIUM,1
91.6,1,3,0.651,37,3,71.4,91.5,422.5,94.4,68.9,0.157,LOW,84.1,HIGH,1
96.1,0,2,-0.179,48,2,82.9,75.8,360.2,81.9,78.2,-0.112,LOW,79.1,MEDIUM,1
76.0,0,2,0.374,44,14,63.9,80.3,383.1,81.2,65.0,0.177,LOW,73.3,HIGH,1
89.3,0,6,-0.037,38,4,98.0,78.1,10.0,92.2,84.7,-0.051,LOW,87.8,HIGH,-1
84.1,0,1,-0.085,34,6,66.9,72.3,366.4,78.6,78.0,-0.187,LOW,73.8,MEDIUM,1
81.5,0,7,-0.276,35,8,96.0,60.0,387.5,69.9,76.3,0.19,LOW,77.6,HIGH,1
99.1,0,1,0.143,48,0,98.0,89.2,10.0,88.5,94.5,0.288,LOW,90.3,HIGH,-1
89.8,0,3,0.342,49,6,84.9,71.0,399.2,85.7,73.0,0.115,LOW,79.6,HIGH,1
63.0,3,4,-0.157,29,17,76.8,74.5,326.3,79.1,78.0,-0.064,MEDIUM,73.0,MEDIUM,1
92.7,0,4,0.035,41,3,98.0,80.4,407.7,69.8,90.2,0.18,LOW,89.0,HIGH,1
78.7,0,1,-0.094,41,11,68.0,75.1,374.4,81.7,66.2,0.26,LOW,73.8,HIGH,1
81.9,0,1,0.619,41,9,98.0,75.4,10.0,69.6,84.8,0.137,LOW,81.1,MEDIUM,-1
74.7,2,1,-0.068,40,13,72.3,59.5,376.3,64.9,63.6,-0.047,LOW,66.8,HIGH,1
68.3,1,3,-0.42,38,18,59.8,63.8,333.1,68.1,58.3,-0.194,LOW,64.4,HIGH,1
77.1,1,3,-0.369,39,12,68.7,66.1,366.3,72.1,57.7,-0.068,MEDIUM,68.6,MEDIUM,1
80.1,0,3,0.625,46,12,78.5,67.3,384.8,72.9,73.2,0.067,LOW,74.1,MEDIUM,1
94.4,0,3,-0.408,42,2,98.0,73.4,444.4,84.6,80.1,0.149,LOW,81.4,HIGH,1
89.5,0,4,0.385,42,5,66.9,70.5,404.3,74.5,75.0,0.104,LOW,78.2,HIGH,1
58.6,2,5,-0.07,24,17,64.1,58.4,307.7,66.2,77.1,-0.142,MEDIUM,69.4,MEDIUM,1
76.5,1,5,-0.044,43,13,68.8,67.1,329.7,70.9,83.4,0.203,LOW,75.6,MEDIUM,1
82.9,1,5,0.168,34,7,83.3,82.7,356.6,84.0,92.4,0.143,LOW,83.6,HIGH,1
64.4,0,1,-0.11,27,15,74.2,70.8,320.2,65.4,67.5,0.239,LOW,65.0,MEDIUM,1
74.4,1,3,0.78,44,15,56.3,63.9,377.1,63.4,60.4,0.231,LOW,61.6,MEDIUM,1
97.2,0,0,0.628,55,2,85.7,79.6,452.8,77.4,80.1,0.231,LOW,87.0,HIGH,1
95.3,0,5,0.321,51,3,57.7,64.4,394.5,75.9,54.8,0.249,LOW,66.1,MEDIUM,1
75.9,0,1,0.176,33,11,86.5,75.7,245.5,67.5,81.4,-0.009,LOW,82.3,MEDIUM,1
81.1,0,1,0.3,45,11,54.9,73.9,270.2,84.5,63.3,0.966,LOW,68.5,MEDIUM,1
77.8,1,6,0.171,41,12,63.0,65.7,352.1,76.1,63.1,-0.029,LOW,71.1,HIGH,1
78.4,0,5,0.207,31,9,79.5,96.3,412.6,75.6,87.2,0.258,LOW,81.7,HIGH,1
73.8,1,3,-0.095,39,14,64.0,70.6,311.2,58.9,66.3,0.445,LOW,72.0,MEDIUM,1
76.6,0,2,0.08,37,11,77.8,79.0,360.4,83.8,74.8,0.076,LOW,76.2,MEDIUM,1
75.8,0,3,0.334,33,11,94.6,70.7,362.9,78.5,87.8,0.047,LOW,81.3,MEDIUM,1
59.8,4,0,-0.233,26,17,77.8,55.5,269.8,50.7,77.2,0.264,HIGH,67.1,MEDIUM,1
86.6,0,4,0.247,35,5,72.5,80.8,356.5,77.3,78.2,-0.489,LOW,82.1,HIGH,1
65.0,1,1,-0.405,27,15,64.7,64.1,314.9,72.0,65.5,0.009,MEDIUM,67.1,MEDIUM,1
56.6,4,0,-0.264,33,26,49.0,72.4,333.8,46.9,60.6,0.122,HIGH,53.5,MEDIUM,1
88.6,0,5,-0.271,44,6,91.9,76.8,403.3,72.9,100.0,0.277,LOW,84.9,HIGH,1
83.9,1,0,0.337,46,9,83.0,75.2,384.3,73.8,74.4,-0.144,LOW,89.4,HIGH,1
60.5,0,1,-0.777,30,20,55.3,77.5,342.5,76.4,66.3,0.224,MEDIUM,67.8,MEDIUM,1
87.1,0,2,0.244,43,6,82.4,80.6,415.9,79.7,86.0,0.013,LOW,84.2,HIGH,1
89.4,0,0,-0.31,46,5,61.0,81.9,388.5,89.8,63.8,0.567,LOW,71.3,HIGH,1
46.1,3,4,-0.535,20,24,62.4,63.2,284.4,52.8,62.9,0.247,HIGH,61.1,MEDIUM,1
73.9,0,1,-0.195,36,13,87.4,82.4,347.6,80.8,86.2,0.675,LOW,79.3,HIGH,1
69.4,3,3,0.008,36,16,78.3,96.1,343.7,82.5,75.8,-0.073,MEDIUM,83.4,HIGH,1
82.1,0,6,-0.263,48,10,79.4,72.4,391.8,70.1,75.3,-0.216,LOW,79.8,HIGH,1
86.4,0,2,0.044,40,6,90.9,77.6,385.2,76.9,74.9,-0.142,LOW,86.4,HIGH,1
82.7,0,1,-0.025,45,10,71.1,70.3,357.2,79.0,82.0,-0.324,LOW,83.2,MEDIUM,1
70.2,0,4,0.023,32,13,44.2,68.7,283.5,70.6,41.7,-0.118,LOW,57.9,MEDIUM,1
89.6,0,1,0.324,44,5,96.5,83.9,369.9,87.8,87.7,0.206,LOW,88.2,HIGH,1
83.7,1,2,0.062,41,8,87.5,82.6,446.4,88.1,71.2,-0.147,LOW,77.5,HIGH,1
68.3,2,3,-0.293,34,16,73.3,82.0,314.3,73.3,89.0,0.045,MEDIUM,82.8,MEDIUM,1
91.5,0,3,-0.174,45,4,82.1,77.5,376.8,60.7,91.3,-0.014,LOW,82.0,HIGH,1
90.1,0,1,-0.186,48,5,90.0,84.4,424.6,75.4,100.0,-0.277,LOW,89.4,HIGH,1
43.9,2,5,-0.671,24,30,66.9,50.7,323.4,40.6,61.5,0.609,HIGH,50.0,LOW,1
91.9,0,1,-0.007,42,4,79.0,73.4,373.5,69.3,86.5,-0.048,LOW,79.5,MEDIUM,1
77.4,8,1,-0.95,40,12,89.5,83.7,376.3,78.2,83.3,0.268,LOW,82.3,HIGH,-1
45.9,5,3,-0.196,23,27,67.3,57.6,146.4,59.8,68.7,0.102,HIGH,66.8,MEDIUM,1
73.7,1,1,0.117,34,12,64.9,66.3,407.4,60.8,69.0,-0.412,LOW,67.3,MEDIUM,1
82.1,0,3,-0.367,41,9,98.0,61.6,377.2,78.3,86.3,-0.237,LOW,83.2,HIGH,1
87.1,0,4,0.434,46,7,69.3,89.0,257.1,91.8,69.8,0.059,LOW,77.5,HIGH,1
91.5,0,5,0.58,51,5,57.4,63.9,406.5,92.9,65.8,-0.119,LOW,72.7,HIGH,1
70.2,0,4,-0.151,39,16,54.3,56.0,254.0,72.9,59.1,0.334,LOW,52.4,MEDIUM,1
95.5,1,3,-0.193,38,2,97.1,88.8,378.7,97.0,90.3,-0.478,LOW,92.5,HIGH,1
94.5,0,2,0.532,45,3,97.1,80.3,386.3,86.3,98.3,0.277,LOW,92.4,HIGH,1
84.3,1,3,0.216,40,8,65.7,81.7,335.9,73.9,64.0,-0.086,LOW,75.9,MEDIUM,1
91.6,0,2,0.616,45,4,73.8,78.3,454.2,80.7,68.5,-0.464,LOW,78.2,HIGH,1
51.0,6,2,0.104,30,28,53.6,71.7,199.3,72.5,55.9,-0.113,HIGH,61.8,MEDIUM,1
89.0,0,1,-0.477,48,6,89.8,92.1,437.2,86.0,81.9,0.138,LOW,88.3,HIGH,1
81.2,0,1,0.577,45,10,61.5,89.6,312.4,84.9,67.9,-0.088,LOW,74.9,HIGH,1
74.9,1,4,0.139,37,13,84.3,71.4,338.0,80.4,82.3,0.12,LOW,79.8,MEDIUM,1
80.5,1,2,0.107,45,11,77.6,65.0,352.4,74.2,68.4,0.435,LOW,78.9,HIGH,1
44.7,4,3,-0.24,26,32,50.8,59.9,231.0,54.9,60.8,0.576,HIGH,53.9,LOW,1
75.5,0,0,0.077,39,13,67.5,65.6,352.4,66.3,77.4,-0.155,LOW,71.9,HIGH,1
95.2,0,1,-0.356,43,2,79.9,77.1,337.0,100.0,90.9,0.301,LOW,89.3,HIGH,1
45.4,3,1,0.166,25,29,55.2,79.4,338.1,67.8,53.3,-0.024,MEDIUM,62.4,MEDIUM,1
90.1,0,1,-0.066,50,5,71.8,89.0,380.6,77.7,83.5,-0.346,LOW,80.3,HIGH,1
91.7,0,2,0.007,39,4,98.0,78.4,374.9,77.3,93.1,-0.343,LOW,87.0,HIGH,1
69.0,0,4,-0.077,32,15,76.5,70.1,394.3,70.4,71.6,0.024,LOW,73.3,MEDIUM,1
86.4,0,3,0.625,40,6,89.1,73.9,391.5,84.1,82.3,0.285,LOW,89.4,HIGH,1
76.0,0,0,0.075,43,13,74.9,76.0,343.2,74.7,74.9,-0.149,LOW,80.2,MEDIUM,1
67.6,3,1,-0.19,37,18,72.3,66.1,361.7,56.3,78.1,-0.01,MEDIUM,63.9,HIGH,1
80.3,0,3,0.52,33,8,71.4,86.9,277.8,66.6,83.0,0.074,LOW,84.3,MEDIUM,1
68.5,1,3,-0.08,38,18,82.9,70.7,371.5,56.4,87.2,-0.627,MEDIUM,78.5,MEDIUM,1
77.5,1,1,0.241,33,10,74.8,66.0,362.7,76.4,67.6,0.155,LOW,67.6,HIGH,1
88.8,0,1,-0.768,47,6,71.5,94.4,352.8,89.6,78.6,0.221,LOW,78.5,HIGH,1
77.4,0,1,0.011,36,11,41.7,79.5,292.9,72.1,65.6,0.252,LOW,62.1,HIGH,1
76.8,0,3,0.151,34,10,98.0,78.4,10.0,93.1,69.4,0.124,LOW,69.5,HIGH,-1
71.3,1,0,0.147,31,13,68.6,53.7,333.7,64.5,74.4,0.034,LOW,73.2,MEDIUM,1
69.5,1,4,0.025,31,13,70.4,70.8,337.4,58.0,69.7,0.066,LOW,73.6,MEDIUM,1
91.1,0,3,-0.267,40,4,66.6,73.8,328.3,79.7,79.4,0.287,LOW,76.9,HIGH,1
87.8,0,3,-0.207,37,5,53.1,51.2,315.3,74.0,51.4,0.048,LOW,64.7,MEDIUM,1
87.6,0,3,0.392,39,6,98.0,78.6,10.0,77.4,77.7,0.22,LOW,95.5,HIGH,-1
72.5,0,3,0.427,29,11,71.3,71.2,289.5,71.0,75.2,0.021,LOW,71.6,MEDIUM,1
78.4,0,3,-0.21,37,10,70.3,87.8,315.9,86.3,76.4,0.333,LOW,74.0,HIGH,1
96.2,0,3,0.181,50,2,85.4,77.6,324.1,86.1,66.6,-0.039,LOW,87.9,MEDIUM,1
84.7,1,2,0.027,50,9,64.5,70.0,373.3,81.9,64.6,0.36,LOW,73.9,HIGH,1
82.4,1,3,-0.093,37,8,98.0,70.2,10.0,81.7,88.5,-0.314,LOW,83.5,HIGH,-1
89.6,0,0,-0.26,51,6,74.0,82.8,476.1,71.5,75.1,0.099,LOW,77.5,HIGH,1
85.1,1,2,-0.169,49,8,68.8,89.8,380.7,89.5,85.3,0.33,LOW,82.8,HIGH,1
84.8,0,4,-0.146,47,8,70.3,78.1,331.6,85.1,69.9,0.143,LOW,72.1,MEDIUM,1
90.8,0,1,0.566,43,4,72.3,75.1,383.9,83.3,70.8,0.139,LOW,79.3,HIGH,1
89.5,0,5,0.249,50,6,66.2,78.4,389.2,84.7,60.4,0.17,LOW,68.4,HIGH,1
91.8,0,4,0.185,43,4,86.2,87.8,422.1,79.6,97.8,0.052,LOW,85.5,HIGH,1
83.4,0,0,-0.236,45,9,83.7,89.1,341.5,96.2,98.4,-0.048,LOW,90.8,HIGH,1
62.0,2,0,0.147,30,19,50.2,79.7,334.2,76.3,73.0,0.155,MEDIUM,57.4,MEDIUM,1
87.5,0,3,0.533,35,5,75.5,78.3,408.3,86.7,80.4,0.182,LOW,81.9,HIGH,1
82.9,0,1,0.174,40,8,78.1,81.9,414.8,92.0,70.0,-0.16,LOW,81.1,HIGH,1
45.0,5,1,-0.21,25,31,51.4,68.3,284.6,67.1,59.6,0.197,HIGH,52.2,MEDIUM,1
74.5,2,3,0.141,44,15,81.9,72.8,391.6,81.0,67.1,0.006,MEDIUM,77.6,MEDIUM,1
53.3,4,4,-0.028,21,19,80.3,70.8,326.7,45.1,82.2,-0.197,HIGH,70.0,MEDIUM,1
77.8,0,2,-0.338,37,11,79.6,82.7,382.0,56.4,75.4,0.297,LOW,76.3,MEDIUM,1
76.5,0,2,-0.219,41,12,73.3,79.7,358.0,76.3,73.2,0.132,LOW,74.6,MEDIUM,1
68.5,1,5,-0.49,30,14,60.0,78.9,302.4,75.9,60.9,0.285,MEDIUM,62.9,MEDIUM,1
58.0,2,6,-0.391,26,19,46.4,86.8,270.2,75.6,71.2,-0.101,MEDIUM,67.0,MEDIUM,1
92.5,0,1,0.192,41,3,71.7,73.4,353.3,83.6,72.4,0.394,LOW,75.5,HIGH,1
63.3,1,1,0.055,27,16,75.5,81.7,355.7,75.3,89.8,0.022,LOW,71.3,HIGH,1
73.9,3,3,0.379,41,14,60.1,75.2,304.2,75.7,69.0,0.202,MEDIUM,69.5,MEDIUM,1
87.6,0,1,-0.371,48,7,93.6,78.9,387.5,75.6,99.8,-0.167,LOW,92.8,HIGH,1
90.9,0,3,0.667,45,4,75.8,75.3,392.3,70.2,82.2,0.185,LOW,71.1,HIGH,1
88.4,0,2,0.763,47,6,65.6,82.6,374.0,82.3,77.4,0.187,LOW,78.8,MEDIUM,1
96.3,0,1,0.593,50,2,85.8,78.1,423.5,79.6,77.4,-0.025,LOW,87.3,HIGH,1
56.3,2,1,-0.457,24,19,52.6,63.7,300.8,59.6,48.2,-0.216,MEDIUM,53.1,MEDIUM,1
87.9,0,4,-0.048,47,6,89.3,65.0,454.8,62.8,71.4,0.19,LOW,76.4,HIGH,1
48.0,3,3,-0.723,23,25,49.2,62.6,211.4,57.8,56.5,0.297,HIGH,57.7,LOW,1
76.7,0,2,0.186,32,10,49.0,65.5,304.3,73.8,52.4,-0.26,LOW,58.8,MEDIUM,1
90.4,0,5,0.182,44,5,73.9,79.0,377.7,71.2,80.3,0.041,LOW,82.7,HIGH,1
68.1,0,2,-0.359,37,17,50.1,70.7,294.9,73.9,64.7,0.168,MEDIUM,58.2,HIGH,1
88.0,0,3,-0.174,51,7,88.3,70.4,409.2,67.5,81.5,-0.224,LOW,77.9,HIGH,1
95.6,1,3,0.167,39,2,95.3,73.6,392.8,86.5,76.6,0.409,LOW,90.8,HIGH,1
60.6,1,3,-0.301,25,16,58.3,62.8,315.1,57.9,72.3,0.279,MEDIUM,60.7,MEDIUM,1
82.2,0,0,0.217,39,9,94.8,70.3,407.5,84.3,77.7,0.201,LOW,85.5,HIGH,1
76.2,0,6,0.569,33,10,63.0,75.5,308.7,69.5,76.2,0.124,LOW,66.1,MEDIUM,1
98.6,1,3,0.301,43,1,80.5,83.0,435.9,79.2,92.8,-0.125,LOW,88.6,HIGH,1
74.4,2,0,0.173,31,10,59.2,82.7,307.3,77.4,68.2,-0.044,LOW,68.7,HIGH,1
58.2,6,0,-0.191,27,19,43.9,67.0,263.0,67.8,46.9,-0.347,HIGH,53.1,MEDIUM,1
85.9,0,4,-0.211,50,8,82.5,82.0,358.4,89.6,79.3,-0.133,LOW,77.5,HIGH,1
97.3,1,3,0.084,44,1,98.0,82.8,470.4,91.7,100.0,0.138,LOW,97.1,HIGH,1
96.0,0,1,0.193,53,2,77.6,67.6,400.8,72.5,78.9,0.076,LOW,75.6,HIGH,1
60.9,2,1,0.027,32,21,65.5,66.3,312.2,67.8,68.5,-0.104,MEDIUM,62.6,MEDIUM,1
73.4,0,2,0.301,37,14,56.7,53.0,339.9,55.8,56.1,0.069,LOW,60.1,MEDIUM,1
52.2,4,5,-0.328,23,22,54.1,58.8,294.3,67.2,58.5,0.181,HIGH,57.9,MEDIUM,1
85.8,0,5,0.512,45,7,59.4,84.3,393.9,93.6,68.2,-0.191,LOW,78.8,HIGH,1
88.9,0,4,-0.485,48,6,97.4,68.6,450.3,78.8,84.7,0.403,LOW,87.3,HIGH,1
65.4,1,1,-0.079,35,18,53.3,48.0,302.3,57.8,60.2,0.01,MEDIUM,54.4,MEDIUM,1
92.1,0,1,-0.187,43,4,81.1,73.9,410.4,93.9,87.3,0.073,LOW,76.2,HIGH,1
83.2,1,3,0.56,49,10,95.6,79.0,370.1,90.5,81.6,-0.029,LOW,81.1,HIGH,1
90.5,0,3,0.397,45,5,81.6,76.2,428.8,65.6,92.1,0.072,LOW,82.1,HIGH,1
64.9,8,3,-0.95,31,17,66.2,56.2,249.3,67.0,75.5,-0.46,MEDIUM,65.1,MEDIUM,-1
63.9,1,1,-0.551,33,18,70.8,63.7,345.2,64.0,70.7,-0.058,MEDIUM,68.9,MEDIUM,1
83.2,0,5,-0.42,37,8,61.2,82.5,319.1,68.8,86.2,-0.182,LOW,81.8,MEDIUM,1
90.1,0,1,0.327,52,6,58.2,77.2,420.5,94.3,59.7,0.097,LOW,70.4,HIGH,1
75.8,0,2,0.236,32,10,75.7,82.1,371.4,70.6,78.6,-0.003,LOW,70.4,HIGH,1
94.7,0,3,0.372,38,2,83.8,77.1,422.4,90.6,91.8,-0.208,LOW,85.5,HIGH,1
89.1,0,3,-0.7,48,6,83.3,65.0,399.2,71.2,76.7,-0.147,LOW,75.7,HIGH,1
93.2,0,0,-0.146,50,4,51.2,98.6,409.5,81.4,62.3,-0.096,LOW,81.9,HIGH,1
97.4,0,0,0.32,43,1,67.5,87.7,361.8,89.4,76.1,0.11,LOW,83.3,HIGH,1
92.5,0,2,0.483,46,4,82.6,95.0,429.0,76.5,92.3,0.167,LOW,85.4,HIGH,1
84.6,1,1,-0.004,34,6,75.3,77.1,400.2,95.8,77.2,-0.259,LOW,74.1,HIGH,1
54.5,3,5,-0.164,27,22,73.1,61.8,298.0,66.3,79.4,0.296,HIGH,63.8,MEDIUM,1
97.1,0,1,0.335,57,2,87.2,97.9,420.5,87.8,93.6,0.13,LOW,93.2,HIGH,1
65.8,0,6,0.214,33,17,82.2,85.0,396.1,73.9,69.4,-0.07,LOW,76.3,HIGH,1
72.5,3,1,-0.367,33,13,84.8,59.3,319.5,59.8,74.0,-0.097,MEDIUM,73.0,MEDIUM,1
63.5,3,1,-0.314,36,20,74.1,62.4,255.3,67.3,74.2,0.109,MEDIUM,64.9,MEDIUM,1
75.7,0,3,-0.357,39,12,71.5,65.1,342.8,59.8,67.8,0.222,LOW,67.3,MEDIUM,1
69.8,0,3,-0.112,30,13,73.8,77.8,328.8,61.2,69.5,0.429,LOW,68.0,MEDIUM,1
81.2,0,4,-0.334,41,10,80.7,68.9,375.6,76.6,81.0,0.075,LOW,79.3,HIGH,1
87.8,0,1,0.1,37,5,93.3,84.6,386.7,96.2,100.0,0.365,LOW,92.4,HIGH,1
80.6,0,1,0.135,46,11,71.0,84.4,358.4,73.4,79.0,0.298,LOW,77.1,HIGH,1
67.8,1,2,-0.493,35,16,73.9,89.2,272.6,71.6,83.4,0.267,LOW,82.0,MEDIUM,1
92.0,0,2,0.401,53,5,64.3,70.4,467.9,76.1,68.3,0.067,LOW,74.8,HIGH,1
92.0,0,8,0.17,48,4,76.4,93.1,351.4,84.0,85.9,0.077,LOW,82.1,HIGH,1
57.7,3,2,-0.236,32,23,66.6,63.6,314.9,60.6,61.0,0.234,HIGH,63.3,MEDIUM,1
82.1,0,2,-0.108,39,8,80.6,96.1,372.3,89.1,90.2,-0.05,LOW,81.6,HIGH,1
93.4,0,3,0.041,42,3,89.2,92.6,417.6,86.7,90.7,0.45,LOW,90.0,HIGH,1
76.2,0,2,-0.173,37,12,64.4,83.8,312.5,64.9,74.4,0.221,LOW,75.6,MEDIUM,1
79.9,0,5,0.006,39,10,75.6,68.5,395.2,70.9,80.3,-0.32,LOW,73.4,HIGH,1
82.0,0,1,0.104,37,8,70.0,74.9,346.3,80.3,64.0,-0.126,LOW,72.5,HIGH,1
75.4,0,2,0.878,35,12,94.8,78.0,372.3,69.4,86.6,0.214,LOW,85.3,HIGH,1
83.8,0,4,0.077,48,9,58.8,72.1,306.2,80.9,68.4,0.377,LOW,71.3,HIGH,1
84.9,0,0,-0.113,48,8,98.0,85.0,466.6,90.3,95.6,0.386,LOW,91.2,HIGH,1
97.0,0,3,-0.286,48,1,91.6,99.0,419.4,95.4,83.9,0.052,LOW,97.9,HIGH,1
84.0,0,3,0.292,34,7,44.6,71.5,302.5,70.1,51.8,0.072,LOW,63.1,MEDIUM,1
96.6,0,1,-0.214,49,2,77.3,76.4,408.1,95.4,76.9,0.094,LOW,78.5,HIGH,1
69.4,0,4,-0.136,41,18,72.7,65.4,415.8,77.1,76.5,0.346,LOW,81.5,MEDIUM,1
82.7,0,2,0.515,41,8,75.8,92.1,304.5,86.5,86.2,-0.21,LOW,80.1,MEDIUM,1
78.9,0,3,0.328,38,10,55.1,73.5,389.2,72.6,73.0,0.225,LOW,72.1,MEDIUM,1
87.2,0,3,-0.181,48,7,64.7,95.5,429.7,96.1,81.3,0.473,LOW,82.0,HIGH,1
72.5,2,4,0.171,33,13,72.7,80.3,335.6,78.4,90.6,0.242,LOW,85.3,MEDIUM,1
95.1,0,3,0.487,46,2,65.9,87.2,293.1,95.6,72.2,-0.064,LOW,77.1,HIGH,1
85.0,0,2,0.201,38,7,87.5,97.2,381.2,85.4,98.4,0.104,LOW,92.4,HIGH,1
70.2,0,5,0.038,34,15,66.9,64.1,310.6,65.1,57.3,0.288,LOW,69.2,MEDIUM,1
64.4,1,3,0.018,30,16,74.3,51.4,253.7,47.7,71.7,-0.139,MEDIUM,69.8,MEDIUM,1
61.7,1,2,-0.099,35,22,52.6,60.7,207.2,76.4,58.5,-0.143,MEDIUM,57.7,MEDIUM,1
60.5,1,1,-0.209,30,20,49.0,65.2,320.4,75.5,55.8,-0.668,MEDIUM,60.4,MEDIUM,1
67.0,0,2,-0.046,27,13,80.9,72.9,361.6,65.9,77.8,0.382,LOW,73.2,MEDIUM,1
90.4,0,3,0.187,52,6,79.4,88.4,348.7,87.6,81.7,0.21,LOW,83.7,HIGH,1
68.5,1,4,-0.388,30,14,49.4,74.7,303.4,77.6,62.3,0.199,MEDIUM,60.2,MEDIUM,1
83.6,0,6,0.159,38,7,66.8,82.7,302.1,86.6,71.8,-0.084,LOW,71.7,HIGH,1
63.5,2,3,-0.328,29,17,69.2,68.1,255.7,69.9,76.1,-0.316,MEDIUM,66.7,LOW,1
73.8,0,2,0.446,32,11,54.2,79.5,291.9,72.5,55.5,-0.171,LOW,66.1,HIGH,1
75.3,0,0,0.018,41,14,38.5,77.0,263.0,73.4,56.7,-0.223,LOW,62.4,HIGH,1
74.1,1,3,0.019,36,13,54.0,86.3,302.4,79.2,68.8,0.367,LOW,66.5,MEDIUM,1
76.8,0,4,0.347,41,13,82.7,80.1,362.2,74.7,80.5,-0.499,LOW,82.7,MEDIUM,1
81.1,0,3,0.03,42,10,54.6,84.1,302.2,96.2,69.6,0.039,LOW,77.8,HIGH,1
79.7,0,5,0.129,37,10,86.3,99.0,401.3,85.4,78.3,0.02,LOW,90.6,HIGH,1
88.5,0,2,-0.002,46,6,82.5,76.9,433.9,79.9,80.1,0.314,LOW,85.2,HIGH,1
66.5,2,2,-0.485,31,15,59.3,80.0,244.7,70.9,64.8,-0.278,MEDIUM,67.8,MEDIUM,1
85.1,0,4,0.011,48,8,98.0,79.4,10.0,71.6,92.2,-0.416,LOW,81.2,HIGH,-1
84.1,0,4,-0.084,36,7,60.8,75.3,335.0,85.4,70.9,0.777,LOW,75.2,HIGH,1
81.2,0,0,0.923,37,9,68.1,75.3,354.1,63.8,74.8,0.124,LOW,77.6,MEDIUM,1
64.3,0,1,-0.333,35,20,66.2,76.9,303.4,74.2,75.6,-0.274,LOW,61.5,MEDIUM,1
89.9,0,3,-0.043,37,4,74.4,79.1,401.6,72.1,63.6,0.178,LOW,73.1,HIGH,1
67.0,0,5,0.01,36,17,69.1,53.2,330.7,66.7,68.2,-0.362,MEDIUM,62.1,MEDIUM,1
94.5,0,1,0.344,50,3,89.1,77.9,438.3,92.4,94.1,0.052,LOW,83.3,HIGH,1
79.7,0,2,-0.172,37,10,67.3,90.1,278.9,87.8,76.6,0.473,LOW,74.2,MEDIUM,1
80.1,0,3,0.169,36,9,92.8,83.2,469.9,74.3,88.0,-0.283,LOW,92.0,HIGH,1
67.1,0,2,-0.329,31,15,57.2,47.7,347.6,53.0,56.7,0.13,LOW,58.8,MEDIUM,1
93.8,8,5,-0.95,43,3,78.4,75.2,345.6,81.8,76.5,-0.056,LOW,80.9,HIGH,-1
70.1,0,4,0.02,29,12,75.2,60.7,322.1,58.2,72.2,-0.239,LOW,69.4,MEDIUM,1
91.8,0,3,-0.519,39,4,78.5,62.7,300.3,70.7,71.3,-0.252,LOW,81.9,MEDIUM,1
67.0,1,4,-0.085,35,17,51.1,69.5,226.8,66.0,73.4,-0.027,LOW,61.6,MEDIUM,1
84.3,0,1,0.235,41,8,76.6,90.2,366.7,89.3,80.5,0.2,LOW,79.4,HIGH,1
83.4,0,1,-0.27,40,8,64.9,68.0,374.5,92.9,73.0,-0.033,LOW,75.9,HIGH,1
70.7,0,1,0.399,38,16,90.9,66.2,396.6,71.1,81.3,-0.248,LOW,74.7,MEDIUM,1
41.2,5,2,0.049,21,30,72.6,55.5,207.6,48.7,67.6,0.004,HIGH,52.4,LOW,1
62.2,0,2,0.11,30,19,67.3,50.2,385.8,69.1,68.8,-0.512,MEDIUM,62.5,MEDIUM,1
70.3,1,3,-0.365,41,17,66.4,93.2,352.6,88.6,77.8,-0.375,MEDIUM,72.1,HIGH,1
96.0,0,1,0.353,42,2,95.7,91.7,382.5,96.4,93.3,0.281,LOW,97.1,HIGH,1
85.1,0,2,-0.154,39,7,91.7,80.0,407.6,89.4,85.3,-0.233,LOW,87.0,MEDIUM,1
74.8,1,4,-0.267,44,15,77.9,67.0,337.3,86.3,76.3,0.291,MEDIUM,74.9,MEDIUM,1
91.9,0,1,-0.054,46,4,97.6,68.5,376.4,59.3,87.9,0.609,LOW,85.5,HIGH,1
84.4,0,1,0.031,46,9,81.4,70.2,362.4,75.9,72.7,0.068,LOW,77.4,MEDIUM,1
73.7,1,1,-0.054,38,14,73.4,84.2,343.0,69.0,80.6,0.078,LOW,76.3,MEDIUM,1
74.1,2,2,0.456,32,11,75.3,66.8,284.1,75.6,77.6,0.204,LOW,75.4,MEDIUM,1
75.2,0,6,-0.211,41,14,65.4,73.1,325.6,77.2,76.8,0.037,LOW,67.4,HIGH,1
84.0,0,4,0.392,44,8,86.2,78.3,407.6,83.0,86.1,0.3,LOW,88.2,HIGH,1
51.1,2,1,-0.379,20,20,57.7,96.0,305.4,70.0,70.8,0.145,MEDIUM,68.4,MEDIUM,1
89.5,0,3,0.128,38,5,83.2,74.3,418.2,83.1,72.6,0.076,LOW,85.2,HIGH,1
84.2,1,3,0.017,45,9,73.4,66.6,352.0,79.2,68.5,-0.029,LOW,76.8,HIGH,1
78.2,1,3,-0.142,43,12,79.4,56.8,364.1,65.7,75.7,0.525,LOW,70.3,HIGH,1
75.1,0,6,-0.149,32,11,75.3,67.2,362.9,63.2,68.4,-0.343,MEDIUM,74.7,MEDIUM,1
75.2,0,2,-0.293,42,14,84.3,97.2,374.0,95.9,72.4,0.503,LOW,81.2,HIGH,1
74.6,0,0,-0.32,37,13,65.4,79.3,331.8,83.1,77.4,0.127,LOW,71.3,HIGH,1
69.4,3,0,-0.302,31,13,62.3,86.1,313.2,47.3,71.3,-0.119,MEDIUM,63.5,MEDIUM,1
58.2,3,4,0.162,30,22,72.3,70.8,283.0,57.4,71.5,-0.192,MEDIUM,73.4,MEDIUM,1
92.2,0,1,-0.235,47,4,98.0,78.1,427.4,79.7,86.5,-0.025,LOW,93.5,HIGH,1
83.6,0,2,0.153,35,7,73.3,84.7,355.9,87.9,78.8,0.272,LOW,75.7,HIGH,1
83.4,0,4,0.055,36,7,84.0,68.2,337.3,59.7,78.5,0.214,LOW,77.5,MEDIUM,1
88.6,0,4,0.488,43,6,68.7,86.4,404.0,74.8,71.9,-0.007,LOW,79.6,HIGH,1
72.6,1,2,0.243,35,13,65.4,82.8,339.2,75.3,79.8,-0.218,LOW,75.0,MEDIUM,1
79.1,0,1,-0.095,39,10,75.0,85.6,334.7,82.2,69.7,-0.376,LOW,74.9,MEDIUM,1
64.6,0,5,-0.607,34,18,70.9,67.0,309.7,62.2,57.9,-0.008,LOW,68.7,MEDIUM,1
65.4,0,6,-0.828,26,14,70.5,81.5,322.2,76.2,81.6,0.056,LOW,79.6,MEDIUM,1
80.3,0,4,-0.129,41,10,72.2,65.0,387.9,68.7,72.5,0.375,LOW,77.4,HIGH,1
87.0,1,2,0.749,43,7,61.0,86.5,345.0,72.2,65.3,-0.456,LOW,74.9,HIGH,1
66.2,2,3,-0.426,31,16,52.6,72.6,295.0,73.0,55.8,0.263,HIGH,62.8,MEDIUM,1
99.3,0,3,-0.466,53,0,98.0,77.7,502.0,91.0,90.1,0.206,LOW,86.1,HIGH,1
96.0,0,1,-0.395,51,2,78.1,72.2,274.4,90.0,78.4,-0.136,LOW,77.3,HIGH,1
72.0,2,4,0.575,42,17,70.5,71.6,298.1,62.4,78.7,-0.38,LOW,70.3,MEDIUM,1
87.2,0,4,-0.034,49,7,80.8,79.9,405.1,86.3,84.6,0.071,LOW,88.2,HIGH,1
80.6,0,4,0.221,47,11,98.0,70.0,434.8,78.1,85.2,0.411,LOW,84.8,HIGH,1
68.0,1,0,-0.156,40,19,65.8,57.6,275.1,79.8,64.7,-0.498,MEDIUM,59.9,MEDIUM,1
70.4,0,1,-0.089,39,17,82.2,80.1,312.2,66.9,84.9,0.51,LOW,75.4,MEDIUM,1
84.6,0,1,-0.042,38,7,65.5,87.7,361.3,84.7,84.3,0.488,LOW,83.0,HIGH,1
85.1,0,1,-0.182,45,8,71.4,99.0,303.3,88.3,82.2,0.072,LOW,82.7,HIGH,1
71.1,0,0,-0.448,41,16,76.3,65.3,335.0,56.4,75.4,-0.292,LOW,67.1,MEDIUM,1
80.3,0,4,0.407,45,11,82.6,76.8,368.3,88.8,77.1,0.228,LOW,79.0,HIGH,1
93.8,0,0,0.341,42,3,86.5,91.8,405.7,82.0,86.7,-0.459,LOW,87.4,HIGH,1
77.8,0,0,0.094,34,10,98.0,85.5,10.0,73.7,80.8,-0.267,LOW,76.4,MEDIUM,-1
80.6,1,3,0.123,42,10,74.3,80.0,339.6,77.7,76.9,0.197,LOW,83.1,HIGH,1
74.4,0,3,0.396,41,14,87.4,80.7,296.9,70.5,84.8,0.085,LOW,89.0,MEDIUM,1
88.4,0,1,-0.586,42,6,97.1,73.1,366.0,84.3,79.1,-0.216,LOW,82.7,HIGH,1
72.3,3,2,0.255,37,14,69.9,73.7,321.0,73.4,73.1,0.212,MEDIUM,68.6,MEDIUM,1
47.5,3,1,0.059,23,26,58.2,52.7,280.4,39.1,67.7,0.122,MEDIUM,47.8,MEDIUM,1
94.8,0,0,0.667,49,3,79.0,89.4,414.5,74.3,91.9,-0.109,LOW,87.0,HIGH,1
68.2,1,2,0.028,40,18,63.2,81.5,342.7,78.7,79.6,-0.067,MEDIUM,77.7,MEDIUM,1
55.8,3,1,0.229,31,24,72.1,99.0,310.8,71.0,72.2,-0.032,MEDIUM,77.2,MEDIUM,1
82.9,0,1,0.034,46,10,74.4,92.1,424.1,84.4,87.2,-0.646,LOW,86.4,HIGH,1
60.6,2,0,-0.245,33,22,67.9,50.1,272.5,61.9,69.5,0.241,MEDIUM,65.0,MEDIUM,1
93.3,0,2,-0.142,49,4,86.5,71.7,431.4,72.0,95.7,0.17,LOW,84.5,HIGH,1
75.8,0,3,-0.083,42,13,35.1,89.0,302.5,70.5,58.8,-0.093,LOW,63.9,HIGH,1
93.4,0,4,0.383,50,4,74.1,87.6,396.2,92.4,81.1,0.034,LOW,83.0,HIGH,1
56.2,4,0,-0.12,29,22,64.1,66.4,264.1,60.8,68.3,-0.057,HIGH,62.4,MEDIUM,1
76.0,1,3,0.258,33,11,81.8,73.7,333.0,84.4,94.9,0.318,LOW,83.2,HIGH,1
88.4,0,2,-0.36,44,6,97.8,70.2,401.2,83.4,86.5,-0.156,LOW,89.9,HIGH,1
80.8,0,4,0.25,36,8,75.6,56.7,310.9,72.7,78.2,0.186,LOW,71.8,MEDIUM,1
60.9,1,0,0.161,30,20,47.6,58.1,224.0,78.0,51.5,-0.087,MEDIUM,54.9,MEDIUM,1
83.6,0,1,0.235,34,7,83.4,75.5,382.4,74.1,80.6,0.175,LOW,81.9,HIGH,1
91.0,0,2,-0.187,53,5,79.1,83.1,394.5,80.8,79.6,-0.089,LOW,84.1,HIGH,1
63.9,1,2,-0.261,36,20,90.9,65.9,341.3,72.0,77.1,-0.045,LOW,74.2,MEDIUM,1
76.4,0,3,0.527,44,14,87.9,61.5,313.6,69.8,86.6,-0.264,LOW,73.3,HIGH,1
64.1,3,1,-0.156,33,18,51.6,63.5,228.1,60.3,68.3,0.121,HIGH,55.9,MEDIUM,1
85.8,0,4,0.481,51,8,70.1,79.9,345.2,76.0,82.8,-0.086,LOW,76.8,MEDIUM,1
84.4,0,2,0.676,37,7,94.9,80.4,482.1,70.4,90.9,0.199,LOW,89.5,HIGH,1
81.1,0,5,0.046,41,10,76.8,72.4,328.8,77.2,85.6,0.36,LOW,77.8,HIGH,1
83.9,0,1,-0.218,46,9,83.9,74.1,412.9,83.7,72.0,0.059,LOW,77.1,HIGH,1
74.6,2,0,-0.048,30,10,69.2,81.6,321.2,76.9,83.5,-0.316,MEDIUM,75.8,MEDIUM,1
71.2,0,4,0.681,29,12,92.2,74.5,317.5,79.5,94.3,-0.156,LOW,78.7,MEDIUM,1
85.2,0,2,0.353,42,7,79.4,74.5,380.8,78.4,85.3,0.27,LOW,78.1,HIGH,1
71.0,0,6,0.175,29,12,80.1,75.4,316.9,71.2,82.9,0.131,LOW,81.6,MEDIUM,1
89.0,0,6,0.426,44,5,62.2,60.0,371.7,77.1,70.0,-0.197,LOW,73.8,HIGH,1
90.7,0,1,-0.033,52,5,65.8,77.9,379.7,80.5,72.7,0.382,LOW,83.3,HIGH,1
84.1,1,3,0.005,34,6,98.0,76.3,329.0,78.7,92.6,0.273,LOW,89.5,MEDIUM,1
79.8,1,4,-0.109,35,9,61.1,75.7,361.3,76.4,66.9,0.266,LOW,69.8,MEDIUM,1
58.6,4,1,0.405,30,21,71.7,57.7,265.4,51.0,67.5,-0.057,MEDIUM,63.1,MEDIUM,1
57.7,4,1,-0.191,32,24,75.0,72.4,314.1,69.2,69.0,0.624,MEDIUM,69.4,MEDIUM,1
79.6,0,3,0.071,46,12,78.2,63.2,369.4,63.0,64.3,0.008,LOW,69.0,MEDIUM,1
73.0,0,2,0.168,42,15,83.3,55.9,407.8,63.5,89.4,0.176,LOW,74.2,MEDIUM,1
91.4,0,1,0.075,48,4,58.7,79.3,364.6,100.0,62.4,0.067,LOW,73.5,HIGH,1
93.4,0,3,-0.155,39,3,96.3,76.1,437.8,91.5,83.6,-0.501,LOW,85.6,HIGH,1
97.6,0,0,0.426,48,1,55.4,70.7,325.1,76.6,71.2,-0.099,LOW,70.4,HIGH,1
94.7,0,3,-0.403,50,3,92.7,86.8,475.8,79.9,100.0,0.126,LOW,91.2,HIGH,1
54.7,3,1,-0.185,26,21,94.7,64.2,346.3,59.5,93.2,0.271,MEDIUM,74.7,MEDIUM,1
68.4,0,3,-0.059,34,15,84.4,80.3,323.3,76.2,86.7,-0.476,LOW,82.5,MEDIUM,1
90.7,0,5,-0.356,37,4,98.0,84.0,10.0,70.6,76.6,-0.061,LOW,77.3,HIGH,-1
63.9,0,1,-0.11,33,19,64.3,67.5,333.2,64.3,77.6,0.298,LOW,62.2,MEDIUM,1
75.6,0,3,-0.033,33,11,72.6,62.5,336.1,79.6,71.3,-0.239,MEDIUM,63.8,MEDIUM,1
76.4,0,2,-0.391,38,12,60.3,62.7,256.0,68.2,51.3,0.055,MEDIUM,57.8,MEDIUM,1
69.7,1,0,-0.193,28,12,67.7,67.9,330.2,62.3,66.9,-0.003,MEDIUM,76.9,MEDIUM,1
82.7,0,2,0.379,40,9,58.7,72.6,333.8,67.4,72.3,-0.012,LOW,76.0,MEDIUM,1
70.8,3,2,1.0,37,15,60.0,79.7,389.4,65.3,62.8,-0.238,MEDIUM,65.9,MEDIUM,1
65.5,1,1,-0.367,28,15,78.6,77.3,347.6,82.3,84.4,0.187,LOW,75.2,MEDIUM,1
52.3,2,2,-0.101,26,23,70.8,47.7,240.7,56.8,58.4,-0.105,MEDIUM,56.9,MEDIUM,1
79.5,0,2,0.38,41,10,79.7,63.9,404.9,71.8,69.5,-0.055,LOW,71.8,HIGH,1
85.9,0,3,0.142,46,7,80.0,61.7,346.5,80.8,80.3,0.355,LOW,81.4,HIGH,1
39.6,2,5,-0.03,17,25,33.8,50.9,196.0,57.6,39.1,-0.081,HIGH,42.9,MEDIUM,1
70.0,3,2,-0.028,29,12,65.4,82.7,319.8,75.5,77.8,0.221,MEDIUM,70.1,MEDIUM,1
87.0,0,1,0.046,50,8,77.6,82.7,350.1,87.1,67.7,-0.247,LOW,79.9,HIGH,1
62.2,1,6,-0.627,31,19,47.1,69.7,200.8,57.7,54.2,0.369,MEDIUM,65.3,MEDIUM,1
89.2,1,5,-0.012,41,5,62.8,79.0,390.4,81.5,75.3,-0.165,LOW,75.6,HIGH,1
89.2,0,1,-0.394,51,6,91.2,73.2,416.9,79.0,98.9,-0.167,LOW,92.7,HIGH,1
87.2,1,1,-0.366,46,7,82.4,87.8,372.1,73.8,92.3,-0.022,LOW,87.6,HIGH,1
88.1,1,4,0.365,41,5,65.2,85.0,321.0,81.1,72.1,-0.008,LOW,79.8,HIGH,1
79.1,1,3,-0.288,36,10,91.0,85.2,430.8,96.7,95.8,0.597,LOW,84.4,HIGH,1
89.2,8,3,-0.95,43,5,91.4,70.7,376.7,82.4,84.3,-0.124,LOW,88.6,HIGH,-1
57.2,3,3,-0.298,29,22,62.0,62.7,250.5,62.2,71.8,0.009,HIGH,59.3,MEDIUM,1
83.6,0,1,0.053,38,7,61.6,64.8,323.1,65.6,71.3,-0.038,LOW,73.7,MEDIUM,1
73.1,0,2,-0.122,34,12,90.7,64.4,376.6,83.9,98.3,0.001,LOW,81.2,HIGH,1
63.5,3,3,-0.259,27,16,86.9,61.0,330.0,72.9,84.3,0.431,MEDIUM,68.2,MEDIUM,1
50.7,3,2,0.212,28,27,74.3,67.8,376.4,67.6,69.6,0.031,HIGH,67.0,MEDIUM,1
57.9,2,2,-0.467,27,19,77.3,70.2,356.1,62.8,77.6,-0.195,MEDIUM,75.8,MEDIUM,1
56.4,5,2,-0.354,26,21,98.0,77.1,10.0,50.4,63.5,-0.301,HIGH,62.8,MEDIUM,-1
82.9,8,2,-0.95,39,8,77.7,55.0,379.0,80.9,64.8,0.514,LOW,78.3,MEDIUM,-1
79.3,0,2,-0.247,47,12,91.0,72.9,427.1,86.9,83.6,0.073,LOW,83.5,HIGH,1
93.3,1,3,-0.275,39,3,98.0,99.0,10.0,91.8,89.6,0.191,LOW,99.0,HIGH,-1
79.5,0,2,0.086,38,10,64.8,81.6,298.5,68.9,68.8,0.135,LOW,71.8,HIGH,1
89.0,0,2,0.46,52,6,68.4,78.0,402.8,84.7,61.0,-0.07,LOW,75.5,HIGH,1
68.7,1,1,-0.276,36,16,82.5,78.8,342.5,72.3,71.2,-0.044,LOW,76.6,MEDIUM,1
89.4,0,2,0.017,41,5,98.0,71.8,402.4,92.2,91.6,-0.079,LOW,89.3,HIGH,1
80.1,0,4,0.09,47,12,81.5,65.3,376.1,73.0,67.2,-0.18,LOW,74.0,MEDIUM,1
70.8,1,2,0.073,38,16,97.0,71.3,376.1,70.8,92.7,-0.023,LOW,81.8,MEDIUM,1
89.6,0,2,-0.094,52,6,56.2,83.3,316.8,80.4,77.5,-0.014,LOW,73.9,HIGH,1
72.7,1,2,0.379,30,11,56.4,79.9,253.0,73.2,62.9,-0.557,MEDIUM,66.7,MEDIUM,1
87.9,0,2,0.167,45,6,72.8,87.1,466.5,76.2,76.0,0.148,LOW,77.7,HIGH,1
63.9,0,1,-0.403,30,17,43.1,60.4,247.1,72.9,57.5,-0.158,MEDIUM,55.3,MEDIUM,1
96.3,0,3,0.119,45,2,80.5,86.7,402.6,78.0,80.4,0.395,LOW,89.0,HIGH,1
59.1,3,6,-0.348,31,21,78.7,76.6,328.7,68.3,72.4,0.343,MEDIUM,73.4,MEDIUM,1
68.5,0,1,-0.676,27,13,44.8,79.2,307.0,76.7,56.3,0.076,LOW,64.0,MEDIUM,1
71.1,0,1,0.75,35,14,81.6,78.7,337.1,62.0,78.3,-0.626,LOW,76.6,HIGH,1
40.9,5,3,-0.21,20,28,40.7,63.7,215.5,52.3,56.6,0.304,HIGH,54.2,MEDIUM,1
91.3,0,2,-0.199,37,4,70.9,85.6,404.9,87.1,70.9,0.063,LOW,78.9,HIGH,1
69.4,1,1,-0.594,40,18,68.1,71.0,303.2,70.7,76.5,-0.248,MEDIUM,69.7,MEDIUM,1
48.6,8,2,-0.95,26,27,58.6,79.6,223.6,66.1,73.0,0.297,HIGH,65.4,MEDIUM,-1
58.7,3,5,-0.471,29,20,76.4,74.8,286.0,57.3,69.8,-0.677,MEDIUM,69.2,MEDIUM,1
72.1,2,3,-0.256,35,14,68.7,69.5,415.6,61.7,77.4,-0.052,MEDIUM,74.6,HIGH,1
88.2,0,1,0.035,41,6,87.4,62.8,424.1,80.4,64.1,0.43,LOW,74.6,HIGH,1
87.8,1,2,0.592,47,6,91.6,99.0,373.8,97.5,86.7,0.196,LOW,96.9,HIGH,1
70.3,1,6,-0.111,37,15,71.6,63.6,342.4,77.8,60.5,0.071,MEDIUM,67.0,MEDIUM,1
77.4,0,2,1.0,35,10,98.0,60.5,389.3,69.7,94.0,0.011,LOW,83.5,MEDIUM,1
89.8,0,4,0.297,47,5,72.5,90.2,415.2,91.8,81.8,0.036,LOW,75.8,HIGH,1
87.3,0,3,0.759,37,5,68.9,79.3,448.9,69.2,71.1,0.452,LOW,73.9,HIGH,1
84.0,0,3,-0.289,50,9,67.6,83.3,341.9,71.6,79.2,-0.589,LOW,80.3,HIGH,1
83.6,0,4,-0.11,43,9,98.0,65.1,386.4,71.5,86.1,0.151,LOW,88.5,HIGH,1
80.4,0,0,-0.094,47,11,85.3,84.4,379.6,80.0,100.0,0.005,LOW,90.6,HIGH,1
81.7,0,4,0.077,45,10,90.2,91.7,372.1,80.7,97.9,0.062,LOW,94.0,HIGH,1
91.9,0,1,0.304,40,3,98.0,81.1,10.0,81.7,96.5,-0.443,LOW,85.7,HIGH,-1
96.4,0,5,-0.357,41,1,82.1,77.5,459.6,74.7,73.0,0.099,LOW,90.6,HIGH,1
85.5,1,0,0.361,46,8,79.5,69.8,339.5,72.3,90.8,-0.208,LOW,82.2,MEDIUM,1
71.6,3,5,-0.11,39,15,58.9,80.0,301.7,64.7,62.8,0.28,MEDIUM,64.8,MEDIUM,1
82.1,0,0,0.647,47,10,98.0,88.3,471.7,92.3,81.5,-0.126,LOW,88.9,HIGH,1
67.0,2,3,-0.144,31,15,67.3,66.5,273.0,59.9,65.1,-0.462,MEDIUM,62.8,MEDIUM,1
72.3,3,1,0.476,43,16,60.8,67.2,304.8,76.2,71.5,-0.344,MEDIUM,71.6,MEDIUM,1
83.7,0,4,-0.037,37,7,59.3,78.1,352.0,79.2,65.8,-0.174,LOW,73.6,HIGH,1
82.7,1,1,0.265,39,8,97.0,74.6,381.7,82.1,89.9,0.278,LOW,87.5,HIGH,1
94.0,8,3,-0.95,46,3,94.6,68.4,413.8,80.4,78.5,-0.09,LOW,86.3,HIGH,-1
92.3,0,1,0.283,37,3,87.2,62.8,325.6,73.1,80.1,0.196,LOW,84.1,MEDIUM,1
96.5,0,2,0.172,48,2,60.8,80.6,394.0,82.4,71.9,-0.243,LOW,75.9,HIGH,1
72.7,2,6,0.56,31,11,76.1,65.1,373.6,77.8,72.8,0.243,LOW,66.8,HIGH,1
82.1,0,2,0.382,34,8,72.9,83.4,340.3,75.2,76.0,0.216,LOW,82.4,MEDIUM,1
93.5,0,0,0.243,51,3,75.7,72.7,418.7,79.2,75.4,0.156,LOW,72.5,HIGH,1
90.4,0,1,0.157,51,5,97.0,55.5,408.9,86.8,82.9,-0.071,LOW,85.9,HIGH,1
86.3,1,3,0.123,49,8,62.1,75.8,419.7,77.5,77.3,-0.07,LOW,76.7,HIGH,1
66.8,2,1,-0.697,31,16,51.0,76.9,201.6,72.6,69.7,-0.158,MEDIUM,64.0,MEDIUM,1
86.7,0,2,-0.239,45,7,58.4,96.9,344.9,74.6,81.8,0.152,LOW,76.1,HIGH,1
66.6,2,3,-0.521,33,16,57.4,90.0,361.1,75.6,66.7,0.061,MEDIUM,65.4,MEDIUM,1
88.9,0,1,0.598,37,5,62.7,74.7,389.7,79.5,59.3,0.292,LOW,69.8,MEDIUM,1
73.4,2,3,-0.06,43,16,82.6,63.4,317.1,67.4,72.5,-0.388,MEDIUM,67.4,MEDIUM,1
52.9,3,1,-0.385,28,25,50.6,63.9,222.8,65.3,53.9,0.04,HIGH,55.2,LOW,1
87.8,0,1,0.283,46,6,81.3,83.7,354.4,82.5,72.1,0.212,LOW,85.0,HIGH,1
63.8,0,1,-0.525,27,15,59.2,62.7,338.7,59.7,64.2,0.02,MEDIUM,55.2,MEDIUM,1
96.2,0,5,0.524,50,2,94.9,78.0,506.3,80.9,92.0,-0.142,LOW,89.0,HIGH,1
72.8,2,0,-0.667,43,16,80.0,84.5,329.6,81.4,72.9,0.046,MEDIUM,82.7,MEDIUM,1
77.8,0,3,0.47,37,11,74.5,63.8,400.1,61.2,62.7,0.206,LOW,75.1,HIGH,1
91.8,0,2,0.657,50,5,98.0,81.2,451.2,82.1,88.2,0.162,LOW,91.0,HIGH,1
67.1,3,4,-0.147,32,15,61.8,80.4,314.9,74.8,78.1,0.225,MEDIUM,63.8,MEDIUM,1
55.6,5,1,-0.459,28,23,58.6,75.5,250.7,78.2,52.8,-0.112,HIGH,58.1,MEDIUM,1
86.6,0,1,0.385,44,7,80.2,89.0,376.0,97.6,88.9,0.005,LOW,81.6,HIGH,1
85.5,0,2,-0.123,50,8,98.0,99.0,10.0,92.7,90.4,0.371,LOW,93.0,HIGH,-1
49.0,2,2,0.383,27,29,36.6,67.2,200.5,60.8,30.0,-0.436,MEDIUM,49.9,LOW,1
80.6,0,2,0.27,44,10,89.1,74.9,418.7,86.9,80.3,0.619,LOW,80.3,HIGH,1
66.4,2,3,-0.525,38,19,60.8,59.6,282.0,73.2,57.6,-0.305,MEDIUM,63.6,MEDIUM,1
81.5,0,1,0.349,37,9,83.6,70.5,360.3,78.9,83.5,-0.043,LOW,75.2,MEDIUM,1
91.9,1,1,-0.21,48,4,71.7,59.6,389.9,82.1,64.9,-0.197,LOW,71.0,HIGH,1
84.6,0,3,-0.137,49,9,93.4,80.6,345.8,78.0,85.0,0.096,LOW,85.9,HIGH,1
90.7,0,3,0.332,50,5,92.7,84.0,403.1,73.7,82.7,0.079,LOW,87.8,HIGH,1
77.0,0,1,-0.111,39,11,86.0,71.6,407.5,81.1,86.3,0.158,LOW,75.9,MEDIUM,1
62.8,2,1,-0.213,28,16,71.7,58.3,280.6,61.4,57.6,0.062,MEDIUM,65.4,MEDIUM,1
75.4,0,1,0.274,31,10,70.4,74.1,377.1,75.2,68.9,-0.101,LOW,66.2,HIGH,1
87.7,0,3,-0.102,35,5,58.4,77.6,323.8,82.2,61.9,0.08,LOW,66.3,HIGH,1
74.3,1,3,-0.063,41,14,72.8,66.6,407.8,78.9,69.2,0.226,LOW,68.6,HIGH,1
73.4,3,0,0.615,32,12,85.5,73.2,508.9,68.3,72.2,-0.084,LOW,80.4,HIGH,1
38.6,4,1,-0.046,18,28,63.9,66.4,181.6,45.3,64.5,0.011,HIGH,60.2,LOW,1
66.9,0,4,-0.253,32,16,59.6,66.0,266.0,70.2,59.9,0.018,MEDIUM,59.6,MEDIUM,1
60.2,8,3,-0.95,26,17,98.0,61.3,379.9,73.1,79.3,0.124,LOW,78.0,MEDIUM,-1
96.0,0,0,-0.258,56,2,95.7,79.3,435.6,74.0,88.6,0.007,LOW,93.0,HIGH,1
94.5,0,1,0.243,56,3,73.2,78.6,363.6,85.7,78.5,0.257,LOW,87.2,HIGH,1
87.5,1,2,0.134,47,7,71.7,83.9,345.8,85.8,71.7,-0.23,LOW,80.7,HIGH,1
69.7,1,1,0.025,32,14,57.4,75.5,295.9,87.5,57.5,-0.04,LOW,67.9,MEDIUM,1
90.1,0,2,-0.529,51,6,78.5,84.9,378.7,89.3,75.1,-0.088,LOW,78.7,HIGH,1
91.1,0,1,0.04,40,4,98.0,80.3,406.8,74.8,90.6,0.258,LOW,90.9,HIGH,1
76.1,0,4,0.074,40,12,78.5,76.0,328.2,79.2,72.3,0.078,LOW,76.9,MEDIUM,1
78.6,0,3,0.202,33,9,94.2,58.4,311.2,70.8,79.0,0.019,LOW,77.1,MEDIUM,1
74.9,3,2,0.17,34,11,91.4,63.8,373.6,73.2,75.6,0.313,MEDIUM,72.8,HIGH,1
74.0,8,1,-0.95,38,13,88.5,73.0,391.7,60.4,78.2,0.255,LOW,75.5,MEDIUM,-1
64.8,1,3,-0.309,37,20,87.7,70.1,347.4,59.6,79.5,-0.222,MEDIUM,73.5,MEDIUM,1
79.1,0,2,-0.274,45,12,74.5,84.6,393.5,72.1,79.1,-0.198,LOW,82.1,HIGH,1
72.8,0,4,-0.338,31,12,73.5,68.0,352.2,86.0,66.4,0.21,LOW,70.0,HIGH,1
84.8,0,4,0.081,50,9,60.9,59.5,343.1,73.1,56.4,-0.38,LOW,63.1,HIGH,1
82.7,0,3,1.0,44,9,83.4,82.2,383.5,73.5,84.7,0.064,LOW,76.9,HIGH,1
74.9,0,2,0.275,40,13,75.3,55.0,337.7,69.0,76.6,0.124,LOW,70.9,MEDIUM,1
74.7,8,2,-0.95,30,10,96.3,69.6,351.1,74.5,74.3,0.247,LOW,84.2,HIGH,-1
84.6,0,3,0.308,42,8,73.0,61.1,293.5,76.7,68.1,-0.321,LOW,65.2,HIGH,1
66.9,2,4,-0.566,32,16,56.1,89.3,320.3,68.7,68.9,-0.035,MEDIUM,67.5,MEDIUM,1
92.9,0,5,0.062,53,4,64.0,69.6,358.9,82.0,58.8,-0.251,LOW,72.0,HIGH,1
86.0,0,5,0.86,38,6,94.6,79.0,340.6,77.7,90.8,-0.056,LOW,93.2,HIGH,1
87.9,0,2,0.333,43,6,81.1,77.8,404.0,75.4,67.8,0.137,LOW,77.0,HIGH,1
96.4,0,1,0.324,52,2,79.6,66.4,307.9,90.2,76.7,-0.177,LOW,83.8,HIGH,1
83.2,0,9,-0.108,41,8,79.4,92.1,374.8,95.9,86.8,0.047,LOW,82.6,HIGH,1
77.8,0,4,0.102,43,12,58.7,81.5,362.5,80.9,70.6,-0.035,LOW,75.3,HIGH,1
61.5,1,0,-0.571,26,17,50.0,62.8,310.2,60.5,52.6,-0.341,MEDIUM,53.8,MEDIUM,1
83.3,0,2,-0.031,36,7,97.4,64.4,334.3,75.0,83.6,-0.04,LOW,83.2,HIGH,1
89.3,0,5,0.148,42,5,82.0,69.4,384.8,50.6,84.2,0.185,LOW,81.2,HIGH,1
80.3,0,5,-0.085,36,9,80.1,58.5,370.4,82.5,68.5,0.239,LOW,64.9,HIGH,1
79.0,0,5,0.387,39,11,74.6,72.6,347.2,88.3,74.7,0.535,LOW,66.5,HIGH,1
71.4,2,6,-0.073,37,15,63.1,74.6,391.0,85.7,64.0,-0.001,LOW,71.9,HIGH,1
95.3,0,0,0.196,55,3,75.1,95.2,460.3,84.4,82.0,-0.271,LOW,89.5,HIGH,1
87.6,0,2,0.396,44,6,66.4,87.6,364.7,84.9,64.9,-0.086,LOW,81.4,HIGH,1
80.6,0,2,0.723,33,8,89.0,84.8,428.8,91.3,80.7,-0.18,LOW,87.8,HIGH,1
65.0,0,1,-0.14,27,15,73.2,73.3,296.1,58.8,76.3,-0.022,MEDIUM,73.1,MEDIUM,1
91.7,0,2,-0.208,50,4,74.4,84.4,406.4,87.2,75.8,-0.039,LOW,80.5,HIGH,1
74.7,1,4,0.095,39,13,81.2,71.6,345.8,69.8,89.6,0.374,LOW,77.6,MEDIUM,1
61.9,3,3,0.338,30,19,56.2,75.0,350.7,52.6,70.9,-0.344,HIGH,65.0,MEDIUM,1
85.8,0,4,0.385,38,6,90.2,72.4,434.6,82.6,95.5,0.088,LOW,78.3,HIGH,1
77.2,0,1,0.158,39,11,63.5,74.0,358.6,77.1,68.0,-0.24,LOW,70.8,MEDIUM,1
84.3,1,2,0.272,45,8,79.0,79.4,411.5,81.2,72.8,0.143,LOW,79.9,HIGH,1
28.0,3,1,-0.166,17,42,98.0,59.9,10.0,41.2,36.2,0.212,HIGH,42.8,LOW,-1
55.9,3,3,-0.633,30,24,80.7,59.9,283.5,70.6,72.7,0.276,MEDIUM,61.9,MEDIUM,1
80.4,0,3,0.162,42,10,92.6,93.4,373.9,87.7,87.6,-0.226,LOW,90.7,MEDIUM,1
61.6,3,3,-0.459,26,16,74.5,93.6,359.1,80.6,80.5,0.226,MEDIUM,74.6,HIGH,1
63.7,2,2,-0.414,31,17,66.0,53.0,302.7,69.3,56.7,-0.146,MEDIUM,62.4,MEDIUM,1
63.8,1,3,-0.335,30,17,61.2,73.5,293.1,74.6,54.3,0.126,MEDIUM,70.1,MEDIUM,1
79.8,0,5,-0.524,43,11,77.5,88.6,340.4,77.3,77.1,-0.155,MEDIUM,80.9,HIGH,1
73.7,1,3,0.05,29,11,63.4,67.6,321.3,75.6,64.1,0.04,LOW,64.9,MEDIUM,1
70.7,2,2,-0.404,29,12,98.0,77.9,10.0,75.1,65.7,0.08,MEDIUM,70.5,MEDIUM,-1
73.1,0,1,0.351,35,13,69.2,66.8,376.0,71.5,64.3,0.409,LOW,69.9,MEDIUM,1
67.0,0,4,-0.866,38,18,69.7,64.1,337.3,72.3,60.7,-0.44,MEDIUM,66.9,MEDIUM,1
98.3,0,2,-0.42,47,1,87.1,83.0,428.6,79.4,93.8,0.418,LOW,87.8,HIGH,1
73.5,2,1,-0.464,29,11,90.4,62.9,353.9,49.3,80.9,-0.156,MEDIUM,75.1,HIGH,1
84.6,0,4,0.194,40,7,76.7,75.8,345.3,76.4,75.4,-0.161,LOW,77.3,HIGH,1
76.3,0,5,0.098,34,10,98.0,64.2,10.0,58.1,78.3,-0.193,LOW,77.2,HIGH,-1
90.3,0,2,0.612,45,5,90.6,80.7,367.3,80.3,90.1,0.547,LOW,84.4,HIGH,1
94.9,0,2,0.23,43,2,92.8,83.3,395.8,72.8,80.7,0.043,LOW,85.8,HIGH,1
88.7,0,3,-0.428,50,6,72.0,82.0,387.1,83.9,88.7,-0.079,LOW,83.6,HIGH,1
43.1,3,4,-0.502,25,32,42.2,63.9,204.9,56.9,64.3,-0.164,HIGH,47.3,MEDIUM,1
93.5,0,2,0.158,53,4,82.8,84.7,298.6,85.6,95.1,-0.012,LOW,89.1,HIGH,1
79.1,0,2,0.199,35,9,61.8,83.9,357.2,84.7,71.9,-0.432,LOW,74.1,HIGH,1
65.9,1,10,-0.787,29,15,46.4,63.7,273.8,75.8,52.5,-0.005,MEDIUM,56.3,MEDIUM,1
90.1,0,3,0.371,52,6,74.4,89.9,331.7,82.2,76.9,0.126,LOW,81.7,HIGH,1
76.0,0,5,-0.16,40,12,53.5,78.3,309.4,78.4,58.6,-0.052,LOW,66.2,MEDIUM,1
86.7,0,4,-0.154,40,6,90.1,77.9,432.0,82.7,88.2,0.282,LOW,83.2,HIGH,1
69.7,1,3,0.072,37,16,56.3,65.9,339.9,57.5,56.2,-0.137,LOW,57.0,MEDIUM,1
84.6,0,5,0.103,40,7,57.6,62.1,348.6,80.9,64.8,-0.048,LOW,68.8,MEDIUM,1
66.8,3,4,-0.148,28,14,61.8,58.5,303.5,57.8,57.7,-0.235,MEDIUM,57.5,MEDIUM,1
80.0,0,2,0.259,34,9,98.0,92.2,10.0,77.8,90.0,0.274,LOW,87.1,MEDIUM,-1
65.3,0,3,-0.717,32,17,62.4,57.9,314.1,61.7,67.1,-0.217,MEDIUM,64.9,MEDIUM,1
91.6,0,3,0.175,39,4,90.6,74.3,438.7,72.9,82.8,0.374,LOW,80.7,HIGH,1
95.7,0,0,0.677,55,2,90.5,80.5,450.6,78.7,79.8,-0.152,LOW,89.7,HIGH,1
84.1,0,3,0.037,43,8,80.8,77.9,428.5,83.6,69.4,0.188,LOW,72.0,HIGH,1
60.2,0,3,-0.137,36,23,57.6,63.0,361.7,54.7,63.0,-0.157,LOW,63.8,MEDIUM,1
86.2,0,2,0.862,51,8,83.3,85.0,497.5,90.8,77.1,-0.267,LOW,82.0,HIGH,1
80.7,1,3,0.563,44,10,46.4,78.6,319.6,71.1,53.3,0.061,LOW,66.4,HIGH,1
65.3,3,1,-0.382,34,18,66.3,74.8,294.1,77.3,68.5,-0.314,MEDIUM,70.4,MEDIUM,1
70.2,1,2,0.247,36,15,84.1,85.2,361.3,80.5,75.9,0.593,LOW,82.3,MEDIUM,1
53.2,2,1,-0.024,25,22,54.1,66.1,268.9,54.3,61.3,0.081,HIGH,53.8,MEDIUM,1
92.4,0,5,0.747,44,4,85.2,79.2,408.6,75.9,79.7,0.017,LOW,92.4,HIGH,1
69.0,0,4,-0.524,41,18,47.7,49.0,280.9,66.7,52.5,-0.585,MEDIUM,57.0,MEDIUM,1
89.1,0,6,1.0,43,5,88.4,99.0,446.7,98.6,100.0,0.083,LOW,97.1,HIGH,1
96.2,0,3,0.187,54,2,79.4,99.0,459.2,93.3,84.5,0.211,LOW,92.6,HIGH,1
92.4,0,4,0.006,37,3,77.4,94.2,422.4,98.7,79.6,-0.131,LOW,87.3,HIGH,1
69.1,0,5,-0.064,31,14,65.5,73.0,339.5,81.3,74.6,-0.006,LOW,71.2,MEDIUM,1
75.4,0,2,-0.009,35,11,76.2,72.8,341.5,67.3,80.5,0.107,LOW,78.3,MEDIUM,1
70.3,1,3,-0.0,34,14,64.9,71.4,352.0,82.1,61.1,0.41,LOW,67.2,MEDIUM,1
89.8,0,2,-0.071,44,5,98.0,84.0,10.0,89.8,90.3,-0.276,LOW,82.8,HIGH,-1
89.7,0,0,-0.064,39,4,65.0,88.6,403.6,79.6,68.0,0.306,LOW,80.4,HIGH,1
68.1,1,2,-0.756,37,18,64.0,63.1,323.6,62.8,58.8,0.205,MEDIUM,62.4,MEDIUM,1
93.3,0,3,-0.39,48,3,85.2,78.3,403.0,92.7,90.4,-0.316,LOW,84.7,HIGH,1
66.8,2,1,-0.491,32,16,66.3,67.1,324.3,80.6,75.5,-0.445,MEDIUM,60.2,MEDIUM,1
87.3,0,4,0.181,37,5,82.8,84.7,449.8,82.4,80.5,-0.219,LOW,86.0,HIGH,1
50.9,2,3,-0.467,24,24,67.8,72.8,242.5,83.3,73.6,-0.089,MEDIUM,67.0,MEDIUM,1
82.1,8,3,-0.95,46,10,83.4,89.8,393.5,96.2,79.1,-0.317,LOW,86.6,HIGH,-1
62.2,1,6,-0.059,33,20,74.2,70.5,294.5,73.7,76.4,0.108,LOW,71.3,MEDIUM,1
63.0,3,3,-0.451,28,16,42.2,86.5,268.9,79.6,48.7,-0.261,MEDIUM,63.5,MEDIUM,1
87.3,0,3,0.642,35,5,64.6,80.2,309.7,86.9,77.7,0.149,LOW,77.1,HIGH,1
55.8,2,3,-0.315,22,18,84.7,82.7,404.9,58.1,81.6,-0.07,MEDIUM,79.6,HIGH,1
85.6,0,2,0.033,36,6,89.5,88.5,391.4,80.0,80.2,-0.044,LOW,89.0,HIGH,1
41.6,3,4,-0.057,20,28,98.0,55.3,10.0,53.5,55.0,0.3,HIGH,52.0,LOW,-1
65.8,1,1,-0.272,30,15,75.0,92.8,392.1,75.6,70.7,0.29,LOW,75.4,HIGH,1
81.6,0,2,0.129,39,9,68.7,62.7,340.0,78.0,70.1,0.196,LOW,74.6,HIGH,1
89.4,0,2,0.302,38,5,87.5,95.4,410.3,90.4,89.8,-0.286,LOW,87.7,HIGH,1
67.7,0,3,-0.592,40,19,57.3,68.5,283.1,74.3,65.2,-0.265,MEDIUM,62.6,MEDIUM,1
60.5,2,4,-0.282,35,23,69.9,49.2,234.8,57.5,61.4,-0.128,MEDIUM,59.0,MEDIUM,1
75.4,0,6,-0.182,33,11,70.4,98.5,348.2,95.3,69.5,0.489,LOW,84.2,HIGH,1
88.2,0,3,0.205,39,5,88.1,83.4,419.2,85.6,81.8,-0.299,LOW,82.2,HIGH,1
75.2,0,4,-0.323,40,13,98.0,71.7,449.0,72.1,77.1,0.172,LOW,82.1,HIGH,1
77.3,0,5,0.572,38,11,74.6,72.8,380.4,80.6,81.5,-0.332,LOW,74.9,MEDIUM,1
95.4,0,2,-0.078,52,3,60.0,93.7,379.6,96.9,65.1,0.171,LOW,75.2,HIGH,1
72.8,1,3,-0.0,33,12,73.9,73.9,321.7,74.6,62.5,-0.182,MEDIUM,68.5,HIGH,1
80.4,0,2,0.066,47,12,74.1,97.5,384.9,74.3,82.4,0.141,LOW,85.7,HIGH,1
76.3,0,6,-0.19,40,13,44.6,70.0,371.1,81.5,68.6,-0.212,MEDIUM,65.2,MEDIUM,1
88.3,0,2,0.17,50,7,69.9,68.4,332.0,65.1,68.2,-0.146,LOW,72.3,HIGH,1
75.1,0,2,0.433,36,12,81.4,77.4,273.5,65.5,81.6,-0.017,LOW,77.5,MEDIUM,1
96.4,0,2,0.001,44,2,98.0,87.7,10.0,89.7,83.2,-0.166,LOW,89.8,HIGH,-1
93.3,0,4,-0.027,53,4,98.0,72.3,10.0,78.0,86.1,-0.252,LOW,81.8,HIGH,-1
76.9,0,4,0.293,38,11,98.0,61.4,10.0,71.2,69.4,-0.105,LOW,78.9,MEDIUM,-1
53.8,2,2,-0.075,22,19,58.4,55.9,269.9,70.9,47.7,0.071,HIGH,53.0,MEDIUM,1
90.3,0,3,0.137,47,5,68.4,77.0,348.1,85.5,80.3,-0.719,LOW,70.1,HIGH,1
87.1,0,2,0.465,39,6,59.9,72.0,288.8,73.0,63.2,0.068,LOW,65.7,MEDIUM,1
55.9,4,2,-0.126,27,21,62.9,78.7,291.4,76.0,72.4,-0.412,HIGH,69.9,MEDIUM,1
89.3,0,1,0.632,53,6,72.4,77.6,383.5,70.9,88.3,0.099,LOW,80.8,HIGH,1
44.2,3,2,-0.341,21,26,46.7,74.3,252.6,57.7,51.2,0.573,HIGH,53.9,LOW,1
59.9,6,4,-0.593,29,20,45.1,45.1,303.9,56.9,52.3,-0.03,HIGH,52.9,MEDIUM,1
71.3,0,1,0.517,39,16,66.0,76.9,334.9,69.9,62.5,0.068,LOW,66.3,HIGH,1
99.3,0,5,-0.429,54,0,74.7,87.1,443.1,95.4,73.6,-0.268,LOW,84.9,HIGH,1
74.5,2,1,-0.153,39,13,63.6,85.9,276.3,79.8,76.2,-0.038,MEDIUM,76.9,HIGH,1
90.7,0,0,-0.195,52,5,98.0,80.3,339.4,86.1,87.6,-0.391,LOW,85.8,HIGH,1
97.1,1,3,0.118,44,1,83.2,74.3,384.2,84.9,77.7,0.298,LOW,80.1,HIGH,1
67.0,2,1,-0.273,40,19,66.5,72.7,307.1,78.6,62.4,-0.288,MEDIUM,75.4,MEDIUM,1
87.4,1,2,0.464,42,6,88.4,81.6,398.5,75.0,81.6,-0.024,LOW,82.2,HIGH,1
90.5,0,1,0.12,52,5,74.4,74.4,401.2,68.1,71.7,0.448,LOW,76.3,HIGH,1
88.9,0,1,-0.072,41,5,85.3,78.4,449.6,88.1,85.1,-0.028,LOW,83.7,HIGH,1
60.3,2,1,-0.334,27,17,73.3,63.2,326.8,58.9,70.9,-0.019,MEDIUM,67.5,MEDIUM,1
58.5,6,5,-0.532,29,21,52.5,83.4,280.3,64.2,64.4,0.098,HIGH,62.1,MEDIUM,1
46.2,6,0,-0.052,24,28,55.0,60.1,218.4,58.9,63.4,0.379,HIGH,53.6,MEDIUM,1
84.6,1,2,0.546,36,6,59.7,77.6,394.5,82.0,75.3,-0.064,LOW,81.7,HIGH,1
91.6,0,3,0.163,37,3,67.5,79.1,393.2,92.3,55.2,0.429,LOW,72.5,HIGH,1
67.2,0,0,-0.255,29,14,59.8,67.1,277.5,69.8,76.3,0.118,LOW,67.1,MEDIUM,1
81.7,0,3,0.24,47,11,80.0,79.4,322.9,79.9,79.0,0.195,LOW,78.2,HIGH,1
89.2,0,2,-0.036,51,6,66.7,72.8,412.1,74.7,85.2,0.234,LOW,76.2,HIGH,1
89.5,0,1,0.058,40,5,81.3,79.2,416.1,94.8,83.9,0.073,LOW,87.9,HIGH,1
66.7,0,2,-0.3,33,16,64.9,54.9,360.8,72.9,65.9,-0.047,MEDIUM,61.9,MEDIUM,1
68.1,0,4,-0.039,31,15,65.5,73.0,279.7,57.6,65.5,-0.03,LOW,64.3,MEDIUM,1
82.8,0,0,-0.016,42,9,85.4,79.9,288.6,91.5,78.8,-0.178,LOW,83.1,MEDIUM,1
86.2,1,2,-0.535,41,6,98.0,67.7,422.5,72.1,94.9,-0.227,LOW,95.6,HIGH,1
79.7,0,1,-0.24,41,11,55.4,82.2,267.5,88.5,66.2,-0.087,LOW,61.6,MEDIUM,1
78.2,0,1,0.792,45,12,80.6,71.8,394.1,78.3,85.1,-0.06,LOW,84.3,MEDIUM,1
76.1,0,0,0.051,40,13,97.0,88.7,385.9,88.8,87.5,-0.13,LOW,84.7,HIGH,1
77.1,0,3,0.25,39,11,85.1,72.7,431.8,82.3,77.6,-0.234,LOW,76.2,MEDIUM,1
86.2,0,4,0.075,42,7,85.2,92.2,395.3,90.1,63.7,0.181,LOW,84.3,HIGH,1
90.1,0,2,0.078,41,4,98.0,86.9,10.0,91.6,55.9,0.444,LOW,73.5,MEDIUM,-1
82.5,0,2,-0.235,43,9,91.1,65.6,415.1,67.7,84.0,0.517,LOW,85.8,HIGH,1
80.1,0,0,0.611,39,10,95.0,70.8,396.4,100.0,75.5,0.185,LOW,77.6,HIGH,1
82.4,0,4,-0.124,42,9,98.0,93.7,10.0,79.9,91.8,-0.369,LOW,90.9,HIGH,-1
81.3,0,4,-0.131,33,7,86.8,85.3,395.5,85.0,83.6,0.478,LOW,85.6,HIGH,1
85.9,0,1,0.215,49,8,90.5,68.9,410.3,77.7,79.7,0.169,LOW,83.9,HIGH,1
65.2,1,2,0.1,34,18,75.8,74.5,300.6,74.2,72.5,0.257,LOW,72.6,MEDIUM,1
67.2,1,1,-0.332,29,14,78.3,63.9,408.5,59.1,78.7,0.362,MEDIUM,63.7,MEDIUM,1
31.0,3,3,-0.812,14,31,31.0,51.0,238.6,48.0,50.5,0.399,HIGH,43.3,MEDIUM,1
61.2,1,3,-0.802,35,22,95.5,81.9,344.4,65.7,74.4,0.044,MEDIUM,75.7,HIGH,1
89.7,0,2,0.564,39,5,91.5,85.4,404.0,71.7,90.9,-0.196,LOW,86.6,HIGH,1
86.3,0,6,0.122,49,8,89.2,67.1,347.5,72.9,85.4,0.337,LOW,85.5,MEDIUM,1
53.4,6,3,0.149,24,20,66.1,65.0,307.7,76.8,67.9,-0.859,HIGH,59.3,MEDIUM,1
86.5,0,1,0.171,40,6,55.0,90.6,297.2,81.6,68.6,-0.213,LOW,71.7,MEDIUM,1
69.4,3,2,-0.506,33,15,41.9,75.2,277.8,76.4,57.7,0.478,MEDIUM,65.2,MEDIUM,1
91.6,1,4,0.217,38,4,86.8,80.9,436.2,88.2,93.1,-0.147,LOW,87.0,HIGH,1
84.2,0,3,0.18,43,8,76.6,72.7,487.5,84.9,76.2,0.439,LOW,78.0,HIGH,1
90.4,0,4,0.25,53,6,89.3,81.1,410.6,85.2,74.9,-0.163,LOW,83.6,HIGH,1
86.4,0,2,0.125,46,7,74.6,49.2,417.3,76.2,67.3,-0.302,LOW,67.8,HIGH,1
77.5,0,3,-0.044,36,11,69.5,76.0,303.3,80.4,65.8,0.084,LOW,75.6,HIGH,1
84.9,0,3,0.444,43,8,74.4,68.1,350.0,89.0,65.4,0.227,LOW,71.8,HIGH,1
78.8,0,2,0.081,36,10,69.0,63.9,328.4,65.5,66.5,-0.095,LOW,69.4,MEDIUM,1
72.3,3,2,0.171,35,13,58.5,75.8,314.4,82.2,65.4,0.118,MEDIUM,73.3,MEDIUM,1
82.6,0,2,-0.194,42,9,61.4,79.3,290.6,82.6,63.8,0.106,LOW,70.1,HIGH,1
66.0,0,3,-0.574,28,15,73.9,68.0,309.0,64.6,82.8,0.098,MEDIUM,67.5,MEDIUM,1
65.4,2,3,-0.492,29,15,75.1,68.5,263.3,68.4,72.4,0.751,MEDIUM,74.7,MEDIUM,1
83.1,1,1,-0.225,40,8,41.1,71.2,363.5,90.9,62.9,-0.135,MEDIUM,66.7,HIGH,1
79.3,0,1,-0.547,36,10,72.2,57.8,340.0,69.3,64.1,0.119,LOW,64.1,MEDIUM,1
85.8,0,2,-0.088,45,8,75.2,77.7,349.1,88.0,88.3,-0.134,LOW,84.1,HIGH,1
76.2,0,2,0.557,45,14,78.6,80.2,317.6,79.9,72.6,-0.256,LOW,81.0,MEDIUM,1
32.6,5,2,-0.376,18,38,57.2,43.8,200.8,56.6,60.7,-0.007,HIGH,40.6,LOW,1
94.9,1,2,-0.278,38,2,90.7,77.6,437.0,83.0,96.6,-0.39,LOW,89.2,HIGH,1
94.8,0,1,0.313,51,3,78.3,81.3,371.1,93.9,78.3,0.135,LOW,84.3,HIGH,1
75.2,0,8,0.065,41,13,64.1,72.1,341.1,71.5,64.4,0.124,LOW,70.0,MEDIUM,1
86.5,0,0,-0.012,35,5,57.6,78.9,374.1,83.2,67.7,-0.113,LOW,77.8,HIGH,1
64.3,3,3,-0.61,35,19,65.8,69.6,305.2,59.2,68.9,-0.035,HIGH,70.0,MEDIUM,1
97.1,8,2,-0.95,40,1,64.7,73.8,342.7,75.7,64.3,0.336,LOW,76.0,HIGH,-1
74.1,1,4,0.11,32,11,63.6,78.0,353.6,76.2,66.6,-0.05,MEDIUM,69.9,HIGH,1
93.7,0,1,0.192,52,4,65.1,77.5,403.7,82.7,78.8,-0.235,LOW,85.1,HIGH,1
70.1,0,5,0.122,39,16,86.3,78.5,398.2,61.6,75.2,-0.139,LOW,79.8,HIGH,1
82.0,0,4,0.057,47,10,60.6,78.3,358.3,81.2,79.1,0.284,LOW,74.1,HIGH,1
82.0,0,1,0.101,45,10,65.6,80.6,318.2,81.4,63.8,0.47,LOW,68.2,HIGH,1
90.1,0,3,0.067,42,5,86.7,90.2,407.9,79.9,93.1,0.065,LOW,87.6,HIGH,1
96.7,0,6,-0.343,44,1,97.0,88.0,441.4,97.1,100.0,0.081,LOW,94.3,HIGH,1
89.9,0,2,0.688,53,6,71.2,88.0,322.0,86.7,72.2,-0.032,LOW,84.3,HIGH,1
86.4,0,1,0.28,35,6,96.4,94.2,333.0,79.6,99.3,-0.045,LOW,93.6,HIGH,1
95.0,0,1,0.143,55,3,79.1,70.5,430.2,87.5,75.6,-0.231,LOW,78.0,HIGH,1
52.9,4,1,-0.319,28,24,75.4,57.5,285.6,43.7,59.3,0.023,HIGH,63.6,LOW,1
75.9,0,2,0.049,34,11,73.5,68.9,326.1,59.8,74.0,-0.052,LOW,77.3,MEDIUM,1
93.3,0,1,0.187,42,3,65.9,95.1,414.3,79.3,72.6,-0.356,LOW,85.8,HIGH,1
64.0,2,4,0.171,33,19,56.5,68.5,340.6,70.0,67.3,0.084,MEDIUM,64.4,MEDIUM,1
77.7,0,4,-0.106,31,9,72.4,67.8,318.6,78.3,73.2,-0.277,LOW,70.6,MEDIUM,1
73.6,0,4,0.182,35,13,84.4,63.3,436.3,63.0,89.4,-0.746,LOW,74.2,HIGH,1
80.8,0,2,-0.385,41,10,82.0,83.7,322.6,83.9,82.9,-0.015,LOW,81.9,HIGH,1
82.1,0,3,0.344,42,9,91.2,80.3,404.6,91.0,88.2,-0.151,LOW,85.3,HIGH,1
79.6,0,3,0.203,34,9,66.4,61.2,335.3,66.7,70.1,-0.127,LOW,67.2,MEDIUM,1
83.2,1,1,0.069,48,10,57.5,71.4,394.9,65.7,81.7,0.215,MEDIUM,72.8,MEDIUM,1
88.8,1,1,-0.549,49,6,86.6,60.1,410.8,93.3,83.8,-0.393,MEDIUM,82.9,HIGH,1
55.4,5,0,-0.422,28,23,68.1,73.2,268.3,68.2,68.2,0.38,HIGH,66.9,MEDIUM,1
80.6,0,4,-0.182,32,8,73.4,76.5,429.2,68.3,74.0,0.127,LOW,72.4,HIGH,1
62.3,3,1,-0.524,27,16,60.1,66.3,279.3,62.3,53.7,0.291,HIGH,65.1,MEDIUM,1
84.0,0,2,-0.457,40,8,72.0,63.5,374.8,53.9,66.1,-0.235,LOW,74.5,MEDIUM,1
79.9,0,2,-0.01,37,9,65.8,69.6,274.3,66.3,54.4,0.535,LOW,65.1,MEDIUM,1
84.3,0,1,0.646,41,8,81.2,84.1,308.8,83.4,85.8,-0.089,LOW,89.7,HIGH,1
81.4,0,4,0.313,42,10,83.3,73.6,339.6,79.2,70.4,-0.056,LOW,81.0,MEDIUM,1
65.1,2,3,-0.234,31,16,98.0,64.0,10.0,52.8,75.5,0.093,MEDIUM,71.5,MEDIUM,-1
85.7,0,2,0.265,51,8,77.9,95.2,445.3,90.9,78.7,0.048,LOW,83.7,HIGH,1
62.5,3,0,0.408,31,18,70.3,52.0,308.5,57.6,64.5,0.144,MEDIUM,63.3,MEDIUM,1
79.3,0,2,-0.2,39,10,54.8,69.3,369.9,77.2,68.4,0.07,LOW,69.7,HIGH,1
92.5,1,3,-0.134,43,4,82.6,73.2,383.3,92.7,81.8,-0.432,LOW,90.0,HIGH,1
86.3,0,1,-0.046,51,8,85.5,84.4,458.1,89.5,78.8,0.211,LOW,84.6,HIGH,1
80.5,0,1,-0.325,43,11,65.6,78.9,374.2,78.7,52.1,0.161,LOW,70.9,MEDIUM,1
80.7,0,0,0.196,32,8,92.3,75.5,388.6,74.6,84.8,-0.246,LOW,88.7,HIGH,1
71.5,1,0,0.008,39,15,61.1,61.0,358.6,60.7,65.7,-0.303,MEDIUM,66.8,MEDIUM,1
40.5,4,3,-0.063,23,33,58.4,60.8,235.6,44.8,56.2,0.118,HIGH,57.3,MEDIUM,1
85.0,0,1,0.35,44,8,79.6,59.6,385.2,66.0,78.5,0.112,LOW,79.6,HIGH,1
86.8,0,1,0.496,44,7,67.9,75.5,392.0,86.1,71.5,0.301,LOW,77.5,HIGH,1
56.6,3,3,-0.033,24,18,61.4,59.6,302.8,59.4,71.0,0.307,MEDIUM,64.3,MEDIUM,1
81.9,0,2,-0.013,48,10,76.6,85.6,314.0,68.4,85.0,0.491,LOW,77.7,MEDIUM,1
88.4,8,3,-0.95,39,5,80.4,85.5,392.7,79.7,82.0,-0.121,LOW,82.4,HIGH,-1
54.8,2,4,-0.547,23,19,43.9,70.2,290.4,74.6,54.5,-0.243,HIGH,56.6,MEDIUM,1
87.9,0,2,0.114,39,5,83.2,81.1,401.0,79.8,69.0,-0.342,LOW,76.4,HIGH,1
59.3,6,2,-0.143,28,20,76.6,79.2,324.0,58.9,65.8,-0.164,HIGH,69.0,MEDIUM,1
65.1,0,4,-0.697,29,16,78.1,77.1,364.4,74.4,69.8,0.267,MEDIUM,76.1,MEDIUM,1
71.2,8,2,-0.95,39,16,79.7,61.5,372.7,69.4,76.5,-0.373,LOW,67.7,MEDIUM,-1
82.0,0,3,0.108,40,9,64.2,72.3,312.0,71.3,72.1,-0.336,LOW,76.6,HIGH,1
78.7,0,0,-0.013,43,12,82.6,81.6,316.4,81.7,78.5,-0.176,LOW,79.0,HIGH,1
85.0,0,3,-0.205,36,6,59.4,80.6,411.7,83.5,74.6,0.073,LOW,73.8,MEDIUM,1
83.4,0,2,0.522,48,9,74.5,77.2,356.1,79.7,87.3,0.202,LOW,78.7,HIGH,1
96.2,0,3,0.253,48,2,69.5,86.8,373.6,98.8,80.9,0.009,LOW,82.9,HIGH,1
72.9,2,2,0.359,42,16,83.2,53.7,352.6,67.7,77.0,-0.183,LOW,70.6,MEDIUM,1
68.6,2,2,-0.283,37,17,70.5,74.9,381.6,71.9,68.5,0.233,MEDIUM,75.4,MEDIUM,1
35.5,5,1,0.235,18,32,29.3,67.3,180.7,57.2,36.9,-0.08,HIGH,44.1,LOW,1
64.4,1,2,-0.003,32,17,63.1,76.4,302.1,73.1,62.4,-0.684,LOW,62.2,MEDIUM,1
88.1,0,0,0.497,42,6,61.7,99.0,339.9,93.1,85.2,0.206,LOW,84.6,HIGH,1
91.4,0,4,0.449,38,4,74.0,85.8,348.0,85.4,77.1,0.197,LOW,81.1,HIGH,1
85.9,0,0,-0.087,41,7,73.8,77.2,301.8,92.1,83.3,0.279,LOW,83.2,HIGH,1
94.6,0,1,0.162,54,3,90.1,97.9,423.1,83.9,75.6,-0.216,LOW,92.2,HIGH,1
65.7,0,3,0.15,34,17,78.7,60.7,290.0,72.3,68.1,0.112,LOW,69.6,MEDIUM,1
72.2,0,5,0.247,40,15,54.0,67.8,293.5,66.9,53.0,0.33,LOW,59.5,MEDIUM,1
67.4,0,2,-0.546,29,14,65.1,69.5,296.8,70.0,66.1,0.336,MEDIUM,63.8,MEDIUM,1
90.5,0,2,0.127,36,4,75.5,72.5,407.8,89.4,81.3,-0.11,LOW,77.7,HIGH,1
84.6,0,1,0.345,44,8,61.9,84.8,240.9,87.8,79.5,-0.275,LOW,73.9,HIGH,1
68.4,1,5,-0.688,32,15,65.8,79.5,383.8,74.8,68.4,-0.291,MEDIUM,64.3,HIGH,1
78.7,0,0,-0.191,35,10,84.7,70.6,384.0,74.0,86.8,-0.766,LOW,78.5,HIGH,1
88.4,0,1,-0.326,42,5,66.6,83.0,388.5,74.4,73.1,0.028,LOW,76.4,HIGH,1
95.6,0,4,0.243,55,3,93.1,86.0,386.7,98.4,86.8,-0.341,LOW,93.5,HIGH,1
84.4,0,4,0.568,43,8,60.7,81.6,344.2,82.4,73.9,0.31,LOW,75.8,HIGH,1
89.9,0,2,-0.509,36,4,98.0,77.9,437.6,86.1,86.4,-0.342,LOW,86.3,HIGH,1
93.8,0,4,0.162,40,3,81.5,74.9,433.9,93.4,80.4,0.049,LOW,87.8,HIGH,1
44.9,4,4,-0.441,23,29,48.4,74.2,260.6,60.2,52.3,-0.447,HIGH,57.5,MEDIUM,1
85.0,0,2,0.612,48,8,85.0,70.8,401.1,68.3,69.9,0.207,LOW,78.1,HIGH,1
78.6,0,5,0.165,46,12,98.0,72.0,376.7,69.7,87.4,0.416,LOW,87.9,MEDIUM,1
80.9,0,0,0.357,47,11,91.7,86.3,335.0,72.7,82.8,0.268,LOW,85.6,HIGH,1
77.0,0,1,0.518,34,10,72.8,74.3,341.8,89.2,83.2,0.255,LOW,82.4,HIGH,1
71.3,2,2,0.153,36,14,86.1,94.7,433.2,77.7,97.3,0.241,LOW,91.2,HIGH,1
72.7,0,4,-0.441,33,13,98.0,63.1,324.2,54.2,78.3,0.308,LOW,76.9,MEDIUM,1
44.9,5,1,-0.286,19,23,52.9,52.3,178.1,42.6,54.8,-0.087,HIGH,54.1,LOW,1
54.9,4,3,-0.187,27,23,64.4,62.3,363.1,78.6,76.5,-0.566,HIGH,61.4,MEDIUM,1
69.7,0,6,-0.602,39,17,60.0,80.0,316.4,77.1,70.7,0.079,LOW,69.6,HIGH,1
83.6,0,4,-0.466,42,8,72.2,78.4,304.6,86.9,74.4,-0.023,MEDIUM,79.8,HIGH,1
67.8,0,2,-0.665,37,17,65.6,76.0,320.5,62.3,66.7,0.209,LOW,69.1,MEDIUM,1
60.0,3,1,0.149,35,23,59.7,83.1,277.6,80.9,70.8,0.289,MEDIUM,68.7,MEDIUM,1
56.9,2,4,-0.6,27,20,77.6,44.2,372.7,45.2,71.6,0.136,HIGH,67.0,MEDIUM,1
76.8,0,3,0.942,42,13,50.8,57.7,376.0,66.8,54.6,-0.56,LOW,64.1,MEDIUM,1
78.6,0,3,0.53,42,12,74.6,69.0,373.7,76.4,84.5,-0.373,LOW,78.2,HIGH,1
65.6,2,4,0.025,28,14,67.1,67.9,340.9,68.5,74.4,0.007,MEDIUM,63.8,MEDIUM,1
87.9,1,2,-0.364,40,5,73.3,66.4,372.7,78.3,80.1,0.19,LOW,72.0,HIGH,1
56.0,4,2,0.172,24,18,72.9,78.4,375.1,62.5,78.6,-0.182,MEDIUM,69.7,MEDIUM,1
84.4,0,1,-0.051,37,7,86.8,79.2,394.9,78.7,84.4,-0.074,LOW,85.3,HIGH,1
90.2,1,4,-0.449,36,4,80.7,93.4,368.7,79.8,89.6,0.263,LOW,88.8,HIGH,1
72.3,0,5,0.177,38,15,74.9,71.5,395.3,83.7,80.2,0.006,LOW,69.7,HIGH,1
52.3,2,7,-0.114,27,24,60.6,62.5,282.7,60.0,59.2,0.358,MEDIUM,55.7,MEDIUM,1
73.0,1,4,-0.139,38,14,79.0,62.6,344.8,60.8,72.3,0.005,LOW,70.8,MEDIUM,1
79.1,0,6,-0.08,42,11,93.5,75.3,360.6,90.9,83.5,-0.076,LOW,84.4,HIGH,1
87.1,0,3,0.047,44,7,91.3,90.8,391.7,82.4,100.0,-0.314,LOW,92.4,HIGH,1
56.3,4,2,-0.311,29,23,90.0,71.1,378.4,72.0,92.9,-0.266,HIGH,80.5,MEDIUM,1
89.8,0,4,0.325,40,5,90.0,86.9,409.0,81.6,92.1,-0.152,LOW,92.5,HIGH,1
95.2,0,7,0.018,51,3,60.6,78.2,376.8,85.0,82.8,0.485,LOW,74.4,HIGH,1
55.5,4,2,0.244,31,24,70.5,55.6,221.6,64.9,62.8,0.625,HIGH,61.5,MEDIUM,1
61.1,2,3,-0.155,29,19,56.7,61.4,280.3,62.3,64.9,-0.066,MEDIUM,58.4,MEDIUM,1
70.3,3,1,-0.398,33,14,85.9,76.4,352.5,77.9,75.5,0.332,MEDIUM,79.1,HIGH,1
63.6,1,2,0.096,28,16,63.5,57.9,317.2,72.8,55.9,0.193,MEDIUM,59.2,MEDIUM,1
68.8,0,1,-0.502,37,17,98.0,68.7,10.0,62.5,52.2,-0.111,LOW,59.4,MEDIUM,-1
86.0,0,5,0.442,40,6,82.1,70.9,405.2,64.1,66.1,-0.226,LOW,82.7,HIGH,1
55.6,3,4,-0.148,31,25,59.5,55.4,305.5,56.0,59.2,0.127,MEDIUM,59.9,MEDIUM,1
90.9,1,1,-0.145,50,5,85.6,89.6,378.4,94.4,85.4,-0.315,LOW,90.1,HIGH,1
66.7,2,1,-0.375,33,17,72.6,70.7,397.8,65.9,81.7,0.606,MEDIUM,71.7,MEDIUM,1
86.0,0,2,0.237,40,6,82.4,89.2,351.8,94.4,84.1,0.101,LOW,89.4,HIGH,1
51.1,5,1,-0.169,26,24,65.0,59.5,205.9,64.0,64.6,0.294,HIGH,61.6,LOW,1
81.1,0,7,0.386,33,8,86.0,86.6,404.8,87.3,97.7,-0.025,LOW,88.9,HIGH,1
96.9,0,5,0.23,40,1,85.6,90.6,425.8,89.0,93.6,0.382,LOW,95.6,HIGH,1
79.5,0,1,0.1,36,9,73.3,68.0,381.8,68.9,72.3,0.33,LOW,71.7,MEDIUM,1
54.6,3,4,-0.219,23,19,59.2,74.9,257.3,65.2,59.5,0.118,HIGH,58.4,LOW,1
57.4,6,2,-0.307,23,17,59.4,58.2,331.8,61.4,52.3,-0.432,HIGH,60.5,MEDIUM,1
58.9,3,1,-0.092,35,24,61.2,80.1,321.2,70.5,66.9,-0.277,MEDIUM,65.2,HIGH,1
96.7,0,6,0.226,53,2,93.7,98.4,557.0,93.8,100.0,0.16,LOW,98.0,HIGH,1
98.1,0,2,0.177,52,1,98.0,87.1,426.1,86.5,85.2,0.329,LOW,93.8,HIGH,1
73.7,2,4,0.791,41,15,81.4,72.2,344.3,70.2,64.6,0.202,LOW,78.9,MEDIUM,1
66.6,0,3,-0.136,38,19,72.0,59.7,294.7,74.4,58.6,0.195,LOW,64.0,MEDIUM,1
63.1,1,4,0.119,27,16,67.7,90.2,272.3,68.9,74.4,0.274,MEDIUM,75.2,MEDIUM,1
76.3,0,1,-0.095,32,10,76.0,60.3,365.6,68.1,74.1,0.121,LOW,72.8,MEDIUM,1
81.2,0,3,0.103,38,9,78.6,62.8,322.9,84.9,82.8,0.159,LOW,79.9,HIGH,1
96.9,0,3,-0.542,42,1,76.3,76.2,354.0,83.1,85.0,0.426,LOW,77.8,MEDIUM,1
72.7,1,0,0.127,39,15,62.7,77.1,332.2,81.9,63.6,0.017,LOW,72.6,HIGH,1
88.6,1,3,-0.084,46,6,80.4,55.8,446.1,68.5,71.2,0.423,LOW,80.2,MEDIUM,1
72.3,2,3,-0.112,38,15,61.0,63.8,252.7,61.3,69.1,-0.51,MEDIUM,64.9,MEDIUM,1
82.7,0,2,0.164,44,9,66.9,75.8,374.4,92.8,68.7,-0.029,LOW,75.5,MEDIUM,1
64.3,2,2,-0.371,28,16,59.1,86.5,279.7,67.3,63.1,-0.098,MEDIUM,65.5,MEDIUM,1
77.6,0,4,-0.363,34,10,88.1,71.5,300.6,74.7,77.7,0.223,LOW,79.1,MEDIUM,1
83.3,1,3,0.039,43,9,94.6,75.1,377.9,90.8,97.9,-0.181,LOW,93.4,HIGH,1
86.8,0,2,1.0,37,6,78.5,91.9,423.4,77.3,77.6,-0.158,LOW,89.1,HIGH,1
88.0,0,1,0.227,50,7,79.8,77.4,417.9,86.3,71.8,-0.253,LOW,82.4,HIGH,1
86.4,0,1,0.184,39,6,86.9,64.2,323.3,79.5,81.9,0.166,LOW,79.1,MEDIUM,1
77.8,0,3,-0.239,34,10,63.2,79.5,339.9,78.0,71.4,0.121,LOW,71.7,HIGH,1
84.7,0,4,-0.273,36,6,78.8,60.0,429.6,87.2,61.1,0.207,LOW,68.7,HIGH,1
75.8,0,1,-0.181,45,14,96.7,74.6,446.1,77.3,93.5,-0.09,LOW,81.0,MEDIUM,1
84.1,1,7,0.184,35,7,76.3,87.0,368.2,84.4,78.0,0.109,LOW,82.6,HIGH,1
79.6,1,3,-0.266,33,9,98.0,71.5,10.0,68.8,85.4,-0.151,LOW,75.2,HIGH,-1
84.4,0,3,0.529,50,9,76.2,72.5,396.5,77.3,71.6,0.096,LOW,80.9,MEDIUM,1
84.1,8,2,-0.95,34,7,74.2,88.1,399.3,88.8,80.6,0.371,LOW,72.6,HIGH,-1
65.0,1,6,-0.008,38,21,72.7,68.1,294.6,75.1,77.5,-0.012,MEDIUM,73.0,MEDIUM,1
80.2,0,5,0.18,46,11,78.8,71.4,371.9,81.4,81.6,-0.088,LOW,82.0,HIGH,1
85.9,8,2,-0.95,42,7,53.4,80.3,335.3,68.2,59.7,-0.014,LOW,69.8,MEDIUM,-1
63.1,0,2,-0.578,29,17,73.5,84.1,345.8,73.6,70.1,0.108,MEDIUM,69.2,MEDIUM,1
84.8,0,1,1.0,50,9,65.8,71.6,341.3,71.2,72.4,0.182,LOW,68.6,HIGH,1
90.0,0,4,0.157,48,5,88.0,79.6,363.6,71.2,84.0,0.006,LOW,82.4,HIGH,1
83.9,0,1,0.459,41,8,77.4,57.4,296.5,66.8,80.2,-0.017,LOW,71.2,HIGH,1
59.9,4,3,-0.132,35,24,66.6,78.9,314.0,67.1,74.4,0.255,MEDIUM,67.9,MEDIUM,1
66.1,2,0,-0.569,36,19,70.6,61.6,281.1,58.4,72.6,-0.061,MEDIUM,64.4,MEDIUM,1
76.9,0,2,-0.131,35,10,67.0,77.4,332.7,76.9,64.7,0.049,LOW,71.0,MEDIUM,1
98.2,0,3,0.108,55,1,77.0,99.0,410.3,99.8,90.4,-0.025,LOW,89.9,HIGH,1
83.1,0,0,-0.132,37,8,85.5,79.0,361.4,83.8,90.9,0.002,LOW,86.1,MEDIUM,1
73.3,0,6,0.145,42,15,65.4,86.5,346.9,75.4,74.5,0.097,LOW,72.7,HIGH,1
85.6,0,1,0.365,42,7,65.1,89.3,463.8,91.6,72.1,0.093,LOW,71.8,HIGH,1
74.5,8,4,-0.95,37,12,78.0,77.5,421.7,70.7,79.9,-0.075,LOW,78.6,MEDIUM,-1
73.0,8,2,-0.95,35,13,76.7,50.3,307.2,76.9,62.6,0.209,LOW,62.8,MEDIUM,-1
79.0,0,0,0.086,43,11,74.0,51.3,328.6,68.8,51.7,-0.05,LOW,65.1,MEDIUM,1
81.0,0,1,-0.027,40,10,78.1,89.4,334.6,90.1,62.0,-0.037,LOW,77.0,HIGH,1
95.7,0,2,-0.42,44,2,84.2,86.9,350.8,84.3,75.7,0.199,LOW,86.5,HIGH,1
85.4,0,1,-0.607,49,8,85.0,81.8,398.6,80.0,81.1,0.167,LOW,81.6,HIGH,1
59.2,4,2,-0.279,24,17,74.7,62.0,329.8,64.3,81.5,0.055,HIGH,77.2,MEDIUM,1
86.0,0,2,0.476,35,6,84.3,74.6,398.7,78.3,81.3,0.046,LOW,83.7,MEDIUM,1
96.3,0,4,0.136,50,2,93.9,81.4,439.6,83.0,93.1,-0.019,LOW,89.0,HIGH,1
89.9,0,3,0.225,45,5,98.0,76.0,346.1,70.8,89.0,0.001,LOW,83.3,HIGH,1
81.6,0,2,-0.206,47,11,81.4,80.4,303.3,75.0,76.2,-0.133,LOW,82.9,MEDIUM,1
51.3,2,2,-0.384,30,29,60.0,70.0,293.8,54.7,62.4,0.753,HIGH,57.9,MEDIUM,1
92.1,0,3,0.451,37,3,62.2,71.9,369.4,66.9,61.8,0.205,LOW,63.5,HIGH,1
87.7,0,5,0.233,49,7,63.2,87.4,399.9,86.6,64.6,-0.078,LOW,73.6,HIGH,1
43.8,3,1,-0.389,26,33,61.4,60.9,212.5,50.7,68.0,0.136,HIGH,57.0,LOW,1
87.3,0,3,0.301,50,7,75.6,78.2,369.0,91.0,75.0,-0.402,LOW,79.0,HIGH,1
63.8,0,3,-0.213,30,17,61.0,71.2,280.6,63.3,59.8,-0.09,MEDIUM,70.6,MEDIUM,1
59.9,2,4,0.075,31,21,71.8,56.3,371.2,54.5,69.2,0.356,MEDIUM,65.2,MEDIUM,1
77.5,1,1,0.246,33,10,82.3,68.4,431.4,81.6,84.3,0.541,LOW,78.7,HIGH,1
80.5,0,3,0.002,47,11,79.3,52.8,328.7,72.9,65.4,-0.123,LOW,71.6,MEDIUM,1
70.3,0,3,0.033,30,12,98.0,75.0,10.0,81.0,76.7,0.147,LOW,70.5,MEDIUM,-1
92.7,8,2,-0.95,42,3,98.0,81.4,461.6,82.6,92.2,-0.109,LOW,91.1,HIGH,-1
84.2,1,4,-0.386,38,7,76.1,76.3,414.3,66.2,83.2,0.289,LOW,78.6,MEDIUM,1
69.0,1,1,-0.383,31,14,80.5,69.1,311.7,75.2,86.4,-0.349,MEDIUM,74.4,HIGH,1
89.6,1,1,0.506,42,5,77.2,84.4,405.3,91.8,70.8,0.113,LOW,83.7,HIGH,1
52.1,5,2,-0.122,29,27,48.4,56.6,258.2,56.1,43.0,-0.297,HIGH,51.0,LOW,1
69.7,2,1,-0.338,34,15,70.8,73.9,326.9,85.3,68.1,-0.001,MEDIUM,73.3,MEDIUM,1
83.0,0,4,0.298,37,7,98.0,87.8,299.9,87.6,90.5,-0.043,LOW,87.5,HIGH,1
74.1,2,4,0.435,43,15,83.8,54.5,338.9,66.6,76.4,0.046,MEDIUM,73.0,MEDIUM,1
81.7,0,3,-0.083,41,9,74.7,74.2,350.6,82.1,77.3,0.383,LOW,81.0,HIGH,1
67.1,2,4,-0.431,33,16,75.3,61.9,358.9,59.6,86.3,0.166,MEDIUM,71.7,MEDIUM,1
64.0,2,1,0.707,27,15,63.2,79.8,295.6,73.5,54.9,0.046,LOW,73.3,MEDIUM,1
87.5,0,3,-0.168,43,6,87.1,83.4,450.0,72.7,86.6,0.052,LOW,89.0,HIGH,1
80.6,0,1,-0.066,33,8,98.0,83.6,338.7,82.1,98.4,0.082,LOW,91.2,MEDIUM,1
88.1,0,4,-0.007,42,6,72.7,86.9,433.2,86.5,69.9,0.233,LOW,80.2,HIGH,1
87.7,0,2,-0.2,39,5,82.1,96.6,366.6,90.4,83.2,0.136,LOW,85.5,HIGH,1
96.2,0,3,-0.478,54,2,87.7,86.5,397.5,86.9,95.0,0.366,LOW,96.5,HIGH,1
73.6,3,6,0.127,33,12,67.3,64.6,322.3,62.6,57.0,-0.209,HIGH,70.8,MEDIUM,1
59.8,4,1,-0.438,30,20,59.8,71.3,222.7,83.7,68.7,-0.003,HIGH,67.3,HIGH,1
79.3,0,5,0.233,35,9,76.8,71.4,367.0,67.7,85.1,0.013,LOW,73.3,MEDIUM,1
49.4,4,1,-0.501,23,23,52.1,66.1,365.4,52.1,44.4,-0.035,HIGH,54.4,MEDIUM,1
87.1,0,5,0.477,40,6,90.9,79.4,363.7,80.8,82.5,0.026,LOW,89.8,HIGH,1
89.0,1,2,0.084,38,5,77.5,71.3,369.2,78.1,87.4,0.135,LOW,86.6,HIGH,1
63.7,1,2,-0.502,31,18,65.4,66.5,331.0,68.7,70.8,-0.211,MEDIUM,76.3,MEDIUM,1
91.7,0,6,-0.105,52,5,69.6,64.1,380.2,83.2,70.8,-0.537,LOW,73.6,HIGH,1
49.4,2,0,-0.326,20,20,49.9,58.7,289.1,50.5,62.2,0.121,HIGH,57.7,MEDIUM,1
78.9,0,2,0.511,42,11,68.7,73.8,287.3,86.6,63.8,-0.17,LOW,70.1,HIGH,1
82.7,0,1,-0.075,37,8,98.0,64.4,10.0,71.2,66.7,-0.275,LOW,69.5,HIGH,-1
97.2,0,3,-0.383,49,1,71.3,79.1,409.5,73.0,73.2,-0.021,LOW,73.4,HIGH,1
71.1,0,1,0.622,38,15,80.7,91.1,212.0,83.5,85.5,0.447,LOW,84.0,HIGH,1
57.2,8,1,-0.95,34,25,80.9,71.0,258.8,65.0,74.4,0.415,MEDIUM,77.9,MEDIUM,-1
92.8,0,3,0.806,39,3,79.6,68.6,324.5,80.8,63.0,-0.02,LOW,77.0,HIGH,1
87.8,0,1,-0.452,48,7,68.1,75.3,374.1,87.1,74.6,-0.309,LOW,71.9,HIGH,1
92.7,0,3,-0.018,51,4,71.5,71.4,368.5,90.8,66.8,0.275,LOW,75.4,HIGH,1
82.4,0,4,-0.031,38,8,78.9,85.6,315.5,75.1,82.4,0.528,LOW,81.9,MEDIUM,1
74.1,0,2,0.363,35,12,73.3,65.1,350.2,52.1,71.9,0.46,LOW,70.3,MEDIUM,1
58.2,4,2,-0.04,25,18,45.5,61.3,294.7,59.9,49.1,0.023,HIGH,57.4,MEDIUM,1
77.5,0,2,0.684,40,11,48.6,84.6,261.0,75.1,56.6,0.157,LOW,74.9,HIGH,1
66.6,3,2,-0.706,34,17,69.5,73.3,315.0,69.1,86.4,0.144,MEDIUM,76.3,MEDIUM,1
91.8,0,4,-0.418,45,4,89.7,79.6,422.6,71.0,96.9,0.08,LOW,85.5,HIGH,1
97.4,0,3,0.415,50,1,98.0,84.1,463.5,84.4,91.9,-0.132,LOW,88.0,HIGH,1
93.0,0,2,0.782,46,4,74.1,74.6,329.6,75.9,81.7,-0.223,LOW,75.7,HIGH,1
84.7,0,3,0.466,42,8,98.0,93.6,10.0,78.1,94.9,0.258,LOW,96.0,HIGH,-1
83.4,0,3,0.321,45,9,73.8,67.1,362.6,61.5,77.8,0.081,LOW,72.3,MEDIUM,1
81.8,0,1,0.456,37,8,61.9,80.9,345.0,76.5,70.4,0.151,LOW,70.8,HIGH,1
75.9,0,5,-0.304,38,12,94.7,80.2,473.2,86.6,94.9,-0.076,LOW,92.6,HIGH,1
60.5,2,3,-0.32,25,16,45.9,83.6,302.1,69.7,67.9,-0.128,HIGH,56.6,MEDIUM,1
67.6,3,4,-0.24,32,16,66.8,68.7,302.1,54.4,75.1,-0.406,MEDIUM,66.9,MEDIUM,1
88.9,0,0,0.069,44,6,71.8,69.5,365.4,91.3,58.5,-0.438,LOW,74.5,HIGH,1
48.3,2,5,-0.091,27,28,63.8,65.3,254.1,46.2,66.2,0.271,MEDIUM,67.9,MEDIUM,1
76.6,0,2,0.092,40,12,84.8,65.5,318.6,71.0,92.1,0.481,LOW,83.9,MEDIUM,1
55.3,3,0,-0.383,29,23,41.0,57.7,237.4,55.1,55.0,0.041,HIGH,53.6,MEDIUM,1
98.1,1,5,-0.245,56,1,76.6,70.8,489.5,77.4,67.5,0.041,LOW,82.1,HIGH,1
79.6,1,1,0.057,32,8,86.3,67.7,274.9,69.4,68.5,-0.153,LOW,75.6,MEDIUM,1
93.9,1,3,-0.289,55,4,71.7,80.0,392.9,88.9,75.7,-0.247,LOW,80.2,HIGH,1
88.2,1,2,0.072,43,6,60.6,69.1,443.5,77.1,50.4,-0.133,LOW,64.4,HIGH,1
80.7,0,1,0.198,47,11,70.2,70.8,426.2,82.5,73.9,0.402,LOW,72.7,HIGH,1
76.0,0,4,-0.098,43,13,65.8,80.9,374.1,96.3,71.5,0.561,LOW,73.2,HIGH,1
69.8,3,4,-0.026,28,12,79.4,74.2,345.6,78.2,72.7,-0.273,LOW,77.6,MEDIUM,1
75.2,0,1,0.409,30,10,73.5,82.0,384.1,83.0,85.7,0.214,LOW,77.0,HIGH,1
87.9,0,0,-0.05,49,7,70.3,86.9,388.3,82.4,74.6,0.356,LOW,81.9,HIGH,1
79.5,1,3,-0.015,43,11,86.4,77.5,445.9,84.5,77.4,-0.085,LOW,85.1,HIGH,1
97.0,0,0,0.32,40,1,98.0,80.5,10.0,87.8,90.2,0.078,LOW,90.5,HIGH,-1
85.8,0,4,-0.203,43,7,61.4,78.3,326.7,76.1,70.3,-0.179,LOW,72.0,HIGH,1
47.6,8,6,-0.95,20,21,50.9,54.1,323.8,55.8,51.8,0.309,HIGH,47.6,MEDIUM,-1
46.4,2,4,-0.356,27,32,52.2,50.1,235.2,49.8,44.2,0.192,MEDIUM,50.4,MEDIUM,1
73.9,1,2,0.095,35,13,95.7,81.7,335.5,82.8,88.9,-0.323,LOW,93.1,HIGH,1
61.4,1,1,-0.415,36,22,63.6,75.0,313.2,58.1,62.2,-0.041,MEDIUM,65.5,MEDIUM,1
72.8,1,1,0.272,30,11,56.1,76.3,350.4,74.1,69.6,-0.074,LOW,69.3,HIGH,1
79.1,0,2,-0.308,43,12,72.8,73.6,353.5,82.4,63.5,0.389,LOW,73.5,MEDIUM,1
78.5,1,5,0.235,46,13,82.6,77.8,376.8,86.9,88.9,0.09,LOW,82.0,HIGH,1
51.5,3,4,-0.412,25,23,59.9,72.2,335.7,62.3,73.9,-0.032,MEDIUM,69.0,MEDIUM,1
56.7,5,1,0.227,33,26,76.4,53.3,298.6,64.9,68.6,0.282,HIGH,65.8,MEDIUM,1
76.2,0,3,0.374,33,10,82.2,72.7,394.9,83.5,84.6,-0.393,LOW,77.0,MEDIUM,1
77.3,0,1,0.138,40,12,81.9,86.9,413.5,79.4,90.6,-0.351,LOW,84.8,HIGH,1
79.1,0,4,0.088,43,11,98.0,77.0,10.0,88.6,75.6,0.419,LOW,83.0,HIGH,-1
84.9,0,2,-0.055,50,9,98.0,85.9,10.0,80.4,93.1,-0.077,LOW,92.2,HIGH,-1
64.7,1,0,-1.0,27,14,80.3,86.0,391.4,64.8,87.5,-0.148,MEDIUM,74.9,MEDIUM,1
76.7,0,1,0.133,45,14,60.2,86.8,377.0,74.4,65.2,-0.056,LOW,70.8,HIGH,1
62.6,0,2,0.091,36,21,53.4,55.8,264.8,61.3,64.0,0.527,LOW,63.5,MEDIUM,1
88.5,0,4,-0.183,42,6,86.4,91.1,390.1,93.1,91.0,0.293,LOW,87.9,HIGH,1
86.8,0,2,-0.147,51,8,67.7,82.9,224.3,71.8,80.8,-0.352,LOW,76.4,MEDIUM,1
88.0,8,1,-0.95,35,5,65.7,90.5,412.5,86.6,79.3,0.064,LOW,82.6,HIGH,-1
72.7,1,5,-0.28,31,11,82.0,46.7,376.7,74.9,80.0,-0.16,MEDIUM,66.9,MEDIUM,1
64.4,2,3,-0.469,36,20,62.1,76.1,234.0,68.5,70.4,0.335,MEDIUM,65.6,MEDIUM,1
62.3,3,4,-0.382,31,19,74.8,71.5,346.5,72.2,70.9,-0.249,MEDIUM,66.2,HIGH,1
85.8,0,5,0.137,40,7,85.1,83.0,399.7,82.7,82.6,0.133,LOW,81.9,HIGH,1
76.3,0,2,0.719,39,12,73.5,63.3,377.3,71.0,68.0,-0.045,LOW,72.3,MEDIUM,1
61.8,2,2,-0.264,31,19,76.4,70.7,342.2,59.8,72.3,0.031,MEDIUM,63.5,MEDIUM,1
51.8,3,3,-0.135,27,25,67.0,69.8,272.9,54.2,75.5,0.096,MEDIUM,70.9,MEDIUM,1
85.8,0,2,0.077,46,8,88.3,94.2,343.5,87.9,88.8,0.306,LOW,90.9,HIGH,1
85.4,0,1,0.19,50,9,61.1,83.4,332.3,86.9,70.9,-0.147,LOW,72.6,HIGH,1
78.0,0,2,0.145,44,12,72.1,81.0,331.5,82.7,61.8,-0.263,LOW,69.4,MEDIUM,1
97.9,1,0,0.39,50,1,67.4,84.2,323.4,93.2,75.4,0.13,LOW,79.3,HIGH,1
75.2,1,2,0.606,44,14,68.7,60.7,342.8,73.2,68.9,-0.203,LOW,71.6,HIGH,1
73.9,3,0,0.055,44,15,59.9,80.7,352.6,75.4,69.5,0.137,MEDIUM,72.7,MEDIUM,1
90.8,0,3,-0.009,45,5,68.5,81.3,344.4,78.5,61.0,-0.012,LOW,79.9,HIGH,1
79.6,8,3,-0.95,39,10,75.4,89.7,374.3,90.0,76.5,-0.206,LOW,83.0,HIGH,-1
73.4,0,5,0.611,41,15,91.0,65.9,393.4,65.4,71.5,-0.235,LOW,79.6,MEDIUM,1
74.3,2,0,0.205,39,13,76.2,79.4,374.6,76.6,73.1,0.213,MEDIUM,79.0,MEDIUM,1
59.9,2,5,0.128,33,22,68.1,65.2,269.6,49.4,67.3,-0.022,MEDIUM,65.2,MEDIUM,1
77.9,0,2,0.589,46,13,56.9,88.3,420.8,93.6,69.2,-0.209,LOW,74.3,HIGH,1
78.7,0,4,0.035,46,13,94.9,69.3,390.3,70.6,83.5,0.005,LOW,77.8,HIGH,1
83.5,0,1,0.394,47,9,79.3,79.3,328.4,65.1,77.3,-0.186,LOW,77.4,MEDIUM,1
79.9,0,3,0.154,35,9,88.3,74.3,365.1,87.6,81.4,0.081,LOW,82.4,HIGH,1
94.7,0,2,0.163,45,3,77.1,94.6,341.8,90.4,73.9,0.123,LOW,87.5,HIGH,1
69.2,1,1,-0.005,30,13,77.6,75.8,322.1,72.7,72.7,0.038,LOW,76.7,MEDIUM,1
76.0,0,1,0.63,36,12,56.0,56.1,373.8,81.2,63.9,-0.088,LOW,60.1,HIGH,1
82.9,0,2,0.27,46,9,80.3,67.6,398.5,71.6,85.4,-0.263,LOW,79.4,HIGH,1
83.4,1,2,0.384,38,8,85.5,54.4,450.6,81.5,74.9,0.061,LOW,72.6,HIGH,1
95.9,0,1,0.382,51,2,98.0,89.9,443.7,79.1,97.0,-0.204,LOW,96.1,HIGH,1
74.4,2,8,0.503,39,14,96.6,46.1,430.5,66.7,77.2,-0.126,MEDIUM,76.2,HIGH,1
86.4,0,2,0.285,40,6,88.0,84.5,345.9,85.8,82.0,0.01,LOW,89.4,HIGH,1
67.6,3,8,-0.168,37,18,54.6,67.5,255.2,74.9,56.5,0.116,MEDIUM,65.5,MEDIUM,1
87.0,0,2,0.009,50,7,72.8,91.4,392.9,78.5,94.4,0.408,LOW,92.3,HIGH,1
83.3,0,4,0.31,37,8,71.1,68.2,399.7,62.8,64.4,-0.158,LOW,63.9,MEDIUM,1
94.5,1,1,-0.003,43,3,96.9,77.6,463.4,100.0,93.6,-0.119,LOW,88.5,HIGH,1
84.0,0,3,0.141,49,9,76.9,79.3,328.3,88.4,69.4,-0.444,LOW,78.3,MEDIUM,1
78.5,0,4,-0.196,37,10,77.8,64.5,423.9,70.4,89.8,0.055,LOW,84.1,HIGH,1
80.1,0,3,0.748,32,8,98.0,75.5,309.7,81.5,96.2,-0.278,LOW,85.0,HIGH,1
82.3,0,0,-0.215,46,10,74.8,67.4,433.5,70.0,74.6,0.237,LOW,72.6,HIGH,1
70.8,1,3,0.282,41,17,58.2,77.6,261.3,75.1,78.0,0.095,LOW,68.6,MEDIUM,1
71.0,0,5,-0.12,33,13,76.8,79.0,406.1,68.6,79.4,-0.282,LOW,74.9,MEDIUM,1
83.7,0,0,-0.299,48,9,66.0,87.7,332.7,82.4,79.6,0.01,LOW,78.7,HIGH,1
82.3,1,3,0.258,37,8,67.0,66.6,362.5,64.8,76.7,0.026,LOW,72.1,HIGH,1
89.2,0,5,0.566,40,5,79.3,89.0,388.1,100.0,81.2,0.314,LOW,85.9,HIGH,1
52.0,3,3,-0.466,21,19,87.7,48.3,250.1,54.0,75.0,0.131,HIGH,67.8,MEDIUM,1
75.0,0,5,0.292,37,12,68.7,61.2,344.2,64.1,68.4,-0.18,LOW,72.6,MEDIUM,1
79.7,0,0,0.657,37,10,82.4,78.7,324.4,70.8,73.8,0.461,LOW,79.7,HIGH,1
86.8,0,2,0.804,40,6,75.6,65.8,355.6,89.1,70.8,-0.257,LOW,70.5,HIGH,1
85.2,0,4,0.033,41,7,79.6,89.9,486.3,85.1,79.4,0.45,LOW,83.3,HIGH,1
73.5,0,2,0.105,29,11,88.4,81.5,373.4,88.4,91.9,0.036,LOW,84.1,HIGH,1
85.5,0,5,0.155,43,7,86.8,99.0,377.7,90.5,81.8,-0.306,LOW,93.2,HIGH,1
81.9,0,2,0.338,34,8,76.4,72.6,401.3,81.8,81.1,-0.166,LOW,80.5,HIGH,1
70.1,1,4,0.068,40,17,66.9,76.7,348.4,75.6,73.8,0.14,LOW,74.8,MEDIUM,1
65.8,0,2,-0.034,30,15,86.2,70.6,301.5,60.0,70.6,0.347,LOW,77.5,MEDIUM,1
87.0,0,4,0.103,44,6,98.0,78.1,369.8,91.5,95.1,-0.184,LOW,90.9,HIGH,1
85.4,8,1,-0.95,38,6,78.8,93.1,433.0,88.8,87.8,-0.103,LOW,82.6,HIGH,-1
80.1,0,1,0.255,47,12,85.7,73.2,389.8,71.6,77.8,-0.237,LOW,79.7,HIGH,1
93.3,0,1,-0.052,40,3,94.9,82.5,511.6,85.3,89.4,-0.136,LOW,86.8,HIGH,1
76.3,0,1,-0.177,36,11,64.5,80.0,260.2,80.5,64.2,-0.164,LOW,64.0,MEDIUM,1
87.5,0,3,0.122,43,6,76.7,89.0,434.3,82.4,92.7,-0.148,LOW,85.2,HIGH,1
56.5,5,4,-0.474,24,18,72.2,58.9,319.7,54.6,68.1,0.079,HIGH,67.6,MEDIUM,1
84.9,0,4,0.013,44,8,81.0,88.6,342.1,76.0,83.2,-0.192,LOW,80.8,MEDIUM,1
75.8,0,2,0.412,42,14,65.6,81.1,356.3,75.7,73.0,0.03,LOW,68.3,MEDIUM,1
76.2,0,3,-0.058,34,10,66.0,75.0,286.3,84.1,73.8,0.421,LOW,75.5,HIGH,1
57.9,3,4,-0.591,27,20,73.6,62.3,323.7,58.3,73.7,-0.293,MEDIUM,70.9,MEDIUM,1
71.4,0,2,0.296,41,17,98.0,86.2,10.0,73.6,70.3,0.215,LOW,69.4,MEDIUM,-1
64.7,0,2,0.099,37,20,63.0,82.8,298.7,71.7,68.3,-0.285,LOW,64.9,MEDIUM,1
85.3,0,2,-0.011,34,6,67.8,69.0,352.0,73.9,71.8,-0.025,LOW,76.8,HIGH,1
78.3,0,2,0.524,34,9,80.5,61.6,331.3,73.1,79.0,0.104,LOW,72.2,MEDIUM,1
87.4,0,1,0.291,50,7,92.7,79.6,449.7,80.8,92.1,0.035,LOW,92.3,HIGH,1
74.8,0,3,0.552,40,13,42.4,62.0,307.6,65.4,56.1,0.165,LOW,54.6,MEDIUM,1
92.1,0,2,-0.166,46,4,68.5,74.5,367.5,82.9,72.9,-0.22,LOW,78.5,HIGH,1
67.0,2,1,-0.772,32,16,64.3,58.6,371.2,72.4,69.9,0.022,MEDIUM,64.9,MEDIUM,1
99.8,0,5,0.276,52,0,95.6,94.7,491.3,98.1,85.0,-0.209,LOW,94.9,HIGH,1
69.0,8,3,-0.95,39,17,52.5,63.6,301.3,65.2,48.5,0.051,MEDIUM,59.3,MEDIUM,-1
92.1,1,1,0.188,50,4,89.9,77.7,418.3,87.7,72.5,0.277,LOW,85.3,HIGH,1
93.7,1,4,0.245,38,3,98.0,89.1,473.3,88.2,95.7,0.331,LOW,95.5,HIGH,1
85.7,0,2,0.582,39,6,79.0,90.2,382.6,81.5,96.5,0.211,LOW,84.6,HIGH,1
59.2,4,6,-0.429,27,19,69.4,62.1,244.9,49.0,76.1,0.113,HIGH,72.4,MEDIUM,1
64.4,2,2,0.274,26,15,66.6,77.0,317.9,74.0,69.3,0.09,MEDIUM,62.3,MEDIUM,1
94.0,0,4,-0.037,49,3,63.4,92.2,407.5,88.4,74.6,0.064,LOW,83.6,HIGH,1
73.9,2,5,0.261,36,13,66.1,62.9,383.4,76.1,61.0,0.288,LOW,67.3,HIGH,1
76.5,0,1,0.232,42,13,84.5,85.0,435.5,94.1,92.8,-0.489,LOW,79.6,HIGH,1
92.1,0,2,-0.123,44,4,91.1,87.7,496.5,80.5,89.5,0.03,LOW,92.3,HIGH,1
46.2,3,3,-0.101,22,25,66.5,49.6,252.8,42.7,60.6,0.074,HIGH,58.1,LOW,1
84.0,0,3,-0.186,45,9,75.2,80.4,374.0,71.8,73.8,-0.24,LOW,82.6,HIGH,1
89.8,0,3,-0.475,41,5,87.9,68.9,338.4,81.6,83.6,-0.595,LOW,78.2,MEDIUM,1
76.9,0,4,0.402,45,13,74.1,68.7,325.5,70.6,63.8,-0.171,LOW,76.1,MEDIUM,1
69.6,0,2,0.069,30,13,49.3,68.2,229.8,71.3,53.1,0.357,LOW,59.0,MEDIUM,1
73.1,1,4,-0.323,35,13,60.9,82.1,384.0,75.7,75.8,0.639,MEDIUM,70.3,MEDIUM,1
70.1,0,3,0.03,41,17,62.5,74.0,318.9,80.0,53.3,-0.576,LOW,66.9,MEDIUM,1
89.4,0,1,-0.226,37,4,64.5,84.0,376.8,84.6,61.9,0.186,LOW,80.4,MEDIUM,1
78.8,0,2,0.296,36,10,73.3,69.7,388.4,65.6,79.9,-0.035,LOW,77.0,MEDIUM,1
30.3,2,1,0.089,18,40,59.1,51.8,215.4,41.4,67.4,-0.084,HIGH,51.9,LOW,1
77.6,0,2,-0.159,35,10,95.9,60.3,394.1,77.4,91.5,-0.28,LOW,90.7,HIGH,1
70.0,0,2,-0.901,38,16,62.4,76.2,304.3,69.0,68.2,0.034,MEDIUM,73.0,MEDIUM,1
89.5,0,5,0.252,41,5,72.4,83.1,394.4,89.0,78.0,-0.576,LOW,82.5,HIGH,1
81.6,0,3,0.283,37,8,86.9,85.7,435.3,82.6,91.9,0.238,LOW,86.5,HIGH,1
78.3,0,3,-0.158,31,9,98.0,82.8,10.0,86.3,69.8,0.529,LOW,70.5,HIGH,-1
78.4,0,2,-0.048,42,11,87.7,54.6,349.8,79.4,75.6,-0.121,LOW,82.5,MEDIUM,1
87.8,0,2,-0.131,35,5,79.2,72.6,430.1,73.3,68.6,-0.368,LOW,87.1,HIGH,1
62.8,1,1,-0.245,28,17,62.5,90.2,247.6,85.2,65.6,-0.346,LOW,75.0,MEDIUM,1
83.4,0,6,0.351,48,9,74.0,78.7,316.4,72.0,78.4,-0.086,LOW,76.6,HIGH,1
89.9,0,2,0.225,50,6,98.0,95.2,403.1,95.9,94.4,-0.32,LOW,94.5,HIGH,1
83.3,0,2,0.265,34,7,75.9,77.6,351.0,75.7,72.7,0.003,LOW,75.2,HIGH,1
70.4,0,1,-0.283,33,14,55.0,68.3,292.2,53.3,70.4,0.136,MEDIUM,66.5,MEDIUM,1
75.8,0,3,-0.068,31,10,98.0,63.1,10.0,86.9,78.4,-0.078,LOW,80.9,MEDIUM,-1
76.9,0,1,0.455,42,13,82.9,76.6,388.7,75.5,77.8,-0.021,LOW,75.7,HIGH,1
82.4,0,6,-0.259,35,8,78.9,72.2,428.7,82.8,77.2,0.181,LOW,79.0,HIGH,1
98.7,0,3,-0.15,40,1,98.0,92.1,10.0,89.3,64.4,-0.078,LOW,70.3,HIGH,-1
67.4,3,8,-0.06,30,14,61.0,82.0,338.8,81.7,67.6,0.36,MEDIUM,74.0,HIGH,1
54.9,5,4,-0.796,31,25,61.6,55.6,330.6,53.3,53.6,0.205,HIGH,62.6,MEDIUM,1
74.2,0,0,-0.199,30,11,56.3,65.2,285.6,67.0,64.5,0.073,LOW,70.5,MEDIUM,1
76.1,0,4,0.337,40,13,67.3,74.2,373.6,80.0,70.2,0.015,LOW,73.3,MEDIUM,1
87.1,0,1,-0.358,51,8,66.1,74.6,343.8,78.8,72.8,0.095,MEDIUM,72.6,MEDIUM,1
89.0,0,2,-0.129,41,5,83.3,79.1,443.9,74.7,82.4,0.29,LOW,75.0,HIGH,1
90.4,0,2,0.282,49,5,90.2,81.7,428.2,87.3,99.9,-0.002,LOW,92.2,HIGH,1
44.2,3,3,-0.583,25,32,66.3,75.7,271.7,65.8,78.2,0.217,HIGH,66.7,MEDIUM,1
65.9,0,3,0.007,34,18,77.1,76.3,302.3,70.6,69.6,0.183,LOW,84.2,MEDIUM,1
62.7,1,3,-0.167,32,19,58.4,82.5,270.2,67.9,83.4,-0.359,LOW,73.1,MEDIUM,1
91.8,0,5,0.022,38,3,98.0,72.0,366.4,79.7,85.6,0.354,LOW,87.2,HIGH,1
65.7,0,5,-0.82,34,17,71.1,76.0,296.8,78.3,69.5,-0.024,MEDIUM,73.3,MEDIUM,1
92.0,0,0,0.107,41,4,57.4,96.5,335.9,87.6,67.7,-0.273,LOW,80.6,HIGH,1
93.0,0,0,-0.37,37,3,88.3,81.4,383.3,71.7,82.1,0.267,LOW,93.2,HIGH,1
59.1,4,4,-0.766,24,16,54.8,67.0,264.2,64.0,56.5,0.006,HIGH,60.5,MEDIUM,1
72.7,3,3,0.219,39,15,68.5,69.1,421.1,71.4,72.9,-0.227,MEDIUM,70.2,HIGH,1
80.2,1,1,0.183,44,11,78.3,79.2,431.0,80.2,83.1,0.22,LOW,74.0,HIGH,1
90.8,0,0,-0.503,42,4,85.2,65.0,463.0,78.6,77.4,-0.008,LOW,80.7,HIGH,1
61.1,2,1,-0.333,32,21,78.3,73.4,299.3,73.9,72.6,0.0,MEDIUM,73.0,MEDIUM,1
90.8,0,5,0.242,53,5,82.8,80.8,402.4,82.7,83.0,0.126,LOW,81.3,MEDIUM,1
71.8,1,1,0.179,42,16,86.8,56.1,343.5,64.9,76.4,-0.418,LOW,70.5,MEDIUM,1
83.0,0,2,0.16,43,9,71.6,84.5,317.0,84.0,64.6,0.123,LOW,70.0,MEDIUM,1
96.1,0,4,0.022,49,2,96.0,95.9,434.1,78.1,99.4,0.23,LOW,91.3,HIGH,1
82.1,0,0,0.422,33,7,60.6,75.5,356.5,74.7,65.4,0.058,LOW,66.3,MEDIUM,1
67.5,0,0,-0.2,34,17,53.1,71.1,342.6,67.2,68.5,0.045,MEDIUM,59.9,MEDIUM,1
80.1,0,2,0.439,34,9,81.0,62.3,376.4,70.3,67.3,0.394,LOW,73.6,MEDIUM,1
81.5,0,0,0.113,44,10,61.2,64.2,249.8,64.1,64.7,-0.359,LOW,70.4,MEDIUM,1
77.0,8,4,-0.95,42,13,84.2,76.9,334.8,77.4,87.4,0.176,MEDIUM,81.1,HIGH,-1
87.4,0,6,0.152,47,7,83.5,62.6,371.9,72.8,83.4,0.109,LOW,73.2,MEDIUM,1
85.1,1,2,-0.303,40,7,89.7,71.5,330.8,66.0,81.4,-0.33,LOW,80.5,HIGH,1
83.9,0,1,0.228,49,9,85.4,64.6,365.3,69.9,69.0,0.017,LOW,75.0,MEDIUM,1
62.6,3,4,0.32,34,20,98.0,64.0,10.0,66.2,76.4,0.226,MEDIUM,76.7,MEDIUM,-1
95.0,0,1,0.119,54,3,95.4,91.2,409.0,98.3,86.8,0.173,LOW,92.6,HIGH,1
80.6,0,2,0.071,40,10,78.1,74.7,398.4,89.3,72.5,-0.015,LOW,79.3,HIGH,1
89.9,0,2,0.371,43,5,79.0,89.3,396.3,85.6,75.4,-0.139,LOW,88.0,HIGH,1
60.7,0,3,-0.173,24,16,78.8,65.8,356.3,74.7,83.8,0.052,LOW,73.3,HIGH,1
96.0,1,2,0.814,46,2,98.0,91.7,379.4,98.1,90.8,-0.017,LOW,97.6,HIGH,1
73.8,1,2,0.088,38,13,68.8,68.1,356.5,76.1,70.3,0.121,LOW,70.3,HIGH,1
93.2,0,5,0.196,38,3,95.2,95.9,398.0,83.8,86.2,-0.149,LOW,91.5,HIGH,1
82.4,0,4,0.411,41,9,73.6,71.9,418.3,81.7,80.6,-0.017,LOW,76.6,HIGH,1
64.9,3,1,-0.688,34,19,63.4,70.6,256.2,63.9,68.1,0.262,HIGH,67.0,MEDIUM,1
90.3,0,2,0.314,37,4,87.5,64.2,450.6,83.5,88.6,0.322,LOW,79.7,HIGH,1
56.3,3,2,-0.381,30,24,72.9,74.2,300.4,65.7,68.6,-0.222,MEDIUM,70.1,MEDIUM,1
80.3,0,3,0.009,46,11,82.2,60.9,387.3,70.3,75.6,-0.292,LOW,78.4,HIGH,1
92.6,0,5,0.33,49,4,83.3,90.5,411.6,93.1,80.8,-0.514,LOW,85.7,HIGH,1
58.4,2,2,-0.458,30,21,66.5,60.3,225.2,75.4,62.2,-0.073,MEDIUM,56.4,MEDIUM,1
72.3,1,0,0.029,35,14,55.8,60.6,340.1,71.9,65.0,0.454,MEDIUM,67.1,MEDIUM,1
95.9,0,0,0.055,51,2,84.5,84.5,408.8,100.0,84.8,0.158,LOW,87.4,HIGH,1
75.4,0,4,0.075,41,13,89.1,64.5,425.4,64.2,75.0,0.237,LOW,77.6,HIGH,1
87.6,0,2,-0.108,39,5,92.8,86.3,431.2,80.6,78.1,0.034,LOW,93.7,HIGH,1
89.2,0,2,0.267,37,4,72.4,76.1,417.6,79.3,74.3,0.184,LOW,76.1,HIGH,1
95.3,0,3,-0.256,43,2,90.0,82.0,416.2,81.8,84.5,-0.1,LOW,86.8,HIGH,1
81.0,0,3,-0.464,41,10,81.5,73.8,397.0,83.6,87.0,0.063,LOW,78.9,HIGH,1
81.9,0,1,0.011,34,7,96.3,61.4,429.3,67.9,92.8,0.166,LOW,88.8,MEDIUM,1
64.3,0,3,-0.09,28,15,78.5,71.8,370.5,64.9,80.2,0.347,LOW,71.9,MEDIUM,1
92.1,0,1,0.269,42,4,85.2,76.5,442.9,71.2,85.9,0.139,LOW,78.3,HIGH,1
91.3,0,1,0.193,50,5,89.1,73.7,460.2,80.9,79.5,0.015,LOW,83.8,HIGH,1
76.5,0,3,-0.002,31,9,65.2,72.1,309.2,83.5,71.1,-0.233,LOW,74.5,MEDIUM,1
89.4,0,0,0.22,36,4,83.4,98.8,395.5,94.9,93.1,-0.052,LOW,87.5,HIGH,1
94.0,0,2,0.058,50,3,98.0,71.0,416.7,97.3,86.5,0.136,LOW,87.7,HIGH,1
82.6,0,1,0.079,41,9,77.3,58.6,388.4,80.3,78.0,-0.043,LOW,78.6,HIGH,1
84.4,0,1,-0.659,43,8,72.8,85.2,361.7,91.9,75.5,-0.238,LOW,80.7,MEDIUM,1
76.7,0,0,-0.034,38,12,88.8,69.5,346.4,88.9,81.8,0.175,LOW,75.9,HIGH,1
83.5,0,2,-0.491,38,7,72.9,71.1,347.4,82.0,78.2,0.008,LOW,81.7,HIGH,1
49.5,2,3,0.385,25,26,49.0,55.3,242.4,47.5,44.1,-0.167,MEDIUM,45.6,LOW,1
80.7,0,2,0.358,41,10,94.0,86.2,382.7,86.7,87.2,-0.527,LOW,88.4,HIGH,1
48.2,6,0,0.109,24,25,53.9,61.5,213.8,63.1,75.8,0.03,HIGH,62.9,MEDIUM,1
77.2,0,2,-0.053,36,11,73.0,66.5,351.8,71.0,60.9,-0.079,LOW,69.4,MEDIUM,1
97.0,0,2,0.076,57,2,80.9,84.2,418.5,81.6,88.9,0.647,LOW,88.9,HIGH,1
75.9,8,1,-0.95,44,14,96.1,77.6,357.6,81.7,84.4,0.365,LOW,94.3,MEDIUM,-1
87.5,0,6,-0.246,40,6,54.7,76.3,329.9,78.9,57.2,-0.259,LOW,65.7,HIGH,1
74.7,0,1,0.021,40,13,79.6,76.2,412.0,72.5,75.6,0.319,LOW,77.6,HIGH,1
88.2,0,4,-0.066,38,5,64.1,83.0,300.1,100.0,60.5,0.044,LOW,81.2,HIGH,1
87.6,0,2,0.235,35,5,91.8,56.6,411.2,83.4,74.7,0.281,LOW,81.2,MEDIUM,1
87.9,0,5,0.219,41,6,72.5,95.2,446.1,76.7,88.1,0.697,LOW,87.1,HIGH,1
46.3,3,2,-0.369,20,24,55.0,64.3,236.6,80.0,69.9,-0.11,HIGH,63.6,MEDIUM,1
73.9,3,4,0.349,35,12,69.0,56.3,372.7,69.4,59.3,-0.091,MEDIUM,60.6,MEDIUM,1
89.6,0,3,-0.247,42,5,81.1,89.3,331.8,92.8,81.9,-0.217,LOW,89.6,HIGH,1
61.0,0,0,-0.627,28,18,54.3,83.9,212.2,81.3,68.3,0.237,MEDIUM,63.1,MEDIUM,1
75.4,0,1,0.252,44,14,85.6,76.6,366.3,86.1,87.5,0.225,LOW,78.0,MEDIUM,1
57.5,4,3,-0.087,25,18,56.5,64.1,243.1,71.1,71.0,0.462,HIGH,63.2,MEDIUM,1
89.3,0,2,0.354,53,6,74.7,89.3,410.1,81.1,76.9,0.179,LOW,79.3,HIGH,1
77.0,1,1,-0.332,35,10,61.5,72.1,349.2,79.8,66.6,-0.334,LOW,70.3,HIGH,1
27.0,3,2,-0.5,14,37,98.0,47.5,10.0,53.6,50.0,0.394,HIGH,49.6,MEDIUM,-1
90.6,0,4,0.19,52,5,78.2,79.7,421.8,93.2,75.3,0.1,LOW,78.8,HIGH,1
94.7,0,4,0.197,48,3,98.0,85.9,427.2,79.1,89.6,-0.043,LOW,88.8,HIGH,1
71.4,8,2,-0.95,41,16,34.0,74.0,300.4,79.7,45.8,-0.206,LOW,53.9,MEDIUM,-1
83.9,0,3,-0.207,35,7,86.7,80.6,385.3,88.3,87.9,0.255,LOW,86.5,MEDIUM,1
72.2,2,5,0.741,35,14,56.9,56.1,263.3,60.3,73.5,-0.328,MEDIUM,70.9,MEDIUM,1
71.1,3,3,0.255,33,13,61.8,66.1,350.9,75.4,57.1,0.475,MEDIUM,59.9,MEDIUM,1
88.5,0,0,0.45,37,5,79.2,89.9,411.9,84.8,81.1,0.015,LOW,80.5,HIGH,1
69.3,3,4,-0.068,40,18,77.7,64.4,311.4,63.8,73.2,-0.531,MEDIUM,74.5,MEDIUM,1
83.1,0,3,-0.122,43,9,98.0,61.2,467.0,65.8,95.8,0.113,LOW,80.7,HIGH,1
64.9,1,2,-0.417,28,15,58.5,89.2,272.6,74.7,67.6,0.083,MEDIUM,69.5,MEDIUM,1
93.0,0,5,0.101,46,3,98.0,99.0,10.0,98.2,82.5,-0.028,LOW,88.4,HIGH,-1
88.8,0,2,-0.357,40,5,71.8,93.3,375.2,68.8,79.4,0.473,LOW,85.0,HIGH,1
93.4,0,2,-0.389,37,3,77.0,81.5,332.7,75.5,85.5,0.292,LOW,81.4,HIGH,1
89.9,0,2,-0.085,40,5,92.5,85.7,488.7,81.4,96.5,-0.32,LOW,86.4,HIGH,1
78.4,1,1,0.31,37,10,75.2,66.8,401.1,82.6,69.8,0.171,LOW,76.1,HIGH,1
83.8,0,3,-0.097,45,9,98.0,73.4,10.0,77.3,84.1,0.244,LOW,89.0,HIGH,-1
64.2,0,4,-0.271,30,17,83.5,60.3,230.7,75.0,80.6,-0.095,LOW,73.3,MEDIUM,1
86.1,1,0,0.055,39,6,86.5,85.8,310.2,80.5,94.9,-0.057,LOW,83.1,MEDIUM,1
81.2,1,2,0.403,47,11,71.5,99.0,401.3,74.8,69.2,0.012,LOW,85.3,HIGH,1
69.1,1,1,-0.123,37,16,47.9,69.2,337.7,59.0,54.8,-0.356,MEDIUM,62.2,MEDIUM,1
36.5,4,2,0.006,15,26,52.1,66.7,162.0,51.7,59.2,-0.069,HIGH,53.1,LOW,1
93.3,0,7,0.45,43,3,72.6,94.0,409.8,76.9,66.1,0.03,LOW,81.6,HIGH,1
92.2,0,2,-0.196,43,4,80.3,84.9,398.7,86.6,77.9,0.304,LOW,90.3,HIGH,1
95.1,0,2,-0.525,47,2,78.7,89.7,357.9,100.0,82.7,-0.14,LOW,90.5,HIGH,1
68.5,1,3,-0.373,36,16,64.8,73.9,298.9,61.3,62.3,0.039,MEDIUM,71.2,MEDIUM,1
80.0,1,2,0.44,47,12,74.8,86.1,436.8,87.8,68.9,-0.217,LOW,85.3,HIGH,1
89.5,0,2,0.308,36,4,58.8,65.3,326.9,88.6,64.9,-0.169,LOW,72.6,HIGH,1
91.2,0,0,-0.013,44,4,74.6,84.0,320.3,81.9,80.3,-0.175,LOW,76.8,MEDIUM,1
44.2,4,1,0.326,22,27,72.3,60.3,250.1,54.6,64.5,-0.109,MEDIUM,57.1,MEDIUM,1
91.8,0,1,0.333,54,5,93.0,80.5,299.7,73.7,91.4,0.054,LOW,87.4,HIGH,1
82.0,0,2,-0.081,34,7,75.7,70.1,357.8,65.0,57.6,0.143,LOW,72.0,MEDIUM,1
85.7,0,1,0.45,51,8,57.9,93.0,285.6,88.0,74.2,0.257,LOW,75.0,MEDIUM,1
64.6,0,4,-0.725,32,18,63.7,71.3,263.6,87.7,77.1,-0.298,MEDIUM,70.1,MEDIUM,1
95.1,0,3,0.199,42,2,76.0,94.5,411.9,86.3,90.7,0.12,LOW,86.6,HIGH,1
74.3,1,3,-0.059,42,15,74.2,75.9,287.0,80.1,75.5,-0.354,LOW,72.1,MEDIUM,1
81.1,8,1,-0.95,37,9,77.4,88.0,327.8,75.3,88.6,-0.652,LOW,76.3,HIGH,-1
75.1,0,2,0.282,32,10,78.5,80.2,417.0,72.0,77.9,0.113,LOW,77.3,HIGH,1
78.6,0,2,0.378,43,12,57.6,74.0,339.0,67.7,71.4,0.07,LOW,75.2,HIGH,1
94.5,0,4,0.134,51,3,59.7,95.7,386.5,85.2,65.3,0.275,LOW,82.2,HIGH,1
81.2,0,2,0.034,38,9,70.3,82.8,383.9,81.5,75.0,-0.234,LOW,80.8,HIGH,1
82.1,0,2,-0.416,48,11,63.5,76.0,351.4,64.7,79.8,-0.092,LOW,75.0,MEDIUM,1
63.9,1,3,-0.718,28,16,69.2,51.8,352.7,60.2,67.9,0.122,MEDIUM,61.7,MEDIUM,1
93.3,0,3,-0.672,39,3,82.5,88.5,430.8,70.8,89.7,-0.06,LOW,89.2,HIGH,1
84.5,1,1,0.15,37,7,62.3,98.3,312.3,84.3,78.2,-0.05,LOW,79.1,HIGH,1
69.8,1,2,0.027,34,14,73.3,79.8,350.6,64.9,74.5,0.1,LOW,74.8,MEDIUM,1
75.0,0,3,-0.616,41,14,80.8,77.0,296.6,87.1,88.3,0.271,LOW,82.6,HIGH,1
85.7,0,2,0.416,45,8,97.2,71.2,299.5,79.3,81.6,0.358,LOW,87.0,HIGH,1
90.3,0,3,0.517,51,6,66.5,64.0,427.7,75.1,61.8,0.207,LOW,69.2,HIGH,1
90.4,0,5,0.155,42,4,77.8,90.3,386.7,76.2,84.5,-0.195,LOW,82.1,HIGH,1
66.4,0,1,0.212,36,18,61.0,73.6,351.5,70.6,79.3,-0.254,LOW,73.9,HIGH,1
78.8,0,1,0.087,37,10,97.1,64.2,391.4,69.9,73.3,0.724,LOW,79.2,MEDIUM,1
87.1,0,0,-0.277,37,5,57.5,76.1,379.7,82.2,57.0,-0.098,LOW,77.0,HIGH,1
67.9,0,2,-0.349,34,16,77.9,67.5,385.9,67.3,76.1,-0.064,LOW,74.3,HIGH,1
90.5,1,6,0.581,53,6,75.3,85.9,330.6,79.3,82.2,0.027,LOW,85.5,HIGH,1
94.5,0,3,-0.084,54,3,70.1,83.1,408.5,85.8,77.6,-0.371,LOW,79.0,HIGH,1
71.6,2,4,0.226,39,15,68.4,83.3,359.0,65.1,76.0,-0.221,MEDIUM,72.2,HIGH,1
67.2,1,4,-0.087,33,16,98.0,89.3,10.0,55.4,73.6,0.152,LOW,66.6,HIGH,-1
81.2,0,2,0.453,34,8,53.1,81.0,271.8,72.3,62.6,-0.374,LOW,73.1,MEDIUM,1
78.5,0,2,-0.459,42,12,71.1,54.4,350.5,56.7,67.8,-0.143,MEDIUM,66.2,MEDIUM,1
71.6,1,1,0.516,32,13,67.0,80.1,358.5,84.9,84.1,-0.274,LOW,75.4,HIGH,1
77.9,0,5,-0.184,39,11,54.9,82.4,352.3,89.3,75.1,-0.144,LOW,70.6,HIGH,1
76.1,0,6,0.555,38,12,83.0,82.8,435.7,84.2,96.4,-0.071,LOW,86.0,HIGH,1
59.1,5,1,-0.359,34,24,52.4,81.7,300.6,70.3,64.8,0.229,HIGH,62.5,MEDIUM,1
82.9,0,4,-0.008,35,7,91.6,89.3,364.9,75.7,83.9,0.237,LOW,86.8,HIGH,1
71.6,0,1,0.331,37,15,63.8,76.0,363.5,73.7,63.0,0.027,LOW,72.8,MEDIUM,1
72.9,0,2,0.491,34,13,45.6,53.3,340.1,57.7,52.9,-0.032,LOW,56.9,MEDIUM,1
60.6,1,1,-0.392,30,20,83.4,73.6,285.4,62.3,83.8,-0.352,MEDIUM,78.2,MEDIUM,1
61.8,0,1,-0.335,31,19,50.9,76.9,384.0,64.0,73.1,-0.377,MEDIUM,61.3,MEDIUM,1
78.1,1,2,-0.082,41,11,66.8,92.8,449.2,89.9,69.0,0.082,LOW,82.7,HIGH,1
94.5,0,3,-0.073,40,2,73.6,96.2,373.5,88.8,75.2,0.329,LOW,85.4,HIGH,1
39.6,2,3,-0.101,18,27,48.2,71.2,161.1,38.5,65.7,0.062,MEDIUM,48.8,LOW,1
78.5,0,3,0.073,38,11,76.2,68.2,314.8,66.8,67.0,0.045,LOW,75.7,MEDIUM,1
78.7,0,0,0.477,46,12,88.3,77.3,328.3,76.3,84.5,0.523,LOW,79.2,HIGH,1
80.3,0,1,-0.108,41,10,50.9,56.6,269.0,70.7,66.9,0.195,LOW,62.8,MEDIUM,1
70.7,2,4,0.326,37,16,68.0,62.6,302.3,56.0,73.7,-0.306,MEDIUM,63.3,MEDIUM,1
75.2,1,1,0.313,38,12,85.0,76.8,317.0,80.8,83.2,-0.288,LOW,81.6,MEDIUM,1
85.6,1,0,0.016,42,7,78.4,75.3,447.3,87.3,81.1,-0.104,LOW,80.3,HIGH,1
88.8,0,6,0.024,37,5,82.9,78.0,327.4,85.0,67.4,-0.263,LOW,79.4,HIGH,1
72.9,1,4,0.246,38,14,84.1,88.0,371.2,79.6,96.2,-0.14,LOW,93.1,HIGH,1
88.5,1,3,-0.108,50,7,60.9,53.2,349.3,75.9,48.0,0.015,LOW,60.3,HIGH,1
85.5,1,2,-0.009,44,8,79.7,87.9,399.7,87.3,78.6,-0.301,LOW,82.3,HIGH,1
83.0,1,4,-0.291,44,9,86.3,94.2,382.0,78.1,83.3,0.009,LOW,83.4,HIGH,1
70.9,2,7,-0.173,38,15,75.8,75.6,346.9,81.3,76.6,0.067,MEDIUM,78.1,MEDIUM,1
64.3,1,2,-0.56,30,16,60.0,71.3,351.2,78.0,61.3,0.587,MEDIUM,69.0,MEDIUM,1
90.5,0,2,-0.181,46,5,58.7,90.5,340.7,73.4,64.6,-0.028,LOW,77.2,HIGH,1
65.2,1,6,-0.777,28,15,71.1,72.6,255.4,58.2,66.8,-0.098,MEDIUM,70.9,MEDIUM,1
84.4,0,1,-0.395,46,9,70.4,73.5,364.8,80.0,93.8,0.485,LOW,80.6,HIGH,1
91.9,0,3,0.361,53,5,88.1,95.7,378.4,92.4,88.0,-0.357,LOW,90.2,HIGH,1
75.0,0,2,0.058,37,12,63.0,59.7,346.7,76.1,65.0,0.639,LOW,62.0,MEDIUM,1
92.3,0,5,0.474,51,4,97.7,76.8,399.3,90.0,95.2,0.101,LOW,87.5,HIGH,1
71.0,8,1,-0.95,31,13,82.9,67.7,319.1,74.7,78.8,0.301,LOW,73.9,MEDIUM,-1
85.5,0,5,-0.039,47,8,62.7,77.1,411.2,79.5,60.2,-0.073,LOW,75.3,HIGH,1
68.0,0,2,-0.528,27,13,88.8,67.3,439.8,61.5,87.6,-0.328,LOW,77.0,MEDIUM,1
85.7,0,4,0.146,38,6,61.8,61.9,319.7,81.2,62.8,-0.287,LOW,68.9,MEDIUM,1
64.7,0,3,-0.383,34,18,74.6,78.0,325.6,77.6,71.5,0.133,LOW,77.6,MEDIUM,1
82.5,0,3,0.291,43,9,73.2,85.5,348.4,89.5,69.9,0.503,LOW,85.3,HIGH,1
71.6,0,2,-0.497,30,12,98.0,68.1,10.0,60.6,69.3,-0.264,LOW,71.7,MEDIUM,-1
83.7,0,4,0.201,47,9,90.0,84.7,379.7,91.5,100.0,0.067,LOW,88.4,HIGH,1
66.8,1,1,0.227,39,19,72.7,84.4,353.5,84.1,75.4,-0.36,MEDIUM,70.3,HIGH,1
88.1,0,6,-0.019,39,5,64.0,78.5,325.0,74.0,59.2,0.324,LOW,74.5,HIGH,1
69.8,0,2,-0.066,31,13,63.7,80.2,369.7,76.6,69.3,0.101,LOW,72.1,HIGH,1
76.5,0,0,-0.268,41,13,79.0,72.4,353.5,78.1,87.5,-0.396,LOW,78.9,MEDIUM,1
72.9,0,2,-0.08,36,13,84.3,80.0,430.8,83.7,87.5,0.078,LOW,79.5,HIGH,1
86.8,0,6,-0.163,44,7,88.6,99.0,472.1,87.9,85.6,0.132,LOW,91.8,HIGH,1
77.6,8,5,-0.95,39,11,71.3,83.1,359.9,77.1,65.7,0.302,LOW,76.7,MEDIUM,-1
89.9,1,5,0.689,36,4,75.7,77.7,372.3,81.8,90.4,0.126,LOW,80.0,HIGH,1
82.0,0,2,-0.047,34,8,98.0,77.3,376.6,71.2,84.1,-0.747,LOW,80.6,HIGH,1
87.2,0,4,0.49,37,6,89.4,73.7,419.4,79.5,74.1,-0.524,LOW,82.5,HIGH,1
64.9,2,1,-0.075,38,20,65.1,69.6,330.2,73.1,68.3,0.138,MEDIUM,70.7,MEDIUM,1
88.7,0,2,-0.015,52,7,79.8,74.0,375.2,85.2,76.1,-0.454,LOW,79.2,HIGH,1
74.4,8,0,-0.95,31,11,59.6,72.8,289.5,71.7,71.3,0.849,LOW,68.2,MEDIUM,-1
65.9,2,4,-0.424,38,19,63.9,51.0,266.8,67.0,70.3,0.074,MEDIUM,63.3,MEDIUM,1
53.1,6,1,-0.444,22,20,54.6,59.6,310.5,61.5,55.3,0.161,HIGH,60.2,MEDIUM,1
80.5,0,2,-0.207,37,9,70.7,75.0,309.5,77.3,62.1,-0.118,LOW,69.1,HIGH,1
88.6,0,3,0.366,35,5,92.7,95.3,383.5,100.0,93.6,0.064,LOW,91.6,HIGH,1
74.6,1,2,-0.186,43,15,57.0,82.8,326.0,80.1,69.2,0.647,MEDIUM,64.7,HIGH,1
90.5,0,3,0.057,52,5,77.9,81.0,428.0,82.6,96.7,-0.045,LOW,82.7,HIGH,1
81.9,0,2,-0.004,34,7,64.6,64.6,362.8,74.8,58.3,0.164,LOW,61.1,HIGH,1
49.0,3,4,-0.407,25,26,62.5,61.4,219.8,59.3,73.8,0.216,HIGH,59.4,MEDIUM,1
77.7,1,2,0.032,44,12,90.1,71.6,359.5,73.1,95.1,-0.225,LOW,87.5,HIGH,1
48.3,6,3,-0.376,20,22,67.7,55.0,242.8,62.0,55.3,0.05,HIGH,57.7,MEDIUM,1
68.7,2,5,0.226,35,16,72.0,78.7,371.7,74.7,70.2,0.102,MEDIUM,73.8,MEDIUM,1
98.7,1,1,0.232,50,1,96.5,78.7,473.2,94.4,90.8,0.352,LOW,88.3,HIGH,1
89.6,0,4,0.127,40,5,90.6,77.9,361.2,81.0,82.7,-0.091,LOW,87.7,HIGH,1
59.3,5,3,-0.374,29,20,59.5,52.8,277.8,73.4,61.2,-0.402,HIGH,58.9,MEDIUM,1
88.7,0,4,-0.276,40,5,58.8,80.8,368.0,82.7,70.2,0.372,LOW,71.9,HIGH,1
64.4,0,3,-0.438,34,19,81.2,77.8,274.5,72.3,81.6,0.057,MEDIUM,81.2,MEDIUM,1
92.1,0,3,0.093,38,3,66.9,75.3,421.6,77.8,71.3,0.211,LOW,73.8,HIGH,1
87.7,0,1,0.081,44,6,64.9,90.2,376.4,89.0,76.2,0.182,LOW,83.3,HIGH,1
79.1,1,4,0.145,43,11,71.4,85.5,383.2,97.1,69.7,0.493,LOW,74.7,MEDIUM,1
94.7,8,4,-0.95,45,2,75.4,79.2,341.2,85.0,82.4,0.108,LOW,85.2,HIGH,-1
78.2,1,3,-0.035,41,11,60.0,88.1,335.4,88.1,74.9,0.299,LOW,79.0,HIGH,1
75.6,0,1,0.523,44,14,71.7,85.4,341.7,77.9,83.6,0.146,LOW,72.4,MEDIUM,1
80.5,0,2,0.039,39,10,71.7,82.5,320.9,60.5,75.3,0.026,LOW,68.2,MEDIUM,1
86.7,0,5,0.16,42,6,84.1,99.0,382.7,100.0,76.3,0.493,LOW,91.1,HIGH,1
86.1,0,6,0.07,49,8,78.2,88.7,418.9,89.1,87.8,0.331,LOW,84.4,HIGH,1
72.0,0,2,0.498,33,13,74.9,84.2,306.0,98.2,86.7,-0.157,LOW,82.1,MEDIUM,1
63.7,2,3,-0.502,27,15,98.0,68.4,10.0,68.9,60.1,0.087,MEDIUM,62.9,MEDIUM,-1
95.8,0,3,0.339,49,2,86.9,74.5,480.6,81.7,72.3,0.036,LOW,88.8,HIGH,1
90.3,0,1,0.623,49,5,75.2,74.0,321.2,80.6,71.5,0.002,LOW,80.7,HIGH,1
82.6,0,1,0.069,43,9,74.8,77.1,367.3,84.5,58.5,0.146,LOW,77.3,HIGH,1
63.4,0,4,-1.0,29,16,56.5,77.3,266.9,69.8,65.1,0.109,MEDIUM,63.3,MEDIUM,1
80.7,0,2,-0.237,38,9,64.9,74.7,370.3,73.7,73.9,-0.329,LOW,72.5,MEDIUM,1
76.6,0,1,-0.029,41,12,73.9,83.8,342.4,73.2,74.3,-0.065,LOW,80.2,HIGH,1
81.6,1,2,0.219,34,8,97.8,58.8,440.0,71.4,81.3,-0.044,LOW,81.0,MEDIUM,1
80.5,0,2,0.495,44,11,80.4,67.0,390.5,81.4,80.7,-0.132,LOW,77.7,MEDIUM,1
82.5,0,0,0.069,47,10,70.4,71.6,370.1,79.3,70.1,-0.249,LOW,70.7,MEDIUM,1
79.7,0,4,-0.032,45,11,57.2,67.4,367.3,75.3,62.3,-0.087,LOW,65.9,HIGH,1
79.5,1,2,0.3,45,12,83.2,82.4,364.7,78.9,92.8,-0.052,LOW,81.6,MEDIUM,1
78.8,8,3,-0.95,39,10,88.2,74.3,357.4,68.1,83.3,0.003,LOW,77.8,MEDIUM,-1
82.6,0,2,0.108,46,10,82.4,69.6,387.3,79.4,82.5,-0.125,LOW,84.4,HIGH,1
72.8,2,6,-0.045,40,15,76.9,79.2,331.5,70.9,78.0,0.021,MEDIUM,78.8,HIGH,1
93.8,0,2,0.591,38,3,64.9,98.9,336.5,93.7,78.0,-0.496,LOW,80.2,HIGH,1
86.8,0,3,0.157,51,8,79.9,86.1,344.2,94.0,70.6,-0.092,LOW,85.8,HIGH,1
79.2,0,1,0.453,34,9,67.5,70.0,299.2,73.0,51.7,0.365,LOW,62.8,MEDIUM,1
89.1,0,2,0.212,45,5,86.9,83.0,401.8,76.2,82.0,0.006,LOW,79.5,HIGH,1
86.3,0,2,0.436,40,6,65.3,72.1,364.5,83.4,76.1,-0.058,LOW,72.5,HIGH,1
75.0,1,2,0.355,42,14,71.6,82.2,279.6,82.5,78.4,0.012,LOW,81.0,HIGH,1
76.7,0,3,0.353,44,14,82.3,76.8,407.5,69.3,79.1,0.531,LOW,81.9,MEDIUM,1
78.2,0,3,0.239,35,10,65.5,88.5,388.3,74.6,77.1,0.339,LOW,71.6,MEDIUM,1
92.6,0,3,-0.357,45,4,76.9,82.8,388.7,88.5,75.8,0.051,LOW,82.3,HIGH,1
79.4,0,3,-0.367,34,9,85.1,78.1,411.3,86.8,86.2,-0.11,LOW,88.0,HIGH,1
86.2,0,4,-0.208,34,6,98.0,64.1,394.7,80.5,80.4,-0.155,LOW,83.6,MEDIUM,1
77.9,0,2,0.453,36,10,98.0,56.5,10.0,64.7,70.7,0.19,LOW,75.0,MEDIUM,-1
74.7,0,4,0.295,41,14,73.2,76.6,341.2,86.9,67.0,0.143,LOW,77.3,HIGH,1
74.2,0,7,0.001,42,14,64.7,57.5,317.2,64.3,56.3,-0.024,LOW,67.1,MEDIUM,1
67.6,0,5,0.188,30,14,66.1,62.2,328.5,76.6,62.9,0.345,LOW,66.4,MEDIUM,1
81.0,8,1,-0.95,40,9,83.4,80.5,405.9,89.6,92.5,-0.05,LOW,86.2,HIGH,-1
83.7,0,3,0.258,39,7,70.7,74.2,409.4,83.8,72.5,-0.186,LOW,81.9,MEDIUM,1
72.4,8,1,-0.95,38,14,65.8,61.7,290.2,62.8,64.9,0.042,LOW,70.4,MEDIUM,-1
90.2,0,3,0.279,41,5,64.7,74.5,451.7,90.8,79.0,-0.433,LOW,74.4,HIGH,1
72.1,3,0,-0.269,39,15,95.3,87.5,335.4,94.4,83.8,0.128,MEDIUM,84.2,MEDIUM,1
89.0,0,1,0.115,50,6,91.1,81.3,409.2,92.8,81.5,-0.241,LOW,83.6,HIGH,1
72.8,8,2,-0.95,31,11,66.6,77.5,348.3,66.8,68.0,0.075,LOW,72.0,MEDIUM,-1
73.4,1,3,0.091,32,12,88.0,74.1,356.4,64.4,84.7,0.44,LOW,74.0,MEDIUM,1
92.8,0,6,-0.114,45,4,86.1,96.8,327.5,94.4,100.0,-0.018,LOW,90.2,HIGH,1
71.6,1,4,-0.415,31,13,59.7,75.8,268.5,64.6,81.6,0.14,MEDIUM,70.6,MEDIUM,1
74.0,0,4,-0.144,34,12,65.5,79.3,319.7,78.0,70.6,-0.131,LOW,76.3,MEDIUM,1
69.5,3,3,0.028,32,14,57.7,54.4,318.7,64.5,51.9,0.247,MEDIUM,63.9,MEDIUM,1
67.6,3,4,-0.082,36,17,72.9,69.4,289.2,63.5,67.8,0.076,MEDIUM,67.9,MEDIUM,1
78.5,1,1,-0.375,42,12,98.0,73.4,410.9,83.0,85.2,-0.085,LOW,88.1,HIGH,1
59.7,2,0,-0.023,26,18,64.8,55.7,312.2,53.8,72.8,-0.437,MEDIUM,59.0,MEDIUM,1
74.2,0,2,-0.293,33,11,64.6,59.3,357.7,74.5,70.4,0.068,LOW,70.1,HIGH,1
82.8,0,0,0.043,36,7,74.4,74.2,365.9,76.8,77.7,-0.092,LOW,78.8,HIGH,1
77.1,0,5,0.344,46,13,94.0,99.0,368.6,85.8,83.8,0.403,LOW,94.9,HIGH,1
75.6,0,1,0.003,36,12,98.0,63.8,10.0,70.0,81.2,-0.492,LOW,81.7,MEDIUM,-1
83.4,0,2,-0.317,43,8,78.7,79.8,370.9,79.7,63.9,0.255,LOW,73.7,MEDIUM,1
94.6,1,3,-0.684,52,3,63.5,81.4,432.4,98.0,64.0,0.06,MEDIUM,74.5,HIGH,1
89.4,0,1,-0.184,42,5,82.6,86.2,353.6,68.4,80.1,-0.069,LOW,85.7,HIGH,1
61.7,0,1,-0.38,30,18,57.1,86.9,351.7,85.7,74.7,0.428,MEDIUM,67.3,MEDIUM,1
86.8,0,1,0.219,44,7,95.1,58.4,433.0,56.8,89.1,0.256,LOW,84.8,HIGH,1
64.0,0,2,-0.43,38,21,55.3,59.5,293.6,73.3,57.8,-0.184,MEDIUM,59.2,MEDIUM,1
90.0,0,2,-0.055,41,5,70.0,95.9,387.0,88.4,73.9,-0.233,LOW,87.2,HIGH,1
96.0,0,2,-0.055,41,2,89.9,87.0,427.3,92.5,89.9,0.246,LOW,89.7,HIGH,1
83.7,0,3,-0.113,35,7,77.8,72.9,373.8,76.4,73.0,0.282,LOW,77.5,MEDIUM,1
80.2,0,0,0.656,32,8,65.4,72.2,399.0,75.4,68.6,-0.125,LOW,73.2,HIGH,1
78.1,0,0,0.176,36,10,60.8,58.8,396.2,70.5,59.7,0.282,LOW,54.1,MEDIUM,1
85.5,0,0,-0.184,41,7,98.0,82.0,424.4,83.7,94.5,0.426,LOW,92.3,HIGH,1
96.1,0,4,-0.533,39,2,82.0,84.2,435.7,81.3,76.0,0.166,LOW,81.0,HIGH,1
77.6,0,0,0.138,36,10,75.1,75.1,312.3,65.9,72.5,0.191,LOW,75.2,MEDIUM,1
60.7,0,2,0.186,30,19,66.7,62.1,279.1,43.0,57.1,0.434,LOW,59.0,MEDIUM,1
78.0,0,1,0.253,32,9,51.9,77.4,338.1,76.9,57.7,0.025,LOW,61.0,MEDIUM,1
81.0,0,4,0.867,42,10,85.7,67.2,377.3,93.6,83.1,0.17,LOW,78.9,HIGH,1
98.3,0,4,-0.073,41,1,76.6,78.1,425.6,72.1,76.7,-0.044,LOW,83.0,HIGH,1
84.1,0,2,0.258,44,8,69.4,81.5,313.3,94.7,53.4,-0.023,LOW,76.7,HIGH,1
88.3,0,1,-0.35,43,6,79.8,75.7,401.2,82.5,77.7,0.097,LOW,77.2,HIGH,1
95.8,0,3,-0.429,49,2,57.4,83.8,458.0,86.6,67.0,-0.264,LOW,69.2,HIGH,1
79.0,0,2,0.045,33,9,53.4,71.5,292.6,80.8,69.9,0.299,LOW,64.1,HIGH,1
76.9,0,0,0.449,45,14,83.6,79.4,379.5,75.3,83.7,0.196,LOW,78.4,HIGH,1
76.4,0,2,0.605,34,11,81.2,69.2,347.1,67.9,91.0,-0.218,LOW,76.4,MEDIUM,1
67.5,2,4,-0.233,28,14,59.2,73.4,343.0,59.1,72.9,-0.342,MEDIUM,65.2,MEDIUM,1
94.0,0,4,-0.171,39,2,95.4,90.0,435.0,88.6,84.6,-0.088,LOW,96.2,HIGH,1
72.6,2,3,-0.561,39,14,98.0,72.2,10.0,71.4,98.2,0.11,MEDIUM,77.8,MEDIUM,-1
73.7,0,1,-0.081,40,14,55.6,71.1,288.0,70.1,60.1,-0.087,LOW,67.6,MEDIUM,1
87.4,0,3,0.084,50,7,82.8,75.0,410.9,87.4,77.1,0.197,LOW,77.5,HIGH,1
55.0,4,0,-0.426,32,26,56.2,62.8,256.1,59.5,52.1,-0.362,HIGH,54.7,MEDIUM,1
79.8,1,2,-0.442,39,10,45.5,90.8,415.8,89.8,55.5,-0.036,MEDIUM,71.5,HIGH,1
81.9,0,1,0.097,48,11,60.1,87.8,352.1,72.6,52.2,0.127,LOW,71.2,HIGH,1
88.5,0,2,-0.008,50,6,98.0,85.1,10.0,92.3,88.6,-0.128,LOW,85.4,HIGH,-1
94.0,1,4,0.233,53,3,71.0,77.4,318.8,93.9,81.0,-0.138,LOW,78.4,HIGH,1
36.1,8,4,-0.95,21,37,66.3,69.5,246.4,57.7,71.5,0.285,HIGH,59.0,MEDIUM,-1
72.1,0,3,-0.018,31,12,73.3,90.6,275.4,80.4,78.8,0.093,LOW,81.2,MEDIUM,1
86.1,0,2,0.098,43,7,98.0,61.0,402.4,80.0,80.7,0.184,LOW,83.4,HIGH,1
74.9,1,2,0.204,42,14,53.1,72.8,352.4,78.7,62.2,0.319,MEDIUM,62.2,MEDIUM,1
77.7,0,3,-0.051,38,11,94.3,76.7,453.1,72.9,87.3,0.04,LOW,87.6,HIGH,1
80.0,0,0,-0.138,45,11,87.9,71.6,428.3,76.7,89.3,0.083,LOW,80.6,HIGH,1
74.8,3,1,-0.239,38,13,70.5,58.4,349.0,86.6,68.6,0.26,MEDIUM,73.3,MEDIUM,1
53.0,4,3,-0.235,26,23,78.9,55.6,352.1,54.1,66.1,0.452,HIGH,63.2,MEDIUM,1
89.3,0,1,-0.025,44,5,78.2,94.0,461.9,92.8,85.9,0.217,LOW,83.4,HIGH,1
64.2,1,3,0.249,29,16,86.0,59.4,300.0,68.5,74.2,0.49,LOW,70.8,MEDIUM,1
57.6,4,1,-0.317,32,24,53.9,59.6,319.3,62.6,64.3,0.431,HIGH,62.0,MEDIUM,1
90.5,0,5,0.132,52,6,82.2,82.2,369.5,93.8,82.4,-0.395,LOW,85.4,HIGH,1
82.1,0,1,0.368,34,7,74.8,76.8,359.5,92.1,87.8,0.249,LOW,79.4,HIGH,1
94.6,1,1,0.405,41,2,66.8,77.3,403.7,96.0,72.7,-0.16,LOW,74.8,HIGH,1
94.3,0,2,-0.044,54,3,71.5,90.1,440.9,95.5,90.1,0.341,LOW,97.4,HIGH,1
74.3,0,2,0.654,32,11,74.8,80.9,339.2,88.3,77.3,0.348,LOW,78.7,MEDIUM,1
89.5,0,3,0.729,40,5,77.5,71.5,346.5,71.1,81.5,0.234,LOW,84.2,HIGH,1
89.2,1,1,-0.011,47,6,83.4,67.0,328.0,64.0,77.6,-0.36,LOW,81.6,MEDIUM,1
51.7,2,6,-0.259,24,22,50.6,67.7,242.9,41.6,53.8,0.101,MEDIUM,51.9,MEDIUM,1
73.1,2,3,0.184,37,14,59.2,72.2,378.3,68.9,58.1,0.337,MEDIUM,68.5,MEDIUM,1
94.7,0,1,-0.142,39,2,75.7,87.2,379.5,100.0,82.2,0.098,LOW,84.6,HIGH,1
90.9,0,4,0.072,52,5,83.4,80.4,447.2,85.7,86.2,0.078,LOW,85.5,HIGH,1
92.8,0,2,-0.208,48,4,78.9,76.5,369.2,76.2,72.5,-0.134,LOW,83.4,HIGH,1
81.3,0,3,0.069,42,10,70.5,74.6,362.7,96.8,67.3,0.094,LOW,78.1,MEDIUM,1
89.2,0,4,0.042,39,5,87.7,93.6,416.2,81.4,98.6,-0.177,LOW,86.6,HIGH,1
89.0,0,2,0.201,41,5,84.9,73.2,431.1,72.9,90.5,0.163,LOW,81.8,HIGH,1
84.9,0,4,0.247,43,8,82.9,76.1,343.9,74.4,85.3,-0.061,LOW,86.3,MEDIUM,1
80.9,0,1,0.074,43,10,74.6,62.8,351.8,79.2,75.9,-0.381,LOW,69.0,HIGH,1
81.5,0,0,0.477,33,7,67.2,61.6,399.2,62.2,74.2,-0.343,LOW,71.2,HIGH,1
93.9,0,4,-0.194,46,3,66.9,69.9,329.8,84.6,79.2,0.018,LOW,75.9,HIGH,1
95.3,0,7,-0.026,46,2,78.7,64.8,433.5,69.7,79.1,-0.101,LOW,73.9,HIGH,1
74.9,0,2,-0.12,37,12,73.8,61.7,298.2,73.7,78.9,0.21,LOW,69.4,HIGH,1
80.1,0,5,0.545,37,9,85.5,80.6,371.8,84.4,78.2,0.049,LOW,84.1,HIGH,1
79.8,0,2,0.035,44,11,71.5,82.7,358.8,75.6,70.6,0.397,LOW,74.1,HIGH,1
89.0,0,2,0.038,45,6,65.3,67.6,343.5,75.6,73.8,0.479,LOW,76.1,MEDIUM,1
75.0,1,1,0.484,38,13,56.2,61.4,353.3,53.0,53.4,0.225,LOW,59.0,HIGH,1
69.6,2,4,-0.714,40,18,72.3,70.1,338.7,73.4,80.9,0.189,MEDIUM,74.9,MEDIUM,1
82.0,0,2,-0.214,43,9,85.6,99.0,408.3,86.4,83.2,-0.289,LOW,82.0,HIGH,1
89.1,0,6,0.056,51,6,63.7,73.1,341.6,71.3,72.4,-0.009,LOW,72.1,MEDIUM,1
63.7,0,6,-0.425,27,15,80.7,65.7,382.5,79.1,77.2,-0.032,MEDIUM,71.5,MEDIUM,1
57.6,3,1,0.009,26,20,50.0,78.7,299.9,70.7,56.3,0.075,MEDIUM,61.2,MEDIUM,1
82.4,1,3,-0.331,33,7,67.6,88.6,349.9,82.2,75.3,0.015,LOW,83.2,MEDIUM,1
92.3,0,1,0.274,39,3,93.5,89.0,373.2,98.5,90.7,0.039,LOW,93.8,HIGH,1
88.6,1,3,-0.201,47,6,73.5,89.9,436.5,71.0,81.5,0.041,LOW,79.6,HIGH,1
73.4,0,1,0.177,32,11,70.0,85.4,299.0,71.6,67.9,0.068,LOW,71.8,MEDIUM,1
88.4,0,2,0.364,51,7,84.0,74.5,414.0,77.1,83.5,0.298,LOW,80.0,HIGH,1
57.0,3,4,0.311,26,19,77.8,70.7,312.7,50.5,80.4,0.188,MEDIUM,76.5,MEDIUM,1
89.5,0,7,-0.351,53,6,78.7,76.3,388.5,78.3,87.3,-0.104,LOW,77.5,HIGH,1
59.0,4,2,-0.219,28,20,65.8,58.3,250.9,45.7,55.5,-0.291,HIGH,66.7,MEDIUM,1
48.6,4,0,0.036,24,26,57.2,67.3,218.2,51.8,66.8,-0.273,HIGH,53.2,MEDIUM,1
54.4,8,2,-0.95,29,25,45.5,62.2,312.0,63.9,50.5,-0.068,HIGH,50.7,MEDIUM,-1
92.8,0,2,0.214,45,3,96.8,80.4,438.5,82.4,99.3,0.42,LOW,97.7,HIGH,1
95.8,0,4,-0.11,48,2,47.8,94.8,399.8,92.7,62.3,0.119,LOW,78.9,HIGH,1
93.4,1,2,0.002,46,3,85.3,85.7,322.0,77.4,84.4,0.233,LOW,86.5,HIGH,1
95.0,0,4,-0.133,39,2,96.3,81.3,412.9,82.9,97.6,-0.213,LOW,97.6,HIGH,1
49.1,5,2,-0.068,26,27,75.1,61.1,317.8,55.9,67.4,-0.092,HIGH,68.3,MEDIUM,1
91.0,0,1,0.656,39,4,70.5,67.3,357.9,63.3,61.3,0.154,LOW,72.8,HIGH,1
78.7,0,1,0.147,32,9,79.1,82.3,293.6,84.9,58.4,0.033,LOW,77.1,HIGH,1
75.4,1,1,0.118,33,11,62.3,72.7,359.6,85.1,66.9,0.248,MEDIUM,67.3,HIGH,1
77.6,0,1,-0.542,41,12,65.6,72.6,264.2,84.3,53.4,-0.092,LOW,70.2,MEDIUM,1
91.3,0,1,0.079,49,5,98.0,97.2,10.0,76.4,82.9,0.216,LOW,89.2,HIGH,-1
71.1,3,2,0.27,41,17,71.5,80.0,344.3,82.1,72.6,-0.405,LOW,73.6,MEDIUM,1
97.6,0,2,-0.396,44,1,86.9,86.0,412.1,84.5,89.9,0.183,LOW,92.4,HIGH,1
70.4,2,0,0.149,38,16,80.5,75.6,348.4,88.0,76.5,0.64,MEDIUM,72.3,HIGH,1
87.1,0,2,0.095,46,7,91.4,90.5,404.4,84.9,80.7,0.126,LOW,93.4,HIGH,1
76.2,0,2,-0.502,36,11,70.9,72.2,379.8,83.3,69.1,0.306,MEDIUM,74.5,HIGH,1
96.1,1,2,0.225,57,2,63.1,90.6,404.7,80.2,57.3,-0.161,LOW,81.7,HIGH,1
84.8,0,1,-0.027,43,8,73.8,67.6,413.9,76.1,73.9,0.301,LOW,70.5,HIGH,1
62.5,1,3,-0.212,27,16,73.7,70.5,398.1,89.1,87.0,-0.216,MEDIUM,74.8,MEDIUM,1
82.2,8,0,-0.95,37,8,57.3,60.6,309.3,61.1,69.7,0.149,LOW,64.0,MEDIUM,-1
75.2,0,5,-0.127,38,12,66.7,75.4,332.3,76.7,62.5,0.326,MEDIUM,66.4,HIGH,1
80.7,0,0,0.203,37,9,70.4,88.9,323.9,88.7,68.5,-0.28,LOW,74.1,MEDIUM,1
83.4,0,3,-0.052,36,7,79.5,72.4,427.3,73.7,68.0,-0.192,LOW,78.6,HIGH,1
73.1,3,3,0.142,39,15,63.9,73.5,320.0,67.3,59.3,-0.284,MEDIUM,65.4,MEDIUM,1
46.8,4,4,-0.444,19,21,58.9,54.1,248.5,65.6,52.3,-0.495,HIGH,57.7,MEDIUM,1
76.9,0,2,0.424,37,11,59.6,76.9,329.7,79.2,60.7,0.441,LOW,68.0,MEDIUM,1
68.0,2,2,-0.043,40,19,74.7,59.5,299.2,81.0,74.5,0.244,MEDIUM,74.8,MEDIUM,1
54.4,4,3,-0.353,26,21,67.3,53.2,192.5,55.6,71.0,-0.206,HIGH,52.9,MEDIUM,1
79.2,0,4,0.311,40,11,98.0,80.4,406.6,81.7,83.6,-0.053,LOW,85.5,HIGH,1
93.9,0,6,-0.025,43,3,69.9,72.7,362.0,73.6,60.6,-0.481,LOW,77.0,HIGH,1
81.8,0,4,0.165,47,10,70.9,91.9,363.2,92.2,83.9,-0.199,LOW,77.5,HIGH,1
76.9,0,6,-0.154,31,9,89.2,89.3,471.0,74.7,95.3,0.356,LOW,86.0,HIGH,1
85.2,0,3,0.389,41,7,98.0,68.6,10.0,81.2,73.2,-0.518,LOW,69.7,MEDIUM,-1
83.0,0,0,0.064,38,8,98.0,99.0,393.6,85.6,91.5,-0.343,LOW,97.5,HIGH,1
80.7,0,3,-0.102,43,10,69.4,75.9,369.5,77.4,64.5,0.076,LOW,70.4,HIGH,1
78.7,0,3,0.169,31,9,56.0,75.6,354.0,77.5,70.2,0.21,LOW,72.3,MEDIUM,1
59.0,8,2,-0.95,31,21,69.7,74.9,331.1,69.2,83.4,-0.223,HIGH,66.9,MEDIUM,-1
88.7,0,3,-0.203,52,7,80.0,93.7,364.6,88.7,84.6,-0.247,LOW,88.6,HIGH,1
84.3,0,1,0.012,46,8,65.2,91.5,339.5,74.9,84.3,-0.116,LOW,76.4,HIGH,1
46.0,4,8,-0.212,20,24,50.0,81.1,270.9,69.2,59.5,-0.09,HIGH,58.9,MEDIUM,1
93.1,1,4,0.135,41,3,89.7,86.2,397.2,82.5,85.1,-0.74,LOW,88.4,HIGH,1
92.5,0,1,-0.062,49,4,65.5,85.8,417.6,90.5,82.8,-0.018,LOW,83.2,HIGH,1
80.3,0,7,0.276,43,10,83.0,80.7,352.9,84.0,82.7,-0.332,LOW,88.4,HIGH,1
93.9,0,1,-0.269,50,3,73.9,83.9,443.7,79.8,82.6,-0.155,LOW,84.1,HIGH,1
69.8,0,2,-0.33,31,13,98.0,57.6,350.8,56.3,77.2,0.152,LOW,77.4,MEDIUM,1
48.3,6,5,0.069,24,26,77.5,41.3,305.3,54.4,64.0,-0.173,HIGH,62.2,MEDIUM,1
94.3,0,2,0.273,55,3,66.8,72.5,421.5,81.4,58.9,-0.048,LOW,72.4,HIGH,1
91.6,0,2,0.482,40,4,75.9,89.6,367.1,88.7,80.5,-0.065,LOW,85.7,HIGH,1
65.8,1,1,0.426,28,15,78.6,67.7,405.8,65.1,70.4,-0.336,LOW,81.7,MEDIUM,1
77.0,1,5,-0.084,42,12,38.1,64.1,363.1,69.0,52.3,0.024,MEDIUM,57.1,HIGH,1
87.5,0,3,0.202,40,6,67.7,91.3,368.4,80.4,74.0,0.195,LOW,82.0,MEDIUM,1
75.6,0,0,-0.143,33,11,67.0,68.1,365.3,73.4,81.6,0.211,LOW,63.2,HIGH,1
80.5,0,2,-0.23,43,11,56.9,53.5,355.9,64.3,60.3,-0.101,MEDIUM,63.2,MEDIUM,1
87.0,0,3,0.23,46,7,78.7,66.9,379.8,61.3,75.9,-0.18,LOW,74.6,HIGH,1
88.4,0,5,0.109,37,5,74.2,74.2,314.0,80.4,69.7,0.07,LOW,77.2,HIGH,1
88.1,0,3,-0.02,39,5,69.0,71.7,360.9,79.7,71.2,0.558,LOW,72.9,MEDIUM,1
95.4,0,1,0.272,49,2,98.0,81.7,379.1,100.0,96.4,0.154,LOW,92.4,HIGH,1
89.1,0,6,-0.009,53,6,89.7,82.8,402.6,76.4,76.0,0.029,LOW,81.9,HIGH,1
88.5,0,1,-0.351,47,6,89.2,82.7,492.7,83.3,93.8,-0.067,LOW,87.9,HIGH,1
82.4,0,1,0.303,36,8,76.6,75.8,345.5,86.8,82.8,-0.148,LOW,76.9,HIGH,1
94.6,0,2,-0.106,41,2,86.3,92.2,359.8,91.4,89.3,-0.513,LOW,93.3,HIGH,1
85.0,0,0,0.325,47,8,98.0,89.2,444.5,90.4,100.0,0.022,LOW,87.8,HIGH,1
86.8,0,1,0.208,40,6,64.3,84.4,371.8,85.2,66.9,-0.228,LOW,79.2,HIGH,1
78.1,0,2,-0.688,33,9,61.7,85.5,407.5,80.8,59.6,-0.024,MEDIUM,68.1,HIGH,1
83.3,0,6,0.012,36,7,89.9,63.1,322.2,73.6,84.1,0.104,LOW,84.9,MEDIUM,1
89.5,1,3,-0.183,53,6,86.2,60.0,383.3,77.6,66.4,0.406,LOW,75.6,HIGH,1
87.8,0,2,0.378,40,5,72.0,69.6,332.6,85.8,63.5,-0.285,LOW,65.8,HIGH,1
54.9,3,0,-0.42,23,19,67.8,68.1,316.3,76.7,62.1,-0.199,MEDIUM,61.6,MEDIUM,1
81.4,0,5,0.355,33,7,62.1,86.5,381.1,70.5,70.7,0.288,LOW,72.0,MEDIUM,1
79.8,0,1,0.119,34,8,79.8,65.3,345.3,66.1,72.9,-0.2,LOW,81.1,HIGH,1
69.1,0,2,-0.423,32,15,61.4,74.9,333.5,82.7,60.0,-0.071,MEDIUM,64.6,MEDIUM,1
84.4,0,3,0.25,46,9,95.6,87.8,479.7,91.7,100.0,-0.262,LOW,95.5,HIGH,1
94.8,0,1,0.365,44,2,86.2,78.3,401.1,85.1,90.7,0.352,LOW,84.6,HIGH,1
68.7,0,1,-0.605,39,18,69.5,65.7,381.0,69.8,70.4,0.109,MEDIUM,66.8,MEDIUM,1
93.5,0,3,-0.359,45,3,78.4,89.6,321.1,92.3,87.8,-0.219,LOW,88.3,HIGH,1
86.4,0,2,0.077,36,6,81.9,71.0,389.6,81.4,77.4,0.329,LOW,81.7,HIGH,1
93.5,0,3,-0.021,53,4,92.0,74.3,486.6,77.6,97.8,0.424,LOW,87.2,HIGH,1
63.7,0,4,-0.106,35,20,63.5,65.6,240.4,55.6,83.4,-0.319,MEDIUM,67.9,MEDIUM,1
77.7,0,3,0.337,31,9,97.5,72.8,435.7,69.0,92.9,0.292,LOW,80.4,MEDIUM,1
81.1,0,3,-0.399,48,11,98.0,72.5,10.0,75.4,60.3,0.074,LOW,77.6,MEDIUM,-1
95.7,0,3,-0.013,53,2,89.5,54.1,403.7,75.0,79.5,-0.37,LOW,74.3,MEDIUM,1
91.6,0,1,-0.368,47,4,85.0,82.4,388.2,79.8,84.1,-0.002,LOW,83.9,HIGH,1
75.0,0,1,-0.307,34,11,44.3,88.7,287.3,95.5,62.9,0.065,MEDIUM,67.8,MEDIUM,1
79.6,0,0,-0.404,38,10,87.2,73.8,409.8,69.3,90.3,-0.44,LOW,85.3,HIGH,1
85.2,0,0,-0.014,44,8,98.0,68.2,372.5,68.9,83.2,0.568,LOW,81.3,HIGH,1
84.3,0,1,-0.375,43,8,82.0,85.1,513.7,81.4,81.7,-0.132,LOW,78.3,HIGH,1
73.8,0,2,-0.1,38,14,76.6,69.4,345.2,64.3,75.5,0.125,LOW,76.9,HIGH,1
78.3,1,3,-0.16,45,12,77.3,68.3,405.0,84.2,71.6,-0.002,MEDIUM,76.3,HIGH,1
85.7,0,4,-0.003,50,8,65.7,88.2,400.0,84.4,78.6,-0.048,LOW,80.6,HIGH,1
81.1,0,2,0.1,47,11,76.1,71.6,355.8,91.9,67.8,-0.126,LOW,78.4,HIGH,1
76.0,1,6,0.076,44,14,75.6,76.7,359.9,87.9,79.4,0.05,LOW,79.1,MEDIUM,1
76.3,0,0,-0.268,34,11,98.0,85.1,10.0,77.4,90.1,-0.254,LOW,82.2,HIGH,-1
69.5,8,2,-0.95,38,17,74.8,72.5,351.3,66.0,80.3,0.021,LOW,74.8,MEDIUM,-1
74.6,3,6,-0.027,34,12,78.8,69.5,304.3,75.7,75.8,-0.376,MEDIUM,71.3,HIGH,1
70.4,0,2,0.238,32,14,65.5,76.4,349.0,84.4,78.5,0.244,LOW,78.3,MEDIUM,1
80.1,1,9,-0.1,46,12,88.8,52.4,404.5,59.3,66.8,-0.126,MEDIUM,70.9,MEDIUM,1
64.3,1,4,-0.075,35,20,84.6,76.6,363.4,55.7,83.6,-0.023,LOW,74.9,MEDIUM,1
94.5,1,0,-0.193,53,3,85.9,74.8,423.0,79.2,100.0,0.147,LOW,86.7,HIGH,1
62.7,2,6,-0.529,36,22,70.6,69.3,261.4,61.6,81.3,0.361,MEDIUM,71.7,MEDIUM,1
80.6,0,2,0.067,44,11,67.6,76.7,321.1,85.8,75.8,0.472,LOW,73.6,HIGH,1
86.7,1,5,-0.417,48,7,85.7,82.4,416.6,74.2,90.3,0.253,MEDIUM,91.0,HIGH,1
85.8,0,5,-0.164,50,8,77.8,81.8,367.1,85.9,80.7,-0.283,LOW,83.8,HIGH,1
64.7,1,4,0.094,35,19,61.8,60.6,264.1,60.1,63.4,0.356,MEDIUM,59.3,MEDIUM,1
74.8,1,3,0.3,31,11,68.6,68.0,385.5,65.9,74.3,-0.216,LOW,74.2,HIGH,1
53.3,4,1,-0.366,29,25,63.3,56.0,257.1,62.5,66.3,-0.243,HIGH,59.4,MEDIUM,1
71.2,2,3,0.805,39,16,71.9,68.1,317.4,60.5,80.5,-0.093,LOW,71.3,MEDIUM,1
81.3,0,4,0.05,48,11,92.5,60.1,385.7,81.1,81.4,0.126,LOW,86.7,HIGH,1
78.6,0,3,0.146,35,9,67.5,48.6,364.5,68.0,64.0,0.603,LOW,57.5,MEDIUM,1
76.3,0,1,0.534,44,14,98.0,78.9,10.0,70.4,88.4,-0.041,LOW,82.4,HIGH,-1
86.6,0,5,0.197,42,7,66.2,93.9,417.0,100.0,71.6,0.728,LOW,77.3,HIGH,1
65.5,2,2,-0.344,34,18,55.2,58.5,309.6,77.5,59.3,0.236,MEDIUM,60.7,MEDIUM,1
85.5,0,2,0.309,46,8,55.3,85.3,365.1,68.1,74.1,-0.098,LOW,66.8,HIGH,1
51.3,5,0,-0.067,26,25,73.6,49.6,256.2,52.4,61.1,0.254,HIGH,62.9,MEDIUM,1
92.3,1,2,-0.119,52,4,92.6,81.2,361.9,80.9,88.3,-0.231,LOW,90.0,HIGH,1
66.2,0,3,-0.315,36,18,35.8,75.7,283.8,65.5,38.8,-0.096,LOW,57.7,MEDIUM,1
97.9,0,4,0.142,42,1,85.9,99.0,493.5,100.0,85.9,-0.174,LOW,97.3,HIGH,1
86.2,0,2,0.144,47,7,72.8,79.6,408.3,74.5,70.1,0.186,LOW,79.0,HIGH,1
80.5,0,3,-0.159,45,11,78.8,64.6,416.6,71.3,70.8,0.313,LOW,72.8,HIGH,1
83.4,0,4,0.189,42,8,77.9,77.8,380.9,77.4,89.1,0.036,LOW,78.1,HIGH,1
81.4,1,4,-0.009,44,10,73.0,78.5,401.2,60.4,61.6,-0.049,MEDIUM,66.6,HIGH,1
71.9,0,2,0.242,42,17,58.3,96.8,353.0,89.0,78.1,-0.04,LOW,75.4,MEDIUM,1
55.8,6,4,0.016,26,20,55.1,87.8,259.0,85.3,64.4,-0.438,HIGH,65.2,MEDIUM,1
80.2,1,2,-0.145,42,10,67.2,83.2,337.0,74.0,75.9,-0.082,LOW,73.1,HIGH,1
84.6,0,3,-0.01,44,8,72.7,72.2,350.0,81.5,67.6,0.039,LOW,70.6,HIGH,1
58.8,5,1,-0.194,35,24,74.1,68.1,285.6,67.1,79.4,0.568,HIGH,69.5,MEDIUM,1
86.1,0,1,0.32,51,8,98.0,66.9,342.6,82.2,83.6,-0.273,LOW,82.9,HIGH,1
88.4,0,5,-0.071,36,5,69.8,71.2,344.9,91.1,61.9,0.102,LOW,74.5,HIGH,1
83.8,0,0,0.11,41,8,84.9,89.2,357.3,83.4,85.0,-0.313,LOW,84.7,MEDIUM,1
68.5,2,4,0.234,39,18,45.6,79.6,282.7,63.7,57.5,0.12,LOW,64.2,MEDIUM,1
66.0,0,4,-0.003,39,20,47.5,75.2,348.4,89.6,53.9,0.102,MEDIUM,57.0,MEDIUM,1
80.6,0,3,0.026,35,9,77.3,71.4,382.0,75.4,75.7,0.321,LOW,74.1,HIGH,1
69.3,2,0,0.31,41,18,79.3,54.0,386.7,56.5,65.3,0.044,MEDIUM,72.2,HIGH,1
79.5,0,3,0.241,46,12,81.0,74.7,293.9,73.7,76.0,0.057,LOW,77.8,MEDIUM,1
87.3,0,3,0.623,36,5,72.8,68.7,421.8,76.4,77.5,0.125,LOW,80.0,HIGH,1
60.0,3,3,0.087,26,17,81.0,58.1,346.5,53.4,79.1,-0.037,MEDIUM,70.6,MEDIUM,1
51.5,4,1,0.607,28,27,53.6,69.4,287.6,56.2,61.2,0.063,MEDIUM,58.7,MEDIUM,1
88.9,0,3,0.543,49,6,75.0,99.0,377.8,98.1,81.5,0.01,LOW,87.1,HIGH,1
76.1,0,4,-0.036,43,13,76.5,73.2,439.8,77.0,85.9,-0.225,LOW,75.2,HIGH,1
92.1,0,1,0.342,50,4,86.6,83.4,433.5,91.3,93.9,0.186,LOW,85.2,HIGH,1
82.9,0,0,-0.17,43,9,63.0,67.0,306.9,79.8,65.9,0.43,LOW,73.3,MEDIUM,1
71.6,1,5,0.376,29,11,57.7,63.8,301.0,60.7,45.0,-0.239,LOW,62.5,MEDIUM,1
73.3,1,3,0.611,32,12,81.7,71.9,396.0,72.9,84.1,0.112,LOW,80.8,MEDIUM,1
74.6,1,3,-0.149,44,15,67.4,48.1,349.2,75.1,61.4,0.367,MEDIUM,69.9,MEDIUM,1
64.7,0,3,-0.028,26,14,76.0,58.8,334.7,64.9,68.1,-0.013,LOW,67.7,MEDIUM,1
78.5,8,1,-0.95,40,11,59.4,81.0,376.0,85.9,65.3,0.446,LOW,73.6,HIGH,-1
50.6,5,2,-0.048,27,27,55.8,79.6,267.4,71.8,75.2,0.269,HIGH,60.1,MEDIUM,1
89.5,0,2,-0.255,38,5,93.2,84.4,474.8,77.5,92.6,-0.241,LOW,93.2,HIGH,1
93.3,0,2,-0.042,54,4,95.6,74.8,498.3,91.1,89.7,-0.113,LOW,84.1,HIGH,1
83.7,0,1,0.197,46,9,70.4,65.2,346.4,85.7,67.1,0.257,LOW,70.0,HIGH,1
82.8,0,4,-0.01,47,10,51.2,74.8,389.8,78.6,70.1,-0.444,LOW,65.6,HIGH,1
62.5,3,3,-0.539,35,21,74.4,66.3,267.9,74.8,71.5,-0.187,HIGH,71.6,MEDIUM,1
78.5,1,0,0.389,39,11,76.9,67.3,360.2,74.1,86.7,0.124,LOW,74.9,MEDIUM,1
83.1,0,4,-0.093,49,10,80.5,85.3,377.3,82.7,82.8,-0.118,LOW,81.8,HIGH,1
78.2,0,1,0.09,41,11,60.0,61.9,363.6,68.6,71.3,-0.293,LOW,65.2,MEDIUM,1
86.3,1,3,0.772,41,7,76.8,71.8,367.2,70.2,69.6,0.029,LOW,76.6,HIGH,1
84.3,1,1,0.409,47,9,78.4,74.3,377.3,73.0,75.5,0.335,LOW,78.4,HIGH,1
94.9,0,4,0.114,53,3,98.0,99.0,482.0,83.9,100.0,-0.181,LOW,95.2,HIGH,1
94.0,0,1,0.22,41,3,96.5,91.3,502.1,98.9,100.0,-0.144,LOW,97.7,HIGH,1
89.5,0,5,0.187,42,5,92.7,84.8,461.3,85.0,99.2,-0.027,LOW,90.0,HIGH,1
58.6,4,2,-0.686,25,17,67.1,74.2,355.6,77.8,71.8,0.5,HIGH,68.4,MEDIUM,1
83.2,8,6,-0.95,37,8,66.2,79.7,320.4,63.4,79.5,-0.234,LOW,78.5,HIGH,-1
76.3,1,1,0.443,32,10,70.4,77.0,281.7,67.9,87.4,-0.256,LOW,76.0,MEDIUM,1
61.6,2,1,-0.274,29,18,50.7,65.7,328.2,62.0,68.4,0.119,MEDIUM,57.0,MEDIUM,1
88.9,0,4,0.325,45,6,78.2,92.2,356.5,94.7,82.2,0.411,LOW,83.7,HIGH,1
94.1,0,1,0.257,40,3,71.9,83.8,371.2,87.7,87.2,-0.164,LOW,87.0,HIGH,1
77.0,0,1,0.296,32,9,73.4,70.0,368.9,73.8,70.3,0.481,LOW,69.6,MEDIUM,1
86.9,0,2,-0.216,43,6,77.4,88.8,400.9,72.0,71.4,-0.369,LOW,79.4,HIGH,1
97.1,0,3,0.222,52,2,72.1,81.7,424.6,92.8,71.8,-0.326,LOW,84.3,HIGH,1
74.3,1,3,0.616,39,13,78.9,73.1,336.3,73.8,76.2,-0.17,LOW,75.1,HIGH,1
88.4,0,4,0.093,48,6,63.9,77.7,356.6,96.6,73.1,0.007,LOW,76.8,HIGH,1
66.5,1,2,-0.328,39,19,98.0,85.9,388.7,57.9,95.6,-0.06,LOW,84.2,MEDIUM,1
78.1,0,3,0.348,45,12,88.9,73.9,345.6,74.8,77.3,-0.199,LOW,80.7,HIGH,1
70.1,1,1,0.379,36,16,55.7,73.9,293.5,63.7,55.4,-0.554,LOW,59.9,MEDIUM,1
96.3,0,2,0.466,57,2,86.4,57.1,482.7,67.1,78.3,0.022,LOW,80.1,HIGH,1
48.9,8,2,-0.95,29,30,57.6,60.8,294.1,53.6,46.7,-0.036,MEDIUM,56.7,MEDIUM,-1
69.6,0,5,-0.089,28,12,68.1,73.1,310.3,84.6,77.8,0.017,LOW,72.4,MEDIUM,1
50.4,3,1,0.332,28,27,54.6,77.1,190.4,66.4,63.4,-0.24,MEDIUM,57.8,MEDIUM,1
47.0,4,7,-0.493,22,25,69.6,67.7,250.8,58.6,60.8,-0.068,HIGH,65.6,LOW,1
71.7,3,5,-0.315,32,13,61.5,71.7,346.0,70.3,66.2,-0.011,MEDIUM,68.7,MEDIUM,1
83.8,0,4,0.336,35,7,90.3,75.8,400.0,81.5,88.9,-0.108,LOW,89.8,HIGH,1
75.4,0,6,0.229,45,14,91.7,50.3,380.2,61.5,80.8,-0.157,LOW,71.8,MEDIUM,1
70.3,0,4,-0.024,39,16,59.8,65.1,428.7,71.5,73.1,0.155,MEDIUM,61.7,HIGH,1
89.3,0,4,-0.094,37,4,89.9,81.0,444.8,84.8,90.2,-0.328,LOW,85.6,HIGH,1
89.3,0,5,0.077,37,4,88.3,59.5,454.8,73.7,80.8,0.002,LOW,84.0,HIGH,1
93.5,0,3,0.404,50,4,58.5,85.4,390.3,89.7,67.4,-0.125,LOW,87.9,HIGH,1
83.9,1,4,0.385,41,8,97.3,90.7,456.6,78.7,88.5,-0.125,LOW,89.1,HIGH,1
74.8,8,0,-0.95,30,10,66.8,87.2,370.3,78.1,72.5,0.234,MEDIUM,81.0,HIGH,-1
55.0,2,4,-0.393,32,27,64.1,57.3,365.9,49.2,72.6,0.201,MEDIUM,59.4,MEDIUM,1
96.8,0,0,-0.653,52,2,98.0,99.0,383.9,79.2,92.3,0.065,LOW,94.4,HIGH,1
86.1,0,3,0.235,34,6,87.4,77.3,368.1,90.9,100.0,0.156,LOW,89.0,MEDIUM,1
93.2,8,3,-0.95,51,4,79.2,72.6,349.5,87.3,71.9,0.138,LOW,77.6,HIGH,-1
83.2,1,4,0.057,47,10,86.2,73.2,370.7,88.2,90.4,-0.185,LOW,80.7,HIGH,1
90.4,0,4,0.8,40,4,94.1,81.1,421.8,91.2,100.0,-0.011,LOW,91.5,HIGH,1
59.6,5,4,-0.472,26,18,65.3,44.6,353.1,51.0,49.9,-0.178,HIGH,56.7,MEDIUM,1
88.6,0,2,0.544,43,6,71.0,90.3,465.0,69.3,86.3,0.014,LOW,88.4,HIGH,1
78.8,0,1,0.329,40,11,78.5,56.3,369.6,63.1,69.9,-0.78,LOW,65.0,MEDIUM,1
81.5,0,1,0.045,40,9,66.0,74.6,357.7,81.1,59.0,-0.735,LOW,73.3,HIGH,1
88.0,0,1,-0.38,36,5,91.6,90.0,420.2,86.9,79.1,0.068,LOW,88.4,MEDIUM,1
72.9,3,3,0.517,29,11,60.8,72.6,320.8,73.5,73.0,0.35,MEDIUM,67.3,MEDIUM,1
87.6,0,1,0.117,48,7,70.2,84.6,347.4,80.8,85.0,-0.005,LOW,86.0,HIGH,1
66.7,0,4,0.291,38,19,80.4,82.8,336.2,65.4,81.1,-0.213,LOW,81.6,MEDIUM,1
76.5,1,3,0.12,35,11,73.4,82.6,327.1,91.8,89.2,-0.106,LOW,86.4,HIGH,1
59.2,2,3,0.186,25,18,69.9,69.3,294.8,71.3,58.7,0.094,MEDIUM,59.5,MEDIUM,1
66.3,0,2,-0.678,33,16,76.3,97.5,335.1,84.7,84.4,0.447,LOW,73.7,HIGH,1
72.6,2,2,-0.303,36,13,62.9,58.4,330.4,55.2,68.0,-0.858,MEDIUM,66.6,MEDIUM,1
93.4,0,2,-0.021,47,3,75.9,86.1,400.2,85.3,84.0,0.202,LOW,82.6,HIGH,1
69.3,3,4,-0.9,29,13,87.3,77.0,335.4,78.0,71.0,-0.131,MEDIUM,82.9,HIGH,1
66.1,2,0,-0.155,35,18,75.9,51.9,358.3,77.9,73.6,0.007,MEDIUM,65.7,MEDIUM,1
83.9,0,3,-0.128,44,8,72.6,71.6,410.2,85.9,72.7,-0.678,LOW,74.2,HIGH,1
62.1,3,5,-0.025,36,22,69.4,57.5,267.0,60.1,70.9,-0.166,MEDIUM,56.3,MEDIUM,1
60.8,1,3,-0.831,30,19,63.2,67.9,297.0,72.0,58.0,-0.039,HIGH,63.6,MEDIUM,1
89.8,0,0,0.446,48,6,90.3,76.5,424.3,84.5,95.3,0.108,LOW,85.3,HIGH,1
76.1,0,3,0.126,36,11,75.1,93.8,362.9,89.4,84.9,-0.415,LOW,80.8,HIGH,1
91.6,0,2,0.373,51,5,79.5,92.3,410.0,86.1,85.8,0.201,LOW,87.6,HIGH,1
64.0,0,4,-0.302,29,16,53.9,71.8,222.3,70.6,68.6,0.208,MEDIUM,65.0,MEDIUM,1
77.1,0,3,-0.4,35,11,81.3,74.3,434.6,68.8,85.6,0.324,LOW,83.1,HIGH,1
77.2,1,2,0.496,41,12,69.5,52.4,344.3,64.3,71.6,0.022,LOW,67.2,MEDIUM,1
76.7,0,3,0.325,36,11,85.1,57.3,366.0,78.2,78.8,-0.109,LOW,68.3,HIGH,1
86.4,0,2,0.388,44,7,57.1,83.2,382.8,84.6,68.6,0.553,LOW,73.9,HIGH,1
79.7,0,3,0.138,45,12,68.7,77.9,291.4,66.8,70.0,-0.358,LOW,70.9,HIGH,1
98.2,0,5,0.651,52,1,91.5,66.5,424.5,77.2,78.3,0.026,LOW,81.6,HIGH,1
85.9,0,0,0.856,34,6,77.9,84.8,366.5,88.5,79.5,0.023,LOW,89.4,HIGH,1
84.7,0,5,0.513,36,7,69.9,74.0,415.5,64.4,78.5,0.334,LOW,72.5,HIGH,1
58.4,2,2,-0.674,33,23,77.9,55.2,316.6,66.4,78.1,-0.088,MEDIUM,61.3,MEDIUM,1
38.9,3,0,-0.174,22,35,66.0,59.9,215.3,63.0,49.2,-0.067,HIGH,55.3,MEDIUM,1
85.9,1,4,-0.101,50,8,68.8,84.3,370.6,85.6,80.5,0.64,LOW,79.8,HIGH,1
87.6,0,0,-0.305,38,5,77.0,72.7,383.4,74.2,64.5,0.325,LOW,75.8,HIGH,1
80.5,0,1,0.063,36,9,63.7,82.6,309.4,67.2,69.2,0.102,LOW,73.0,HIGH,1
82.2,0,3,0.446,39,8,73.1,69.3,360.3,67.2,79.3,-0.124,LOW,76.1,HIGH,1
87.4,0,5,-0.03,47,7,76.2,74.0,430.4,92.1,72.5,0.173,LOW,75.2,HIGH,1
44.2,6,1,-0.423,26,33,51.7,34.9,260.6,45.5,46.6,0.309,HIGH,44.1,LOW,1
84.2,0,2,0.009,34,6,85.6,81.2,446.0,91.1,80.6,-0.191,LOW,88.0,HIGH,1
77.0,1,1,0.726,34,10,82.3,58.1,382.9,66.5,76.3,-0.297,LOW,74.2,HIGH,1
65.5,2,1,-0.092,36,19,81.7,59.6,347.9,59.3,67.6,0.152,MEDIUM,70.1,MEDIUM,1
85.8,0,3,-0.112,39,6,82.5,73.5,313.1,78.3,83.5,0.222,LOW,72.1,MEDIUM,1
82.9,0,3,0.625,41,8,98.0,88.3,10.0,93.5,76.4,0.228,LOW,80.2,HIGH,-1
52.4,5,5,-0.21,26,23,61.3,58.0,217.7,63.8,75.2,-0.063,HIGH,58.1,MEDIUM,1
58.5,2,1,-0.502,26,18,73.5,78.0,369.3,61.1,72.8,0.031,MEDIUM,73.7,MEDIUM,1
82.1,0,0,-0.046,39,8,77.6,61.8,372.9,66.9,83.1,0.129,LOW,84.9,HIGH,1
77.1,0,2,-0.145,31,9,83.7,79.6,382.1,66.7,81.8,0.132,LOW,81.8,MEDIUM,1
70.0,1,2,0.061,31,13,83.3,80.0,337.4,85.5,79.7,-0.03,LOW,74.6,MEDIUM,1
66.8,0,3,-0.269,27,13,51.2,69.2,244.1,70.9,60.7,-0.201,MEDIUM,67.9,MEDIUM,1
84.3,1,0,0.16,39,7,85.2,88.6,408.5,86.5,86.2,-0.072,LOW,85.9,HIGH,1
69.2,0,2,-0.41,37,17,74.3,67.8,267.7,73.2,75.1,0.435,LOW,66.8,MEDIUM,1
75.6,0,3,0.285,40,13,92.6,74.7,361.9,74.9,74.9,0.173,LOW,84.4,HIGH,1
81.4,0,4,0.581,39,9,68.5,49.1,333.9,61.5,64.7,0.071,LOW,69.9,MEDIUM,1
81.1,0,5,-0.076,38,9,89.6,71.4,359.3,60.2,79.0,-0.155,LOW,82.6,MEDIUM,1
80.5,0,2,0.489,38,9,74.2,64.9,409.7,74.6,85.0,-0.208,LOW,74.8,HIGH,1
93.8,1,1,0.161,39,3,84.3,91.5,409.5,100.0,80.6,-0.058,LOW,95.9,HIGH,1
80.6,0,6,0.055,48,11,75.6,84.5,343.0,73.4,74.4,-0.321,LOW,77.3,MEDIUM,1
80.2,0,4,0.323,34,9,95.8,87.9,345.4,67.8,87.9,0.22,LOW,95.4,HIGH,1
89.6,0,4,0.25,50,6,69.1,56.8,401.7,71.1,64.8,0.438,LOW,73.6,HIGH,1
71.5,2,2,0.294,32,13,74.0,74.0,383.2,76.1,79.1,-0.322,MEDIUM,69.1,MEDIUM,1
91.0,0,1,-0.107,37,4,94.5,84.3,425.1,77.0,84.7,-0.208,LOW,88.9,HIGH,1
79.6,0,4,-0.2,38,10,98.0,57.0,10.0,64.8,88.4,0.087,LOW,74.5,HIGH,-1
74.4,1,3,-0.532,39,14,60.4,58.9,371.7,58.4,55.0,0.035,MEDIUM,61.1,MEDIUM,1
65.5,0,1,-0.127,26,14,79.9,91.0,338.7,78.0,89.5,0.047,LOW,81.2,MEDIUM,1
81.3,0,1,-0.172,46,10,72.5,84.1,423.8,84.1,84.9,0.12,LOW,76.7,HIGH,1
64.9,0,2,-0.422,32,18,78.5,65.6,402.9,64.4,65.1,0.466,LOW,71.0,MEDIUM,1
80.2,0,2,0.071,36,9,67.1,87.1,371.0,74.6,71.4,-0.411,LOW,75.7,MEDIUM,1
83.0,0,1,-0.269,33,7,92.0,65.2,346.1,79.0,88.5,0.534,LOW,85.7,MEDIUM,1
72.7,8,1,-0.95,42,16,67.3,75.3,363.9,80.1,65.6,-0.109,LOW,68.8,HIGH,-1
76.2,0,2,0.018,42,13,84.8,81.5,381.4,76.5,86.9,-0.107,LOW,79.8,HIGH,1
87.7,0,0,0.265,50,7,78.3,65.3,332.3,79.1,69.4,0.019,LOW,72.8,MEDIUM,1
86.1,0,3,0.366,43,7,61.7,69.4,343.9,84.1,70.5,-0.154,LOW,72.0,HIGH,1
93.3,0,0,-0.437,45,3,84.6,81.6,427.0,78.2,85.5,0.652,LOW,89.6,HIGH,1
81.4,1,2,-0.006,37,8,63.2,88.4,350.8,71.4,79.2,0.077,LOW,75.8,MEDIUM,1
93.2,0,4,0.355,38,3,77.7,98.4,372.2,97.8,86.2,0.229,LOW,88.0,HIGH,1
86.9,0,3,-0.197,41,6,98.0,95.1,386.8,100.0,100.0,0.316,LOW,97.7,HIGH,1
78.9,8,4,-0.95,43,12,78.3,83.1,332.8,63.7,82.1,0.103,LOW,76.1,MEDIUM,-1
85.7,0,4,-0.164,40,7,78.7,79.2,379.2,93.6,80.8,-0.182,LOW,76.2,HIGH,1
83.7,0,1,0.223,39,8,98.0,99.0,10.0,87.6,88.9,0.14,LOW,82.3,HIGH,-1
91.7,0,3,-0.063,49,4,58.3,83.7,453.8,93.0,65.6,-0.148,LOW,73.8,HIGH,1
87.4,0,1,0.127,35,5,68.9,85.2,358.9,73.5,74.9,0.142,LOW,75.9,MEDIUM,1
47.9,4,2,0.137,22,24,51.9,73.4,140.5,59.1,57.9,-0.207,HIGH,57.8,LOW,1
89.4,0,0,0.315,37,4,68.4,71.1,341.2,86.7,68.2,-0.033,LOW,72.5,HIGH,1
88.1,0,1,-0.116,48,6,70.8,89.9,348.6,93.8,75.8,-0.1,LOW,76.5,HIGH,1
61.6,0,4,-0.089,35,22,47.8,59.1,282.9,60.9,56.0,-0.35,LOW,59.1,MEDIUM,1
74.9,0,2,0.221,32,11,67.9,83.4,314.1,77.6,72.6,-0.23,LOW,72.6,HIGH,1
67.5,0,1,0.105,38,19,46.7,81.1,363.1,70.8,65.0,0.103,LOW,62.1,HIGH,1
86.6,0,4,0.13,38,6,80.1,85.5,384.4,73.3,80.5,-0.462,LOW,83.5,HIGH,1
81.2,0,2,0.119,45,10,63.2,78.8,323.7,80.0,74.5,0.061,LOW,73.7,MEDIUM,1
81.9,0,3,0.341,43,9,73.4,91.6,345.1,83.3,85.5,0.056,LOW,81.1,HIGH,1
76.5,0,4,0.345,37,11,77.7,59.6,350.2,66.2,72.1,0.297,LOW,67.2,MEDIUM,1
74.0,2,3,1.0,33,11,58.7,68.3,354.7,61.3,52.1,-0.267,LOW,62.3,MEDIUM,1
87.6,1,0,0.564,41,6,63.9,70.8,350.7,76.4,71.1,-0.127,LOW,70.5,MEDIUM,1
59.7,2,1,-0.242,34,23,67.8,65.1,312.7,66.5,71.1,-0.597,MEDIUM,66.1,MEDIUM,1
61.7,0,2,-0.274,26,16,54.1,66.4,294.4,70.9,56.1,0.17,MEDIUM,60.0,MEDIUM,1
80.4,0,2,-0.122,36,9,66.6,74.4,300.7,78.2,63.4,0.321,LOW,74.6,HIGH,1
45.5,3,4,-0.696,23,27,51.3,85.8,255.9,54.9,62.8,0.425,HIGH,60.0,MEDIUM,1
86.9,0,3,0.137,46,7,92.7,73.9,424.5,77.1,84.1,0.463,LOW,86.4,HIGH,1
96.1,0,2,-0.538,56,2,98.0,81.9,458.3,93.8,91.6,-0.031,LOW,97.6,HIGH,1
57.6,3,2,0.344,26,20,52.1,85.3,258.5,67.7,64.7,-0.019,MEDIUM,62.2,MEDIUM,1
86.0,0,1,-0.141,42,7,65.3,87.4,354.7,68.4,73.1,0.301,LOW,77.6,HIGH,1
94.9,0,3,0.49,51,3,64.3,86.7,362.8,83.6,56.7,-0.162,LOW,75.5,HIGH,1
80.7,0,3,0.067,36,9,82.4,91.1,408.5,78.9,91.9,0.111,LOW,87.1,HIGH,1
76.0,0,3,0.275,45,14,80.2,64.3,309.9,79.9,68.1,0.128,LOW,72.9,MEDIUM,1
88.2,0,1,-0.278,40,5,93.2,91.9,415.4,92.4,88.0,0.297,LOW,89.7,HIGH,1
54.7,4,1,-0.072,30,25,87.3,78.7,411.2,83.6,75.5,-0.072,HIGH,84.9,MEDIUM,1
88.0,0,3,0.143,42,6,77.6,95.6,390.4,90.8,99.3,0.328,LOW,88.5,HIGH,1
57.1,5,1,0.34,33,25,47.6,71.6,325.7,86.8,60.2,0.152,HIGH,52.0,MEDIUM,1
79.0,0,2,-0.278,45,12,85.8,71.5,360.6,91.8,79.2,0.004,LOW,84.8,HIGH,1
76.0,0,1,-0.292,33,11,61.9,86.1,342.2,84.7,62.5,-0.094,LOW,75.3,HIGH,1
75.0,8,2,-0.95,41,14,55.6,61.4,290.7,77.2,63.1,-0.384,LOW,63.9,MEDIUM,-1
60.0,2,2,-0.856,28,18,82.7,74.6,262.5,76.6,78.7,0.35,MEDIUM,73.0,MEDIUM,1
85.0,0,2,-0.15,49,9,48.4,83.1,309.6,88.1,62.4,0.191,LOW,67.9,MEDIUM,1
64.7,0,2,-0.533,28,16,80.3,72.4,304.1,62.7,85.0,0.241,LOW,78.3,MEDIUM,1
74.7,0,1,0.093,44,15,77.1,73.1,326.2,72.7,65.3,-0.265,LOW,76.6,MEDIUM,1
48.1,6,4,-0.234,24,26,53.0,77.7,270.9,63.6,68.5,-0.493,HIGH,57.4,MEDIUM,1
83.9,0,3,-0.344,48,9,83.8,83.6,372.0,90.6,75.3,0.779,LOW,90.2,HIGH,1
79.9,0,4,0.464,37,9,81.1,85.2,347.7,85.5,87.4,-0.124,LOW,83.6,MEDIUM,1
55.6,4,7,-0.072,32,25,53.5,66.1,252.5,65.2,63.1,-0.231,HIGH,55.9,MEDIUM,1
70.3,1,0,0.382,30,12,65.1,83.4,304.2,66.7,55.7,-0.167,LOW,62.7,MEDIUM,1
79.5,0,6,0.462,35,9,98.0,72.5,383.8,71.7,89.0,0.533,LOW,86.1,HIGH,1
76.7,0,3,-0.187,40,12,83.2,63.1,424.7,66.4,70.3,-0.081,LOW,74.2,HIGH,1
98.1,0,2,-0.069,54,1,98.0,79.1,481.7,100.0,98.2,-0.111,LOW,94.7,HIGH,1
86.4,0,2,0.22,44,7,75.6,72.9,274.8,77.1,76.9,0.52,LOW,78.0,HIGH,1
84.3,0,2,0.492,39,7,68.6,55.3,344.6,64.0,57.7,0.132,LOW,72.1,MEDIUM,1
81.0,0,1,0.2,42,10,80.6,76.6,405.1,79.3,75.8,0.049,LOW,78.6,HIGH,1
84.5,0,1,0.103,34,6,70.6,64.5,373.3,76.9,78.8,0.123,LOW,73.1,MEDIUM,1
63.4,0,2,-0.445,34,20,68.5,65.8,288.6,65.6,66.5,0.007,MEDIUM,68.9,MEDIUM,1
58.6,3,2,-0.639,30,21,53.3,66.8,209.7,77.0,54.1,-0.215,HIGH,58.5,MEDIUM,1
91.1,0,3,0.453,51,5,79.1,74.4,428.8,90.7,88.4,0.333,LOW,86.7,HIGH,1
97.4,0,4,-0.005,57,2,68.3,85.5,409.7,82.9,76.5,-0.059,LOW,79.9,HIGH,1
94.2,0,3,0.123,41,3,79.7,80.6,321.1,78.7,79.4,-0.095,LOW,78.8,MEDIUM,1
91.0,0,0,0.617,51,5,86.2,70.9,293.3,68.1,74.8,-0.237,LOW,84.6,MEDIUM,1
50.5,5,3,-0.35,27,27,63.6,55.6,289.4,86.5,55.2,0.314,HIGH,49.6,MEDIUM,1
84.6,1,2,0.129,50,9,83.7,84.8,422.3,77.7,91.8,0.032,LOW,85.7,HIGH,1
37.1,4,3,-0.382,21,37,44.6,61.3,206.7,54.4,48.8,0.181,HIGH,50.7,MEDIUM,1
81.9,0,6,-0.282,33,7,73.4,99.0,439.6,83.7,78.9,0.367,LOW,82.4,HIGH,1
90.1,0,4,0.209,39,4,66.6,73.5,392.2,70.4,73.5,0.048,LOW,71.3,HIGH,1
82.2,0,2,-0.48,35,7,84.1,74.9,371.4,88.5,88.1,0.178,LOW,86.7,HIGH,1
88.3,0,4,0.543,42,5,98.0,72.6,439.3,83.3,86.8,0.272,LOW,86.7,HIGH,1
69.0,8,6,-0.95,33,15,67.5,60.5,274.2,64.8,60.7,0.045,MEDIUM,55.4,MEDIUM,-1
47.8,4,1,-0.324,24,27,52.6,54.2,223.0,41.2,44.2,0.164,HIGH,52.6,MEDIUM,1
47.0,3,2,-0.399,21,23,30.2,52.5,162.4,53.8,56.2,0.003,HIGH,45.4,LOW,1
81.2,0,1,0.444,39,9,67.8,78.3,385.7,82.8,77.6,0.253,LOW,73.7,HIGH,1
74.9,2,5,-0.106,30,10,81.5,67.5,396.5,63.8,81.9,-0.173,MEDIUM,73.5,MEDIUM,1
86.1,0,2,-0.368,43,7,81.9,73.8,411.5,86.4,67.2,0.21,LOW,80.9,HIGH,1
84.5,0,1,-0.285,39,7,88.4,71.7,403.1,87.1,79.4,-0.081,LOW,79.8,HIGH,1
79.0,0,2,-0.525,47,12,95.3,69.1,307.4,78.1,87.7,0.261,LOW,84.3,MEDIUM,1
62.2,0,4,0.023,33,20,61.2,65.8,357.8,58.5,61.3,-0.21,MEDIUM,66.9,MEDIUM,1
85.8,0,3,0.661,36,6,66.5,99.0,249.7,83.8,71.2,0.313,LOW,88.1,MEDIUM,1
65.7,1,2,0.124,33,17,76.6,73.7,332.3,74.6,67.5,-0.578,LOW,73.5,MEDIUM,1
89.1,0,5,0.123,50,6,80.5,86.5,369.4,94.4,82.3,0.174,LOW,81.8,HIGH,1
65.0,1,1,-0.138,37,20,54.9,49.7,280.1,57.1,53.4,-0.367,MEDIUM,54.6,MEDIUM,1
87.3,0,5,0.006,51,7,63.4,79.2,340.2,80.9,66.8,0.07,LOW,69.5,HIGH,1
87.8,0,4,-0.056,50,7,89.4,72.3,404.4,73.6,79.7,-0.257,LOW,84.8,HIGH,1
67.4,0,4,-0.09,30,15,71.0,73.7,381.4,68.7,75.3,0.023,LOW,74.2,MEDIUM,1
79.0,0,3,-0.287,43,11,59.1,84.8,337.1,90.9,58.8,0.2,LOW,73.1,HIGH,1
90.0,0,3,0.274,41,5,82.1,81.3,398.8,83.3,87.8,-0.262,LOW,83.3,HIGH,1
85.2,1,2,0.097,38,6,98.0,76.9,10.0,71.4,61.6,-0.062,LOW,72.3,MEDIUM,-1
74.6,2,1,0.309,33,11,80.4,72.7,327.9,62.8,82.1,-0.808,LOW,78.1,MEDIUM,1
84.5,0,1,0.264,39,7,88.7,75.2,417.7,77.1,66.7,0.398,LOW,79.6,HIGH,1
68.2,0,2,-0.607,35,16,80.8,49.7,346.3,74.0,72.3,0.64,MEDIUM,69.8,MEDIUM,1
80.1,0,3,0.337,38,9,79.3,73.6,393.5,68.2,75.2,0.333,LOW,78.4,HIGH,1
73.3,0,3,0.569,42,15,74.6,62.8,394.3,73.9,78.4,-0.032,LOW,71.7,MEDIUM,1
58.9,2,2,-0.008,34,23,62.8,42.9,263.7,61.5,55.0,0.339,HIGH,55.2,MEDIUM,1
90.8,0,2,-0.166,51,5,70.1,83.0,455.7,73.9,78.5,0.086,LOW,75.9,HIGH,1
84.0,0,2,0.372,42,8,91.4,61.6,403.9,65.6,81.7,0.353,LOW,80.0,HIGH,1
71.6,1,0,0.243,39,15,78.7,73.2,345.8,68.6,71.6,0.004,LOW,76.0,MEDIUM,1
86.1,0,2,-0.456,51,8,68.2,71.4,384.2,82.6,65.6,0.181,LOW,72.4,HIGH,1
90.5,1,4,0.039,41,4,61.2,67.6,391.0,62.5,63.8,-0.116,LOW,68.9,MEDIUM,1
45.3,3,0,0.004,23,28,51.1,67.6,260.5,70.3,66.9,-0.458,HIGH,59.2,MEDIUM,1
74.2,0,1,0.085,34,12,88.1,79.1,435.1,68.3,87.8,0.502,LOW,84.5,HIGH,1
95.6,0,2,0.267,45,2,88.8,88.0,392.8,84.2,83.0,0.441,LOW,81.1,HIGH,1
90.0,0,2,-0.067,39,4,82.9,75.6,324.8,63.8,80.7,0.158,LOW,83.0,HIGH,1
65.4,3,3,-0.155,27,15,83.6,58.8,302.9,59.7,66.1,-0.106,MEDIUM,71.8,MEDIUM,1
93.0,0,3,0.479,39,3,56.8,75.8,356.9,95.6,60.1,-0.05,LOW,76.3,HIGH,1
82.6,1,1,0.255,40,9,75.3,75.5,316.4,70.3,75.8,0.07,LOW,78.3,MEDIUM,1
71.4,1,4,0.182,39,15,85.5,58.3,337.9,78.5,68.5,0.606,LOW,71.9,HIGH,1
52.7,5,1,-0.215,27,25,49.3,67.7,206.8,50.0,55.2,-0.009,HIGH,59.5,LOW,1
86.2,0,4,0.081,50,8,67.6,93.7,306.1,79.5,86.8,-0.133,LOW,81.7,HIGH,1
77.8,1,3,-0.115,37,10,71.4,71.3,377.3,74.7,66.4,-0.264,LOW,71.8,MEDIUM,1
63.8,1,7,-0.344,36,21,60.5,68.4,340.9,70.2,73.0,-0.369,MEDIUM,65.1,MEDIUM,1
71.4,1,4,0.159,31,13,66.1,90.8,308.3,82.7,68.6,-0.196,LOW,77.6,MEDIUM,1
68.0,1,3,-0.841,31,15,71.0,77.4,371.7,61.6,60.5,0.362,MEDIUM,68.3,MEDIUM,1
76.5,0,4,0.486,34,10,66.5,77.2,379.6,88.6,74.9,-0.415,LOW,74.7,MEDIUM,1
47.6,5,0,-0.402,28,30,54.9,55.6,212.2,54.9,44.9,0.111,HIGH,53.7,LOW,1
89.3,0,1,-0.253,50,6,98.0,90.4,10.0,94.1,77.7,0.027,LOW,76.9,HIGH,-1
93.1,0,4,0.703,54,4,79.2,82.6,373.9,79.4,75.0,-0.026,LOW,90.2,HIGH,1
81.1,0,1,0.161,35,8,77.9,79.1,381.3,81.9,88.2,-0.22,LOW,81.5,HIGH,1
88.9,0,4,0.426,41,5,80.8,53.6,381.4,69.0,79.0,0.159,LOW,72.3,MEDIUM,1
46.4,5,1,-0.45,21,24,50.9,71.3,313.1,70.4,63.9,0.056,HIGH,58.7,MEDIUM,1
66.8,0,3,0.09,35,18,59.4,71.6,248.1,75.1,65.9,0.205,LOW,66.3,MEDIUM,1
82.9,0,1,0.318,48,10,71.9,70.9,329.1,79.0,75.5,0.12,LOW,76.5,HIGH,1
76.0,0,2,0.005,45,14,68.0,83.0,349.5,78.9,82.1,-0.263,LOW,70.9,MEDIUM,1
89.6,0,0,-0.41,45,5,66.3,84.2,379.9,71.0,64.4,-0.06,LOW,74.2,MEDIUM,1
78.4,0,3,0.416,36,10,62.6,84.7,303.9,92.3,62.8,0.074,LOW,69.0,HIGH,1
57.4,2,0,-0.309,24,18,69.8,58.6,270.3,79.7,68.3,-0.384,MEDIUM,70.3,MEDIUM,1
46.7,6,3,0.103,28,31,30.1,55.7,198.8,58.0,43.3,0.248,HIGH,46.1,MEDIUM,1
92.8,0,1,-0.005,52,4,88.3,77.4,376.0,77.6,95.7,0.378,LOW,88.9,HIGH,1
89.5,0,2,0.078,45,5,83.8,71.7,375.8,77.4,85.1,0.079,LOW,79.1,HIGH,1
58.1,2,2,-0.142,31,23,74.6,63.3,302.6,73.7,65.3,-0.082,MEDIUM,62.9,MEDIUM,1
80.3,0,0,0.693,37,9,74.1,83.7,344.6,77.7,76.1,-0.351,LOW,82.6,MEDIUM,1
83.0,1,4,-0.142,45,9,90.4,69.7,364.4,88.3,84.1,-0.1,LOW,79.4,HIGH,1
61.9,2,3,-0.376,35,21,76.8,71.0,333.5,71.5,62.6,0.17,MEDIUM,71.9,MEDIUM,1
72.3,0,1,-0.064,36,14,98.0,51.6,333.0,56.7,79.9,0.254,LOW,81.0,MEDIUM,1
80.4,0,1,-0.089,41,10,98.0,80.4,409.0,87.3,85.9,0.193,LOW,82.0,MEDIUM,1
91.7,8,5,-0.95,48,4,71.2,85.5,379.0,92.2,70.9,-0.897,LOW,78.7,HIGH,-1
92.8,0,2,0.435,46,4,98.0,76.9,370.7,77.5,80.8,-0.243,LOW,89.5,HIGH,1
95.1,0,1,-0.012,48,2,98.0,77.1,389.4,85.8,88.2,0.171,LOW,90.9,HIGH,1
75.5,0,3,0.665,36,12,70.0,83.3,236.8,68.7,88.7,-0.305,LOW,78.2,MEDIUM,1
74.2,2,3,0.495,37,13,56.8,62.1,356.7,69.8,50.7,-0.141,LOW,64.6,MEDIUM,1
83.2,0,3,0.068,36,7,70.8,93.8,352.4,90.6,73.1,-0.183,LOW,81.7,HIGH,1
92.0,0,3,-0.12,38,3,76.2,80.5,407.3,79.1,85.6,-0.37,LOW,83.5,HIGH,1
93.8,0,3,0.322,40,3,88.7,76.6,449.4,89.4,92.6,0.189,LOW,86.7,HIGH,1
53.1,3,2,0.196,28,25,50.7,46.7,218.8,53.6,40.3,0.179,MEDIUM,49.8,MEDIUM,1
78.5,0,2,0.411,35,9,73.8,81.8,334.6,75.2,73.9,0.007,LOW,72.4,MEDIUM,1
56.4,6,1,-0.456,32,24,71.5,66.2,276.7,79.1,73.5,0.389,HIGH,73.6,MEDIUM,1
87.4,0,3,0.055,45,6,67.1,85.6,409.1,92.3,76.3,0.159,LOW,77.7,HIGH,1
73.8,0,2,-0.335,33,12,70.4,87.1,360.1,60.0,74.0,0.06,LOW,77.5,HIGH,1
76.1,0,1,-0.295,39,12,63.5,66.7,316.1,82.5,73.7,0.038,MEDIUM,68.5,MEDIUM,1
88.2,0,2,0.388,48,6,98.0,75.4,478.5,81.1,94.1,0.236,LOW,89.8,HIGH,1
51.5,5,2,-0.072,30,28,52.4,53.3,187.0,59.7,52.1,0.136,HIGH,49.9,MEDIUM,1
73.5,0,0,0.595,36,13,75.5,65.6,372.4,67.2,63.1,-0.139,LOW,72.6,HIGH,1
55.1,5,1,-0.603,23,18,49.2,75.3,233.0,59.4,68.1,0.131,HIGH,57.9,MEDIUM,1
67.6,0,1,0.157,34,17,58.8,78.5,268.7,85.2,85.9,0.282,LOW,72.0,MEDIUM,1
88.0,0,6,0.492,45,6,74.3,80.7,452.0,80.4,73.1,0.388,LOW,86.5,HIGH,1
89.8,0,3,0.724,41,5,64.7,86.0,462.0,81.9,83.7,0.619,LOW,80.6,HIGH,1
94.0,0,5,0.362,38,2,83.8,99.0,491.3,80.7,89.6,0.365,LOW,86.2,HIGH,1
82.0,0,5,-0.67,47,10,57.8,73.0,323.5,82.2,66.3,-0.278,LOW,69.7,HIGH,1
83.1,0,2,0.267,35,7,77.2,85.8,360.1,74.6,93.9,0.12,LOW,83.3,HIGH,1
68.0,0,4,-0.807,40,19,69.8,76.9,348.4,64.6,84.5,0.285,MEDIUM,70.1,MEDIUM,1
49.0,3,3,-0.905,22,22,61.2,54.3,302.7,64.2,53.7,-0.376,HIGH,51.3,MEDIUM,1
74.6,1,0,0.183,44,15,82.1,72.4,301.6,52.1,80.8,0.075,LOW,83.0,MEDIUM,1
77.9,8,2,-0.95,42,12,86.1,68.5,405.7,63.4,86.5,-0.091,LOW,77.3,HIGH,-1
75.6,0,2,-0.413,37,12,62.4,89.1,289.4,86.4,68.2,-0.137,MEDIUM,72.1,HIGH,1
86.2,0,3,-0.554,50,8,98.0,67.4,10.0,85.2,84.1,0.128,LOW,82.4,HIGH,-1
80.3,0,3,-0.029,32,8,75.3,55.3,363.9,58.2,60.9,-0.218,LOW,62.5,MEDIUM,1
65.7,0,1,-0.093,30,16,79.3,53.9,327.7,73.9,70.1,-0.171,MEDIUM,69.5,MEDIUM,1
81.6,0,5,0.095,47,10,69.7,71.2,321.9,81.9,82.3,-0.12,LOW,77.6,HIGH,1
85.6,0,1,-0.002,35,6,57.1,81.3,333.6,75.1,70.0,-0.284,LOW,71.5,MEDIUM,1
86.4,0,3,-0.262,50,8,75.7,64.1,391.5,81.0,78.4,-0.115,LOW,75.3,HIGH,1
82.9,0,0,-0.002,41,8,75.9,79.8,377.2,82.0,78.6,0.387,LOW,82.5,HIGH,1
90.0,0,5,0.4,49,5,94.0,84.1,444.8,82.3,88.0,-0.242,LOW,91.8,HIGH,1
64.8,1,2,-0.195,32,17,77.7,65.4,266.8,71.9,81.8,0.044,LOW,64.9,MEDIUM,1
74.5,1,1,0.199,37,12,57.2,71.8,348.9,68.5,77.2,-0.009,LOW,65.9,HIGH,1
57.7,4,4,0.283,29,22,77.7,71.0,367.4,72.7,82.4,0.46,MEDIUM,73.7,MEDIUM,1
87.0,1,3,0.696,41,6,67.4,81.9,408.6,78.1,71.1,0.223,LOW,74.6,HIGH,1
86.6,0,4,0.667,46,7,68.1,80.2,284.6,85.6,85.4,0.006,LOW,77.2,MEDIUM,1
84.1,0,2,0.901,34,7,78.9,58.1,384.2,66.6,78.2,0.412,LOW,78.6,MEDIUM,1
59.3,2,2,-0.507,33,23,66.9,60.6,301.5,61.0,59.4,-0.14,MEDIUM,60.2,MEDIUM,1
85.1,0,2,-0.258,38,7,75.8,66.8,347.3,67.5,74.4,0.415,LOW,81.7,HIGH,1
87.1,0,1,0.264,41,6,76.9,85.3,425.8,74.7,80.7,0.362,LOW,81.3,MEDIUM,1
84.9,0,3,0.021,34,6,61.9,73.5,379.1,88.2,70.2,0.081,LOW,58.8,MEDIUM,1
77.1,0,1,0.111,32,10,72.3,89.2,361.0,89.2,69.4,-0.134,LOW,75.8,MEDIUM,1
72.5,1,3,-0.516,39,15,85.8,84.7,323.3,89.3,82.0,0.348,MEDIUM,83.5,HIGH,1
67.1,1,6,-0.152,38,18,67.6,83.6,320.9,79.0,74.7,0.213,LOW,76.1,HIGH,1
61.6,8,0,-0.95,28,18,87.3,64.0,383.8,82.3,74.6,0.21,MEDIUM,74.8,MEDIUM,-1
92.2,0,4,-0.015,49,4,81.1,75.1,467.6,75.4,77.0,0.109,LOW,77.6,HIGH,1
95.2,0,1,0.057,40,2,72.5,79.3,381.5,87.5,86.5,-0.064,LOW,82.4,HIGH,1
58.8,3,0,-0.729,33,24,53.6,75.9,255.9,51.1,58.8,0.177,HIGH,57.1,MEDIUM,1
75.8,0,2,-0.085,33,11,85.9,85.9,384.5,82.2,89.6,-0.193,LOW,80.5,HIGH,1
87.9,0,6,0.544,52,7,82.4,76.9,347.4,72.8,85.4,-0.164,LOW,84.1,HIGH,1
88.5,0,2,0.2,48,6,62.4,91.2,281.2,85.4,67.8,0.397,LOW,75.5,HIGH,1
49.6,8,1,-0.95,22,23,61.6,60.0,252.8,47.4,59.7,0.666,HIGH,56.4,MEDIUM,-1
80.4,0,2,-0.255,34,8,81.6,78.1,393.7,72.0,83.0,-0.03,LOW,79.0,HIGH,1
88.3,0,4,0.176,50,7,63.6,75.3,333.0,95.2,72.8,0.307,LOW,75.6,HIGH,1
60.8,3,1,-0.572,36,23,62.6,87.4,319.6,79.7,66.1,0.11,HIGH,67.9,MEDIUM,1
90.1,0,4,0.737,38,4,69.8,99.0,363.2,81.6,86.0,-0.01,LOW,86.6,HIGH,1
83.9,1,3,-0.235,39,8,71.6,85.6,386.0,82.8,83.0,-0.04,LOW,81.5,HIGH,1
83.3,1,3,0.406,48,10,64.7,75.1,376.5,87.8,70.5,0.388,LOW,69.0,HIGH,1
71.7,0,1,-0.022,41,16,47.6,55.1,340.9,49.0,49.5,-0.049,MEDIUM,56.0,MEDIUM,1
92.9,0,1,0.452,50,4,64.8,82.5,347.6,94.0,76.8,-0.117,LOW,80.4,HIGH,1
90.3,0,3,-0.301,48,5,98.0,86.4,10.0,84.5,88.2,0.31,LOW,83.9,HIGH,-1
83.6,0,1,-0.053,46,9,69.9,63.5,320.0,95.2,72.5,0.415,LOW,74.0,HIGH,1
39.9,4,1,-0.057,17,25,76.7,75.5,278.3,54.5,88.0,0.221,HIGH,73.4,MEDIUM,1
63.6,0,2,-0.274,34,20,54.2,82.8,340.5,79.9,68.9,-0.4,LOW,65.8,MEDIUM,1
77.6,0,1,0.152,45,13,76.8,65.8,402.1,56.4,69.5,-0.027,LOW,69.9,MEDIUM,1
88.5,0,4,-0.024,42,5,82.1,81.3,351.6,81.7,71.6,0.374,LOW,83.9,HIGH,1
65.8,0,4,-0.309,27,14,67.7,71.9,323.3,68.3,71.9,0.073,LOW,67.8,MEDIUM,1
79.8,0,3,0.026,45,11,88.8,75.5,427.7,70.8,86.1,-0.356,LOW,84.1,HIGH,1
83.9,1,3,-0.125,43,8,61.7,80.3,368.3,80.3,61.3,0.192,LOW,74.0,HIGH,1
90.4,0,3,0.709,52,6,93.5,74.4,359.9,85.8,75.9,-0.06,LOW,90.9,HIGH,1
68.9,1,2,0.243,34,16,65.3,69.8,392.4,83.7,67.7,-0.239,LOW,71.2,HIGH,1
89.4,0,3,0.533,51,6,85.0,81.8,448.3,86.0,78.6,-0.331,LOW,81.9,HIGH,1
82.2,0,2,0.316,43,9,74.3,70.8,363.2,75.9,84.3,0.069,LOW,75.3,MEDIUM,1
79.6,0,5,0.405,42,11,92.4,83.1,383.0,82.0,84.0,0.193,LOW,81.8,HIGH,1
95.3,0,5,-0.103,49,2,71.9,83.1,401.2,90.4,70.3,-0.23,LOW,79.2,HIGH,1
79.5,0,3,-0.221,43,11,56.8,70.8,387.9,75.3,63.3,-0.498,LOW,68.6,MEDIUM,1
58.7,5,3,0.138,28,19,72.8,57.4,284.9,72.6,65.3,0.3,HIGH,58.3,MEDIUM,1
88.6,0,4,0.249,36,5,81.0,86.2,454.3,82.2,76.3,0.35,LOW,77.4,HIGH,1
81.3,8,3,-0.95,38,9,79.8,77.5,362.2,66.6,83.8,-0.197,LOW,83.7,MEDIUM,-1
77.9,0,3,0.238,34,10,89.0,67.5,425.0,70.7,86.5,-0.058,LOW,81.0,HIGH,1
57.8,3,2,-0.462,24,17,66.7,62.9,289.1,64.5,71.9,0.469,HIGH,67.1,MEDIUM,1
84.8,0,0,-0.241,42,7,74.1,74.6,395.6,81.3,79.8,-0.189,LOW,77.8,HIGH,1
95.5,0,5,0.283,47,2,82.4,91.4,390.8,97.4,97.6,0.159,LOW,91.3,HIGH,1
83.2,0,4,0.362,36,7,98.0,92.8,10.0,96.4,85.4,-0.064,LOW,95.1,HIGH,-1
67.8,2,2,-0.066,29,14,72.8,69.1,339.3,60.5,69.6,-0.257,MEDIUM,63.3,MEDIUM,1
81.6,0,7,-0.183,38,9,85.0,80.4,397.4,79.4,79.5,-0.131,LOW,79.6,HIGH,1
99.0,0,2,0.184,45,0,74.9,90.8,338.3,100.0,81.3,-0.351,LOW,90.2,HIGH,1
87.2,0,3,0.199,47,7,88.8,67.7,376.0,66.6,67.4,-0.093,LOW,80.4,HIGH,1
78.7,0,1,-0.086,45,12,69.6,75.9,389.7,70.9,74.0,-0.196,LOW,77.4,HIGH,1
71.1,1,2,0.52,33,14,49.7,76.5,270.3,76.8,59.5,-0.004,LOW,63.6,MEDIUM,1
68.7,2,1,-0.277,41,18,71.9,76.1,375.7,56.4,78.7,0.427,MEDIUM,75.1,MEDIUM,1
84.4,0,2,0.574,39,7,98.0,75.4,10.0,66.4,93.5,-0.087,LOW,79.1,MEDIUM,-1
73.5,0,1,0.235,43,16,98.0,60.1,10.0,73.7,71.9,-0.112,LOW,66.4,MEDIUM,-1
92.2,0,2,0.072,52,4,77.9,86.5,382.7,91.8,78.5,-0.245,LOW,87.1,HIGH,1
94.0,0,3,0.156,55,3,94.6,84.7,482.5,91.3,89.8,0.326,LOW,89.4,HIGH,1
90.1,0,4,-0.506,37,4,83.7,88.8,480.9,89.0,85.4,0.013,LOW,86.5,HIGH,1
72.5,3,1,0.116,37,14,67.3,51.7,303.7,57.4,64.0,0.428,MEDIUM,63.9,MEDIUM,1
85.9,0,3,-0.582,50,8,90.9,79.0,406.5,80.3,86.1,-0.093,LOW,86.3,HIGH,1
83.2,0,1,-0.038,37,7,81.0,74.2,338.6,86.3,82.4,0.126,LOW,81.4,HIGH,1
94.7,0,2,0.239,48,3,84.1,77.7,376.6,71.3,88.3,-0.308,LOW,84.9,HIGH,1
81.7,8,5,-0.95,46,10,70.1,64.5,401.4,82.2,68.8,0.102,LOW,67.9,HIGH,-1
71.4,2,3,0.574,31,13,94.4,62.3,367.9,57.0,83.7,0.37,LOW,75.8,MEDIUM,1
60.4,0,2,-0.226,25,16,53.3,68.6,284.1,73.1,66.1,0.078,MEDIUM,58.5,MEDIUM,1
89.5,0,4,0.318,38,5,75.5,72.9,400.4,74.7,81.1,-0.1,LOW,82.5,HIGH,1
80.6,0,0,0.085,36,9,71.1,66.5,332.1,70.0,77.4,-0.451,LOW,69.5,MEDIUM,1
86.8,0,5,0.233,42,6,76.2,78.4,326.2,71.3,90.7,0.156,LOW,77.8,HIGH,1
77.2,0,2,0.031,38,11,80.8,66.6,322.1,98.4,93.6,0.329,LOW,79.9,HIGH,1
49.0,4,2,-0.039,25,25,98.0,61.3,10.0,62.2,83.6,0.015,HIGH,62.4,MEDIUM,-1
82.3,0,3,0.473,34,7,82.9,76.0,434.8,89.1,80.2,-0.172,LOW,81.0,HIGH,1
92.6,0,3,0.161,44,4,80.2,83.5,413.9,71.1,85.1,-0.342,LOW,83.2,HIGH,1
77.3,0,1,0.538,46,13,87.5,65.4,374.1,79.3,79.4,0.024,LOW,81.4,HIGH,1
86.4,0,1,0.042,48,8,68.9,87.3,313.5,92.9,73.4,0.072,LOW,74.6,HIGH,1
76.9,0,3,0.511,37,11,63.3,82.1,281.4,79.3,77.2,-0.107,LOW,74.1,MEDIUM,1
91.0,0,2,0.357,43,4,65.9,80.5,350.5,80.4,69.4,0.171,LOW,77.0,MEDIUM,1
85.9,0,2,0.054,38,6,72.7,81.9,363.9,74.9,81.9,0.075,LOW,75.1,HIGH,1
89.4,0,2,0.334,39,5,80.9,84.6,365.0,89.8,79.5,0.113,LOW,82.3,HIGH,1
81.2,0,0,0.326,37,8,68.9,82.1,323.8,73.1,65.3,0.316,LOW,72.5,MEDIUM,1
73.9,2,5,0.388,41,14,66.0,78.3,312.2,77.8,69.6,-0.173,LOW,64.7,MEDIUM,1
80.8,0,1,-0.513,32,8,88.7,81.0,357.6,88.6,90.9,-0.056,LOW,85.5,HIGH,1
86.1,0,2,-0.215,41,7,69.8,81.6,361.3,94.3,71.1,0.228,LOW,80.2,HIGH,1
78.8,0,2,0.03,36,10,70.6,79.2,360.1,82.2,76.7,-0.031,LOW,69.8,HIGH,1
67.7,0,2,-0.16,34,16,73.4,49.0,360.0,58.9,59.1,0.331,LOW,62.5,MEDIUM,1
83.8,0,4,0.294,45,9,56.9,66.4,301.2,80.0,55.5,-0.194,LOW,68.1,MEDIUM,1
68.2,1,3,-0.366,30,14,54.7,76.2,300.1,79.1,71.5,0.276,MEDIUM,65.8,HIGH,1
68.1,2,5,0.002,39,19,78.2,60.0,418.5,54.0,68.6,0.204,MEDIUM,72.5,MEDIUM,1
91.3,0,6,-0.532,41,4,58.5,81.2,352.2,82.2,74.4,0.113,LOW,67.9,HIGH,1
95.1,0,0,-0.307,50,3,64.8,74.6,384.1,77.6,66.9,0.401,LOW,73.2,HIGH,1
65.8,1,2,-0.399,39,20,48.0,71.9,251.3,75.4,57.1,-0.008,MEDIUM,57.5,MEDIUM,1
89.1,0,2,0.73,47,6,75.3,48.2,412.7,51.0,74.1,0.31,LOW,65.5,MEDIUM,1
72.4,0,3,0.378,36,14,55.9,75.4,287.4,72.1,81.2,0.067,LOW,76.5,MEDIUM,1
79.9,0,1,-0.014,34,9,64.8,74.4,427.5,80.6,66.4,0.299,LOW,72.2,HIGH,1
49.7,5,2,0.258,24,25,73.7,52.7,264.5,45.9,82.5,0.192,HIGH,67.2,LOW,1
92.9,0,1,-0.19,38,3,79.0,90.8,387.5,88.3,81.4,0.077,LOW,86.7,HIGH,1
96.3,1,3,-0.117,41,2,85.8,99.0,431.2,96.1,88.2,-0.131,LOW,99.0,HIGH,1
94.9,0,4,0.185,56,3,86.7,61.2,517.5,58.7,100.0,-0.11,LOW,85.4,HIGH,1
90.6,0,3,0.137,44,5,93.1,74.1,365.8,80.8,85.6,0.127,LOW,80.3,HIGH,1
68.9,1,1,-0.125,28,12,63.7,55.8,360.1,58.9,62.9,0.389,MEDIUM,65.7,MEDIUM,1
75.9,0,4,-0.004,40,13,72.0,56.5,361.9,60.4,73.5,-0.012,LOW,72.1,MEDIUM,1
70.8,2,1,0.309,40,17,67.6,72.8,249.2,80.4,71.7,0.123,MEDIUM,69.7,MEDIUM,1
87.0,0,1,0.14,44,7,66.4,68.4,356.9,94.6,72.6,0.025,LOW,78.4,HIGH,1
83.3,0,2,0.469,48,10,74.8,66.7,373.4,80.6,70.9,0.262,LOW,72.0,HIGH,1
81.2,1,1,0.345,41,10,79.2,68.9,374.0,80.5,75.6,-0.022,LOW,71.3,MEDIUM,1
81.0,0,1,-0.097,36,8,85.9,75.7,435.2,63.8,83.6,0.046,LOW,81.3,MEDIUM,1
69.5,2,4,-0.602,30,13,59.2,82.4,279.1,71.7,64.4,-0.2,MEDIUM,68.8,HIGH,1
75.5,0,2,0.423,39,13,85.8,77.2,315.1,77.9,94.9,0.129,LOW,80.5,MEDIUM,1
67.6,2,2,-0.579,39,18,64.0,73.4,245.8,64.8,68.2,-0.216,MEDIUM,74.2,MEDIUM,1
77.9,0,1,0.419,40,11,88.7,66.6,419.4,92.7,86.1,0.449,LOW,77.7,HIGH,1
74.6,1,3,0.021,41,14,71.9,82.3,383.4,77.0,83.5,-0.137,LOW,83.8,MEDIUM,1
68.2,1,0,-0.061,31,14,72.4,81.3,329.5,86.9,79.5,-0.001,MEDIUM,73.5,MEDIUM,1
89.3,1,1,-0.084,41,5,75.1,88.9,354.3,90.3,71.5,-0.53,LOW,77.8,HIGH,1
93.3,0,2,0.242,45,3,98.0,74.4,427.4,85.8,96.4,-0.115,LOW,87.6,HIGH,1
93.4,0,3,0.447,46,3,71.0,89.9,506.5,91.5,80.0,-0.093,LOW,83.2,HIGH,1
82.4,0,4,-0.031,36,8,88.5,89.2,387.4,99.0,89.6,0.269,LOW,85.0,HIGH,1
70.4,2,1,-0.165,30,13,56.9,79.9,326.9,74.0,59.7,-0.162,MEDIUM,72.5,MEDIUM,1
82.6,8,6,-0.95,41,9,68.2,75.4,283.4,69.6,75.8,0.073,LOW,82.4,MEDIUM,-1
65.6,1,2,-0.954,38,20,88.1,61.1,364.3,64.7,71.5,0.377,MEDIUM,74.0,HIGH,1
93.3,0,2,-0.152,43,3,89.2,83.8,446.3,77.2,77.0,0.145,LOW,86.3,HIGH,1
78.2,0,2,0.47,41,11,77.3,70.1,338.8,66.6,76.0,-0.107,LOW,76.1,MEDIUM,1
91.5,0,5,-0.408,48,4,98.0,51.5,10.0,68.2,76.0,0.344,LOW,76.2,HIGH,-1
90.2,0,3,-0.058,51,6,93.5,74.1,436.1,75.5,81.3,-0.526,LOW,82.3,HIGH,1
81.1,0,3,0.144,39,9,80.0,79.1,362.6,57.3,76.5,0.146,LOW,72.6,HIGH,1
79.6,1,1,0.137,41,11,75.2,80.1,407.1,78.5,85.1,0.312,LOW,82.8,HIGH,1
93.2,0,5,-0.149,48,4,87.1,97.3,360.9,96.4,97.9,-0.226,LOW,94.9,HIGH,1
69.3,2,2,0.145,31,13,67.3,84.8,328.3,74.5,77.2,-0.575,MEDIUM,74.6,MEDIUM,1
74.5,2,2,0.329,38,13,67.5,78.3,360.1,90.1,78.7,-0.238,LOW,75.7,HIGH,1
68.7,1,2,-0.539,27,13,60.8,62.8,317.2,72.5,69.8,-0.029,MEDIUM,62.5,MEDIUM,1
92.5,0,0,0.056,53,4,68.6,82.7,340.8,91.2,66.3,-0.195,LOW,75.3,HIGH,1
82.5,0,3,-0.077,46,10,81.8,72.8,415.5,65.3,80.1,0.136,LOW,79.6,HIGH,1
94.6,0,2,0.246,46,3,80.3,61.1,350.3,77.1,73.6,-0.227,LOW,78.2,HIGH,1
95.8,1,1,0.544,46,2,63.3,99.0,348.7,99.4,77.8,-0.033,LOW,91.7,HIGH,1
70.9,1,2,0.251,42,17,65.7,60.8,325.4,62.5,52.0,0.235,MEDIUM,58.9,MEDIUM,1
66.2,8,4,-0.95,31,16,71.6,51.2,343.4,79.0,67.5,0.069,MEDIUM,65.5,MEDIUM,-1
91.6,1,2,0.069,49,5,72.5,62.4,353.6,84.9,75.3,-0.362,MEDIUM,79.9,HIGH,1
83.8,0,2,-0.383,44,8,80.4,75.6,314.7,83.9,74.4,0.409,LOW,72.8,MEDIUM,1
35.9,4,1,-0.467,20,36,26.1,66.1,196.0,54.6,45.4,-0.019,HIGH,32.7,MEDIUM,1
77.6,0,2,0.32,37,11,92.5,67.8,311.8,53.4,93.1,0.105,LOW,80.3,MEDIUM,1
76.0,0,4,0.079,38,12,76.3,79.5,366.5,84.1,67.3,0.237,LOW,73.0,HIGH,1
87.8,0,0,0.135,38,5,55.8,83.0,368.8,78.4,64.1,-0.226,LOW,66.4,HIGH,1
61.2,8,3,-0.95,28,18,24.5,64.3,304.7,59.3,41.9,-0.349,MEDIUM,46.5,MEDIUM,-1
97.6,0,3,-0.065,58,1,86.7,73.5,446.8,80.6,70.7,-0.167,LOW,83.4,HIGH,1
87.5,0,1,0.446,37,5,67.4,87.8,349.2,74.2,77.8,0.439,LOW,76.8,HIGH,1
98.6,1,0,0.66,48,1,88.0,86.0,436.3,80.7,80.6,-0.044,LOW,94.2,HIGH,1
86.5,1,4,-0.041,36,6,88.3,78.9,435.1,87.1,72.5,0.214,LOW,88.9,HIGH,1
40.2,2,4,-0.439,16,24,45.8,70.5,232.3,63.6,57.2,-0.105,HIGH,49.6,MEDIUM,1
77.0,1,2,0.359,41,12,82.3,77.6,361.2,78.8,99.5,-0.05,MEDIUM,85.0,MEDIUM,1
79.0,0,3,0.569,41,11,85.3,67.8,426.5,60.5,72.2,0.584,LOW,70.0,HIGH,1
55.1,4,2,0.083,24,20,67.9,75.0,247.1,77.3,76.4,-0.021,MEDIUM,66.1,MEDIUM,1
57.4,3,4,0.334,27,20,79.6,79.3,252.5,74.1,77.0,-0.189,MEDIUM,74.7,MEDIUM,1
83.1,0,3,0.45,42,9,65.5,81.3,276.9,67.5,81.0,0.034,LOW,71.6,MEDIUM,1
52.5,4,4,-0.002,24,21,44.9,61.5,306.3,67.1,53.3,-0.383,HIGH,56.6,MEDIUM,1
90.8,0,1,0.481,37,4,60.7,97.9,334.9,86.3,62.4,-0.309,LOW,71.3,HIGH,1
84.4,0,0,0.239,36,7,78.0,93.6,364.9,90.6,94.5,0.298,LOW,82.2,HIGH,1
84.3,0,2,0.142,37,7,82.4,82.1,389.1,68.1,83.4,0.092,LOW,80.3,HIGH,1
78.4,1,4,0.279,39,11,81.8,61.8,338.7,66.8,71.3,0.081,LOW,73.8,HIGH,1
86.7,1,5,0.264,45,7,77.7,72.0,430.9,59.0,83.2,-0.025,LOW,76.5,HIGH,1
65.5,0,2,-0.444,31,16,71.5,92.7,367.1,77.5,80.7,-0.297,LOW,76.0,MEDIUM,1
85.6,0,3,0.266,38,6,81.7,72.0,411.0,82.5,79.8,0.255,LOW,80.7,HIGH,1
97.4,0,5,0.158,44,1,88.9,95.5,424.6,86.2,76.2,0.44,LOW,95.0,HIGH,1
87.5,0,1,0.256,47,7,84.9,68.7,372.4,78.9,69.8,-0.342,LOW,81.6,HIGH,1
49.8,8,2,-0.95,27,28,70.8,55.4,236.8,46.8,69.3,0.132,HIGH,64.8,MEDIUM,-1
69.0,0,3,-0.119,34,16,54.6,65.7,313.4,68.2,56.8,-0.419,LOW,61.5,MEDIUM,1
92.8,1,5,0.202,43,3,72.6,87.3,368.6,98.3,86.4,-0.133,LOW,77.6,HIGH,1
87.4,0,2,-0.226,39,6,84.5,82.0,417.3,81.3,72.7,0.571,LOW,83.9,HIGH,1
92.0,0,2,-0.105,47,4,61.1,99.0,332.3,99.1,70.8,0.28,LOW,78.4,HIGH,1
68.6,0,1,-0.686,30,13,67.7,53.7,265.9,69.3,65.0,0.131,LOW,68.9,MEDIUM,1
63.7,0,0,0.18,34,19,79.1,50.7,365.5,68.3,71.2,-0.421,LOW,65.7,MEDIUM,1
83.0,0,3,0.099,41,9,94.7,71.3,393.1,64.4,92.3,0.253,LOW,84.4,HIGH,1
72.4,0,3,0.201,37,14,78.9,75.7,374.2,80.9,86.0,0.087,LOW,82.2,HIGH,1
74.4,1,3,0.099,30,11,76.9,77.4,390.0,87.3,76.6,-0.065,LOW,71.2,HIGH,1
96.6,0,1,-0.2,48,2,94.6,82.6,415.4,100.0,86.5,-0.238,LOW,94.9,HIGH,1
81.5,0,1,0.05,42,10,80.8,66.6,301.9,67.3,72.2,-0.262,LOW,78.3,MEDIUM,1
79.0,0,1,0.104,39,11,82.2,74.1,448.5,76.8,87.4,-0.189,LOW,84.2,HIGH,1
96.9,0,3,-0.427,46,2,98.0,74.0,509.9,72.8,94.6,0.182,LOW,95.4,HIGH,1
85.7,0,4,0.255,47,8,78.5,78.2,396.5,76.5,71.6,-0.007,LOW,78.1,HIGH,1
75.9,1,0,0.206,33,11,70.1,83.2,335.2,69.1,74.4,0.04,LOW,76.9,MEDIUM,1
59.0,4,3,-0.353,30,21,80.4,44.4,293.7,64.8,69.8,0.325,HIGH,68.5,MEDIUM,1
77.5,0,1,0.54,33,9,72.3,85.9,369.3,88.6,76.9,-0.313,LOW,78.2,HIGH,1
91.2,0,3,0.218,50,5,86.4,62.4,434.0,81.3,84.9,-0.472,LOW,79.7,HIGH,1
73.6,2,2,0.371,43,15,81.2,61.8,352.9,71.0,73.0,0.216,LOW,76.4,MEDIUM,1
61.0,0,1,-0.132,34,22,98.0,93.0,10.0,78.9,74.3,-0.288,LOW,68.2,MEDIUM,-1
70.1,8,4,-0.95,35,15,69.7,65.7,369.8,68.1,63.2,-0.112,LOW,59.5,MEDIUM,-1
89.7,0,2,-0.549,52,6,73.6,90.2,358.6,92.1,77.1,-0.06,LOW,83.1,HIGH,1
83.4,8,3,-0.95,48,9,72.1,91.6,406.7,93.8,76.0,-0.016,LOW,83.9,HIGH,-1
83.8,0,2,0.07,40,8,87.0,87.8,377.9,89.8,85.2,-0.485,LOW,80.6,HIGH,1
82.6,0,3,-0.229,43,9,62.5,60.3,416.6,82.2,70.7,-0.005,LOW,63.4,HIGH,1
88.4,0,3,0.026,40,5,76.0,76.7,341.7,100.0,83.5,0.462,LOW,83.2,HIGH,1
70.3,2,3,0.376,30,12,73.3,61.8,403.4,73.4,78.5,-0.058,MEDIUM,72.5,MEDIUM,1
93.0,0,2,0.103,47,4,80.5,85.4,399.6,77.6,74.6,0.074,LOW,82.2,HIGH,1
87.4,0,2,-0.294,42,6,83.0,72.7,396.2,70.8,73.9,0.246,LOW,82.9,HIGH,1
79.5,0,2,0.245,38,10,81.5,87.6,343.9,72.9,75.5,0.339,LOW,78.3,HIGH,1
73.0,2,3,-0.478,39,15,79.3,79.0,321.5,74.2,83.6,0.338,MEDIUM,83.6,MEDIUM,1
59.2,4,2,-0.072,24,16,77.8,61.0,273.3,62.2,78.5,-0.098,MEDIUM,66.5,MEDIUM,1
93.4,0,4,-0.057,53,4,98.0,81.4,396.9,85.0,88.6,0.161,LOW,95.8,HIGH,1
64.7,0,0,0.32,35,19,78.3,73.0,347.2,70.2,78.8,0.448,LOW,77.1,MEDIUM,1
78.3,0,1,-0.335,37,10,73.6,74.2,422.7,78.7,71.6,-0.073,LOW,69.4,HIGH,1
80.3,0,5,0.09,40,10,80.6,67.1,410.1,75.4,71.3,0.401,LOW,70.9,HIGH,1
73.0,0,3,-0.233,41,15,67.6,69.4,331.7,83.4,69.8,-0.097,LOW,72.2,HIGH,1
83.9,8,5,-0.95,44,9,90.2,72.3,385.9,88.2,77.1,0.048,LOW,81.0,HIGH,-1
93.3,1,1,0.751,54,4,85.1,61.8,486.5,75.4,62.8,0.568,LOW,84.2,HIGH,1
98.4,1,1,-0.018,43,1,98.0,92.5,455.2,93.6,97.6,-0.235,LOW,99.0,HIGH,1
98.4,0,1,-0.26,40,1,80.2,77.6,397.0,99.4,73.3,-0.535,LOW,84.3,HIGH,1
74.5,0,1,0.289,40,14,69.0,67.5,370.9,67.4,68.3,0.166,LOW,62.9,HIGH,1
77.2,0,7,-0.007,45,13,71.1,82.0,360.7,71.6,67.2,0.26,LOW,70.7,HIGH,1
99.8,0,5,-0.008,55,0,78.8,87.4,443.7,83.8,87.6,-0.072,LOW,85.5,HIGH,1
56.2,3,4,-0.352,29,23,69.8,61.8,361.8,51.3,73.4,-0.036,HIGH,59.8,MEDIUM,1
80.9,0,2,-0.001,37,9,78.5,77.8,328.2,73.7,83.5,0.209,LOW,74.9,MEDIUM,1
71.0,2,3,0.448,40,16,74.6,66.9,294.2,57.1,63.2,-0.126,MEDIUM,64.9,MEDIUM,1
45.1,4,3,-0.719,26,32,33.8,49.7,238.8,46.5,57.5,-0.089,HIGH,41.6,MEDIUM,1
86.7,0,3,0.12,40,6,66.6,75.5,386.4,91.8,72.5,0.233,LOW,76.7,HIGH,1
77.9,0,4,0.179,40,11,73.0,71.2,313.6,61.6,76.1,0.256,LOW,73.6,MEDIUM,1
96.6,0,2,0.147,50,2,98.0,75.5,10.0,83.3,71.2,0.019,LOW,83.1,HIGH,-1
76.8,0,2,-0.235,40,12,92.7,60.4,400.4,63.4,82.5,-0.178,LOW,76.3,MEDIUM,1
68.0,2,1,-0.558,36,17,57.6,70.4,278.7,71.2,63.6,0.223,MEDIUM,64.1,MEDIUM,1
89.2,0,2,0.004,48,6,66.1,55.4,365.4,72.2,54.1,0.096,LOW,68.5,HIGH,1
88.5,0,3,-0.2,36,5,66.6,79.8,292.2,87.4,67.2,-0.211,LOW,72.0,MEDIUM,1
62.5,0,3,-0.156,28,17,67.5,64.1,319.9,67.2,78.6,-0.209,MEDIUM,67.7,MEDIUM,1
86.9,1,1,0.454,42,6,87.1,77.5,349.8,69.5,78.5,-0.09,LOW,76.5,HIGH,1
93.2,0,4,0.118,50,4,74.9,82.9,381.7,85.9,76.7,0.366,LOW,86.3,HIGH,1
86.9,0,2,0.006,51,8,80.3,85.4,384.7,67.5,77.7,-0.229,LOW,81.9,MEDIUM,1
64.3,3,1,-0.891,35,20,52.9,62.5,366.4,50.3,62.0,0.501,HIGH,65.0,MEDIUM,1
90.7,0,4,0.189,37,4,65.1,76.2,429.5,90.9,76.0,0.345,LOW,76.8,HIGH,1
85.9,0,2,-0.138,36,6,72.5,79.4,286.4,84.9,81.3,0.188,LOW,82.1,HIGH,1
76.3,0,2,0.001,45,14,83.4,63.9,331.5,65.4,77.7,-0.104,LOW,74.7,MEDIUM,1
73.6,1,1,-0.121,35,12,63.4,64.2,343.0,68.8,73.2,0.552,LOW,65.8,HIGH,1
93.5,0,6,0.035,44,3,79.6,84.6,403.5,93.6,75.2,0.015,LOW,85.3,HIGH,1
83.5,0,3,0.163,38,8,65.6,74.3,405.8,78.4,68.2,-0.138,LOW,77.6,HIGH,1
53.9,3,3,-0.129,27,23,49.1,53.7,218.1,51.6,51.5,-0.087,HIGH,50.4,LOW,1
66.1,3,1,0.065,34,18,73.5,54.5,318.5,56.2,76.7,-0.367,MEDIUM,69.2,MEDIUM,1
87.5,0,4,0.038,41,6,71.8,78.1,343.6,67.8,60.4,-0.221,LOW,73.9,HIGH,1
83.5,8,7,-0.95,40,8,59.9,82.1,355.3,75.5,58.1,-0.171,LOW,74.3,MEDIUM,-1
41.3,3,2,0.121,23,32,38.3,65.5,194.3,47.4,39.9,-0.015,HIGH,49.1,LOW,1
79.1,0,3,0.364,35,9,86.6,61.6,407.9,76.8,77.6,-0.033,LOW,79.3,MEDIUM,1
69.9,2,4,0.137,37,16,49.9,75.3,278.1,75.9,58.4,-0.341,MEDIUM,55.5,MEDIUM,1
55.9,4,1,0.032,22,18,76.4,54.6,276.3,50.0,58.1,-0.075,HIGH,66.7,MEDIUM,1
82.5,0,5,0.831,48,10,84.0,94.2,480.8,78.4,91.9,-0.048,LOW,82.0,HIGH,1
93.1,1,2,0.323,52,4,76.3,78.8,451.6,81.0,83.2,-0.098,LOW,74.9,HIGH,1
82.6,0,1,-0.22,44,9,85.0,64.8,428.8,69.4,79.3,0.075,LOW,84.9,HIGH,1
66.8,0,2,-0.027,35,17,66.0,73.1,290.8,80.0,60.1,0.109,LOW,67.9,MEDIUM,1
80.9,0,6,0.211,38,9,80.4,75.6,331.5,94.6,97.4,0.159,LOW,87.6,MEDIUM,1
58.9,3,3,-0.361,25,17,41.9,73.6,179.0,59.7,61.0,-0.325,HIGH,53.3,MEDIUM,1
83.3,0,6,-0.042,33,7,78.4,79.7,387.9,88.3,86.9,-0.216,LOW,84.3,HIGH,1
96.9,0,3,0.048,56,2,79.1,99.0,436.6,91.2,78.4,-0.137,LOW,81.6,HIGH,1
72.7,0,3,-0.542,39,15,65.4,68.9,294.8,71.3,61.3,0.214,LOW,63.6,MEDIUM,1
85.1,0,1,-0.664,40,7,88.3,86.9,412.3,85.2,78.6,0.077,LOW,91.4,HIGH,1
84.9,0,5,0.124,41,7,98.0,71.6,338.4,73.1,85.2,-0.026,LOW,84.4,MEDIUM,1
94.5,0,3,-0.049,49,3,97.9,84.7,554.8,80.2,89.4,-0.019,LOW,91.9,HIGH,1
82.7,0,5,-0.065,42,9,90.3,72.4,352.1,72.4,82.1,0.332,LOW,86.8,HIGH,1
91.9,0,3,-0.004,44,4,71.0,92.3,349.0,90.6,84.8,0.412,LOW,83.2,HIGH,1
57.1,2,2,-0.711,34,25,71.5,75.2,268.7,70.5,79.1,-0.027,MEDIUM,67.0,MEDIUM,1
86.4,0,2,0.322,43,7,73.6,84.0,417.0,99.3,82.9,-0.127,LOW,78.3,HIGH,1
87.7,0,1,0.01,39,5,73.2,82.9,409.6,82.4,85.5,-0.518,LOW,78.3,HIGH,1
72.5,2,1,0.111,42,16,97.1,79.5,383.4,71.5,92.0,0.125,LOW,89.5,MEDIUM,1
74.6,2,2,0.382,43,14,48.3,83.1,408.0,74.2,75.5,0.032,LOW,71.7,HIGH,1
91.9,0,2,-0.003,46,4,86.7,82.4,423.1,81.9,85.5,0.249,LOW,84.8,HIGH,1
92.1,0,1,0.367,46,4,86.0,86.9,424.4,85.5,88.9,0.261,LOW,85.8,HIGH,1
71.7,1,2,0.209,32,13,80.9,87.8,376.1,81.0,76.4,-0.011,LOW,77.9,HIGH,1
56.3,5,3,0.015,23,17,72.9,63.4,280.4,82.4,65.2,-0.314,HIGH,65.1,MEDIUM,1
83.8,0,2,0.39,40,8,83.1,80.3,318.7,79.6,84.1,0.357,LOW,83.6,MEDIUM,1
64.4,1,0,-0.096,30,16,72.2,65.0,307.2,55.7,70.3,-0.166,LOW,71.6,MEDIUM,1
84.7,0,5,0.073,38,7,68.1,91.6,293.9,97.6,86.8,0.372,LOW,82.8,HIGH,1
91.9,0,2,0.249,45,4,81.7,78.9,439.7,87.1,73.6,0.198,LOW,80.7,HIGH,1
83.7,0,2,-0.214,37,7,87.0,82.8,402.7,68.4,76.1,-0.466,LOW,78.5,HIGH,1
79.0,0,4,0.214,32,8,66.4,96.8,311.5,86.9,79.0,-0.083,LOW,75.3,HIGH,1
86.6,0,4,0.339,47,7,82.8,89.0,375.4,86.4,80.7,-0.148,LOW,88.8,HIGH,1
56.9,3,4,-0.537,25,19,73.7,63.1,322.4,69.2,70.9,-0.716,HIGH,68.6,MEDIUM,1
88.7,0,0,0.486,52,7,75.5,88.1,409.0,100.0,82.5,-0.332,LOW,84.3,HIGH,1
89.1,1,5,0.082,40,5,98.0,84.5,429.0,84.4,94.8,-0.37,LOW,89.5,HIGH,1
81.0,0,3,0.215,36,8,82.4,61.0,313.2,68.8,72.1,0.249,LOW,78.6,MEDIUM,1
76.3,0,1,-0.261,43,13,54.2,62.7,251.6,71.4,55.9,-0.133,LOW,61.8,MEDIUM,1
96.1,0,6,-0.566,55,2,84.2,80.1,400.9,82.5,89.5,-0.021,LOW,84.7,HIGH,1
70.4,1,4,0.464,30,13,60.8,75.2,344.3,62.2,67.3,0.017,LOW,67.7,MEDIUM,1
60.7,1,1,-0.291,25,16,53.1,61.3,266.7,69.5,61.8,0.57,MEDIUM,50.8,MEDIUM,1
86.9,0,1,0.396,41,6,67.0,79.4,407.1,64.0,71.5,0.022,LOW,74.7,HIGH,1
86.3,1,2,0.046,38,6,98.0,73.6,479.4,68.1,87.3,-0.128,LOW,85.4,HIGH,1
85.1,0,8,-0.161,37,6,68.0,69.3,339.8,65.3,64.7,-0.145,LOW,77.1,MEDIUM,1
73.9,0,2,0.62,39,14,70.2,68.8,278.3,71.8,75.1,-0.092,LOW,68.5,MEDIUM,1
77.1,0,5,0.078,33,10,77.5,77.8,398.8,72.2,79.9,0.126,LOW,80.3,HIGH,1
87.4,0,1,0.134,41,6,70.3,84.3,482.8,90.7,68.7,-0.062,LOW,76.0,HIGH,1
94.6,0,3,0.048,40,2,72.4,79.1,394.4,93.8,81.2,-0.224,LOW,85.5,HIGH,1
69.9,0,7,-0.678,37,16,62.5,86.3,291.9,66.8,60.7,0.033,LOW,74.8,MEDIUM,1
77.2,0,2,0.262,44,13,66.6,67.7,394.8,62.5,75.8,0.322,LOW,67.4,MEDIUM,1
57.1,3,1,-0.124,29,22,69.9,68.2,317.5,53.3,65.3,0.049,MEDIUM,64.3,MEDIUM,1
96.3,0,3,0.368,52,2,72.9,79.2,406.2,95.2,77.2,-0.127,LOW,79.1,HIGH,1
76.3,0,1,-0.144,45,14,91.6,66.0,371.2,72.8,82.5,0.063,LOW,86.8,MEDIUM,1
70.6,0,3,-0.373,42,17,67.7,62.8,328.0,61.4,60.4,-0.534,MEDIUM,65.2,MEDIUM,1
75.0,1,4,0.272,36,12,92.0,72.8,339.1,79.4,82.5,-0.044,LOW,83.8,MEDIUM,1
64.7,0,2,0.142,27,14,66.6,53.8,401.7,57.0,73.7,-0.204,LOW,61.6,MEDIUM,1
92.6,0,1,-0.382,37,3,63.5,85.5,349.6,89.3,77.4,-0.444,LOW,79.6,HIGH,1
78.9,0,6,-0.319,43,11,66.9,79.6,219.8,75.0,80.7,0.367,LOW,74.0,MEDIUM,1
69.9,0,3,-0.415,38,16,76.4,77.8,335.6,64.2,71.7,-0.116,LOW,74.4,MEDIUM,1
90.4,0,6,-0.348,42,5,67.7,97.4,396.7,97.0,72.9,-0.196,LOW,76.6,HIGH,1
70.7,0,2,-0.018,30,12,69.9,75.0,397.5,70.4,70.5,0.035,LOW,69.8,MEDIUM,1
89.2,0,1,0.213,37,4,83.8,69.7,381.0,86.1,78.8,-0.349,LOW,84.7,MEDIUM,1
65.0,0,1,-0.031,28,15,72.0,65.0,268.1,81.4,64.8,-0.157,LOW,63.0,MEDIUM,1
80.4,0,1,0.262,46,11,82.1,76.4,422.8,83.8,80.3,-0.17,LOW,75.7,HIGH,1
77.8,0,5,0.055,40,11,76.7,72.7,329.6,83.3,78.3,-0.041,LOW,73.9,MEDIUM,1
78.7,0,3,0.484,45,12,62.3,65.9,363.0,78.9,73.0,0.518,LOW,70.1,HIGH,1
78.2,0,3,-0.472,38,11,70.8,68.3,309.7,69.6,71.7,0.436,MEDIUM,78.0,MEDIUM,1
90.6,0,2,-0.217,43,4,80.4,84.8,359.6,91.2,84.5,-0.37,LOW,79.8,HIGH,1
79.9,0,1,0.11,46,11,80.3,82.5,352.9,79.7,75.4,0.026,LOW,85.3,MEDIUM,1
73.8,2,0,-0.131,41,15,63.1,68.8,278.9,58.0,55.4,-0.152,MEDIUM,62.3,MEDIUM,1
69.4,3,3,-0.292,40,18,69.2,73.6,262.0,76.2,79.7,0.085,MEDIUM,69.3,MEDIUM,1
95.8,0,3,0.244,43,2,98.0,69.1,412.3,86.6,88.2,-0.343,LOW,89.3,HIGH,1
89.1,0,4,-0.066,47,6,90.7,69.4,410.8,73.8,89.9,0.532,LOW,81.4,HIGH,1
66.3,2,1,-0.414,29,15,78.8,69.2,433.2,56.1,73.3,-0.005,MEDIUM,70.8,MEDIUM,1
83.4,0,2,0.021,39,8,76.0,64.0,382.5,86.7,64.7,-0.145,LOW,71.2,HIGH,1
71.4,2,0,0.363,34,13,73.0,74.0,341.4,75.7,64.2,-0.169,LOW,72.3,HIGH,1
95.3,0,1,0.29,54,3,82.9,68.7,419.2,89.1,72.2,0.061,LOW,84.4,HIGH,1
80.8,0,3,0.341,39,9,81.2,88.8,391.3,80.0,76.7,-0.218,LOW,76.7,HIGH,1
88.7,1,3,0.145,47,6,64.5,92.8,367.7,86.4,78.2,-0.141,LOW,78.6,HIGH,1
76.9,0,0,0.153,41,12,98.0,88.7,10.0,73.0,72.2,0.12,LOW,76.2,HIGH,-1
52.3,3,4,0.099,31,28,44.3,54.2,260.1,71.2,57.5,-0.291,HIGH,56.0,MEDIUM,1
81.2,0,2,-0.157,43,10,84.6,84.6,374.0,100.0,82.2,0.061,LOW,78.4,HIGH,1
89.7,1,6,0.457,50,6,88.6,74.2,370.0,79.5,93.0,0.137,LOW,86.2,HIGH,1
88.1,0,3,0.152,36,5,71.2,60.8,395.5,76.2,73.4,-0.361,LOW,68.8,MEDIUM,1
92.0,1,4,0.115,49,4,72.5,73.8,435.9,93.7,73.3,0.048,LOW,75.1,HIGH,1
64.3,1,4,-0.402,33,18,76.0,78.0,355.6,56.4,72.3,0.038,MEDIUM,77.1,MEDIUM,1
78.9,1,1,0.463,43,12,83.0,78.5,351.9,99.4,92.0,0.236,LOW,88.7,HIGH,1
99.2,0,3,0.353,45,0,98.0,78.8,445.4,100.0,87.5,-0.071,LOW,90.2,HIGH,1
79.5,0,0,-0.306,45,12,64.9,73.8,415.5,67.2,73.7,-0.241,LOW,68.0,MEDIUM,1
83.5,0,2,0.197,38,8,75.4,71.6,412.9,68.9,80.5,-0.274,LOW,68.5,HIGH,1
94.5,0,4,-0.117,39,2,83.8,81.0,434.0,73.4,91.7,-0.329,LOW,87.8,HIGH,1
90.1,1,2,0.02,47,5,86.9,94.3,380.1,77.6,82.1,-0.002,LOW,82.5,HIGH,1
74.0,0,2,-0.353,35,12,83.6,69.5,379.1,77.5,96.1,-0.212,LOW,86.0,MEDIUM,1
68.8,0,3,-0.203,35,16,68.0,89.1,394.7,71.4,88.3,0.285,LOW,77.6,HIGH,1
83.5,0,5,0.162,33,7,79.4,67.4,382.6,78.2,79.7,0.038,LOW,74.8,HIGH,1
80.2,0,1,0.181,38,10,71.3,81.5,252.1,90.2,65.5,0.107,LOW,75.6,MEDIUM,1
68.9,2,3,-0.372,32,15,52.2,80.5,378.5,82.0,69.2,0.044,MEDIUM,66.9,MEDIUM,1
56.4,5,2,-0.333,27,21,53.1,52.0,308.6,66.4,61.4,-0.027,HIGH,57.1,MEDIUM,1
83.5,0,4,-0.465,37,7,71.1,80.6,334.7,86.5,65.7,0.336,MEDIUM,74.4,HIGH,1
88.1,0,2,0.389,46,6,85.8,66.3,392.9,85.7,78.2,-0.416,LOW,77.6,HIGH,1
62.4,1,4,-0.782,33,20,40.9,86.6,258.1,75.0,66.8,0.012,MEDIUM,57.2,MEDIUM,1
90.1,1,4,0.22,39,4,87.0,93.5,389.5,83.7,73.0,-0.353,LOW,89.0,HIGH,1
88.0,0,4,0.032,49,7,86.0,86.2,396.0,73.9,88.1,-0.441,LOW,81.7,HIGH,1
92.0,0,3,0.272,44,4,98.0,81.6,10.0,91.4,79.8,-0.325,LOW,74.4,HIGH,-1
68.7,3,2,-0.205,41,18,92.2,65.7,425.6,76.8,75.3,0.496,MEDIUM,74.7,MEDIUM,1
75.5,0,2,-0.195,41,13,75.8,67.4,326.3,66.1,77.7,-0.085,LOW,72.6,MEDIUM,1
87.5,0,4,0.27,52,7,81.7,93.9,427.0,84.0,85.5,0.043,LOW,85.1,HIGH,1
96.6,0,1,0.087,42,1,81.4,85.2,380.2,87.3,82.3,0.397,LOW,89.5,HIGH,1
74.9,0,4,0.032,31,10,50.5,86.3,360.5,77.9,66.9,-0.256,LOW,66.4,MEDIUM,1
87.7,0,0,0.169,46,6,71.0,92.7,390.3,79.1,77.7,-0.037,LOW,79.0,HIGH,1
95.3,0,1,0.447,41,2,73.2,81.9,396.3,98.7,75.2,-0.057,LOW,84.7,HIGH,1
92.0,8,2,-0.95,52,5,88.9,79.6,402.6,79.6,82.4,0.237,LOW,85.6,HIGH,-1
49.9,4,3,-0.138,27,28,53.6,59.9,300.8,62.8,59.5,0.331,HIGH,60.8,MEDIUM,1
68.4,0,3,-0.187,34,15,72.8,62.4,275.9,63.1,65.1,-0.251,LOW,66.2,MEDIUM,1
63.6,1,4,-0.378,26,15,47.4,67.5,325.5,61.4,71.3,-0.183,MEDIUM,60.1,MEDIUM,1
37.8,2,2,-0.426,20,33,70.3,56.6,227.4,50.2,60.5,0.325,HIGH,51.8,LOW,1
81.9,0,2,-0.203,34,7,84.5,83.4,413.2,73.3,87.5,-0.173,LOW,82.9,HIGH,1
69.8,0,1,-0.099,40,17,69.6,70.3,335.3,58.5,63.7,-0.047,MEDIUM,67.3,MEDIUM,1
88.2,0,3,-0.079,35,5,73.3,87.5,335.5,83.5,100.0,-0.109,LOW,77.1,HIGH,1
83.3,0,1,-0.28,43,9,86.6,83.3,374.4,84.3,79.9,0.271,LOW,82.2,HIGH,1
52.8,5,4,-0.267,24,21,55.2,71.1,229.2,68.9,75.4,0.094,HIGH,63.2,MEDIUM,1
97.0,0,3,0.394,54,2,77.2,85.2,353.6,87.4,75.8,-0.484,LOW,77.9,HIGH,1
86.1,1,1,0.45,48,8,75.3,83.7,393.0,79.4,84.1,-0.249,LOW,84.0,HIGH,1
46.8,3,2,-1.0,23,27,76.0,63.4,213.1,62.0,72.7,-0.096,HIGH,61.5,MEDIUM,1
88.6,1,1,0.137,40,5,98.0,64.6,10.0,68.8,72.8,-0.019,LOW,73.9,MEDIUM,-1
96.8,0,2,0.258,57,2,98.0,79.4,10.0,96.6,89.6,0.37,LOW,95.8,HIGH,-1
80.2,0,1,0.243,34,8,65.9,67.1,308.4,73.7,72.8,0.094,LOW,71.4,MEDIUM,1
63.9,0,1,-0.275,34,19,41.6,83.8,321.3,81.8,62.3,-0.053,MEDIUM,60.3,HIGH,1
94.7,0,4,0.582,43,2,87.1,92.0,500.5,94.1,86.9,0.103,LOW,90.2,HIGH,1
63.5,2,4,0.128,36,20,56.4,71.0,357.1,67.6,63.9,-0.005,MEDIUM,67.3,MEDIUM,1
82.6,0,2,0.073,35,7,72.7,81.0,385.0,81.8,76.8,-0.152,LOW,77.0,HIGH,1
70.1,2,3,-0.025,39,17,80.1,85.7,339.3,68.1,81.9,-0.207,MEDIUM,74.2,HIGH,1
67.1,0,1,-0.149,39,19,57.6,65.0,309.0,70.1,61.2,-0.07,LOW,60.1,MEDIUM,1
85.5,0,3,0.243,49,8,72.8,90.9,439.6,79.3,82.3,-0.277,LOW,79.5,HIGH,1
94.5,0,1,0.115,42,2,89.9,99.0,369.8,86.5,89.4,0.047,LOW,91.8,HIGH,1
94.6,0,5,0.141,51,3,76.8,83.3,330.1,95.6,86.0,0.292,LOW,88.9,HIGH,1
81.6,1,3,0.559,34,8,76.8,68.9,360.2,70.4,84.1,0.171,LOW,74.6,HIGH,1
81.7,0,2,0.567,38,9,74.1,74.9,375.3,86.7,73.0,0.211,LOW,83.3,HIGH,1
87.4,1,3,0.334,40,6,76.9,90.0,425.0,79.2,85.1,-0.193,LOW,81.4,HIGH,1
77.4,0,6,0.377,44,13,71.2,80.5,388.1,85.9,72.6,-0.308,LOW,70.8,HIGH,1
81.1,1,2,0.356,40,9,80.9,79.4,435.4,72.2,75.8,0.229,LOW,76.7,MEDIUM,1
67.0,1,2,-0.31,33,16,45.6,61.5,287.1,66.5,49.8,0.092,MEDIUM,55.3,MEDIUM,1
87.0,0,2,0.235,50,8,75.3,79.9,377.7,83.7,72.0,-0.039,LOW,75.5,HIGH,1
90.2,0,3,0.178,36,4,70.7,83.9,387.5,88.2,65.0,0.178,LOW,83.7,HIGH,1
86.3,0,3,0.469,35,6,86.3,74.4,350.1,79.5,97.8,-0.051,LOW,78.3,MEDIUM,1
67.6,2,4,-0.162,27,13,83.1,66.4,399.1,58.9,77.4,0.425,MEDIUM,69.7,MEDIUM,1
63.6,1,3,0.008,31,17,66.6,76.2,296.1,57.7,73.0,0.179,MEDIUM,61.3,MEDIUM,1
90.3,0,3,0.064,49,5,78.1,86.8,380.4,85.3,77.0,0.012,LOW,81.6,HIGH,1
69.9,1,1,-0.042,40,17,75.9,72.0,348.3,87.2,72.9,-0.359,MEDIUM,74.9,MEDIUM,1
88.7,0,6,0.182,51,6,80.8,78.0,361.1,77.9,71.3,-0.117,LOW,76.4,HIGH,1
86.3,1,2,-0.126,40,6,76.2,77.9,370.7,92.1,82.7,0.326,LOW,79.5,HIGH,1
73.4,8,4,-0.95,39,14,74.6,83.5,365.9,86.3,74.4,0.178,LOW,73.9,MEDIUM,-1
88.5,0,3,0.412,50,7,75.2,85.8,441.4,90.6,92.3,0.429,LOW,83.6,HIGH,1
95.5,0,4,-0.395,56,3,91.4,85.0,436.7,77.9,85.1,-0.211,LOW,91.1,HIGH,1
87.8,0,2,-0.423,51,7,98.0,96.1,488.8,93.0,98.6,-0.42,LOW,94.9,HIGH,1
90.5,1,2,0.171,40,4,78.2,74.1,383.9,85.0,69.9,0.242,LOW,83.3,HIGH,1
82.2,0,2,0.218,39,9,81.3,65.8,308.3,74.3,76.7,0.231,LOW,72.3,MEDIUM,1
85.1,8,4,-0.95,48,9,53.9,54.8,285.0,73.4,44.5,0.044,LOW,64.0,MEDIUM,-1
95.9,0,1,0.186,50,2,62.1,88.7,401.9,84.0,64.1,0.264,LOW,71.0,HIGH,1
72.7,1,4,0.072,32,12,74.0,88.3,332.0,84.6,88.2,0.386,LOW,82.1,HIGH,1
86.3,0,1,-0.511,51,8,73.7,93.7,419.7,95.6,90.7,-0.053,LOW,80.3,HIGH,1
81.8,0,1,0.154,44,10,67.2,70.9,363.6,59.9,70.6,0.37,LOW,63.3,HIGH,1
72.6,0,2,-0.192,42,16,76.7,64.8,350.5,70.6,73.9,-0.408,LOW,72.7,MEDIUM,1
60.8,0,2,-0.078,36,23,98.0,44.4,10.0,45.2,64.9,0.044,MEDIUM,56.8,MEDIUM,-1
65.9,2,3,-0.401,33,17,73.3,63.0,230.4,60.8,72.9,0.035,MEDIUM,58.4,MEDIUM,1
75.9,0,5,0.206,36,12,74.4,63.2,333.3,73.4,66.5,0.099,LOW,68.2,MEDIUM,1
91.8,0,2,0.452,51,4,89.9,93.9,368.1,91.8,95.6,0.212,LOW,91.7,HIGH,1
66.6,8,1,-0.95,33,17,66.7,71.7,254.7,66.2,73.9,0.261,MEDIUM,71.2,MEDIUM,-1
69.5,0,1,-0.289,29,12,69.5,72.0,334.9,87.3,81.3,-0.102,LOW,76.7,MEDIUM,1
71.9,0,0,0.475,34,13,67.5,65.3,364.3,71.8,76.2,-0.256,LOW,68.2,MEDIUM,1
85.0,0,2,0.27,37,7,71.9,64.7,387.3,70.1,57.9,0.244,LOW,71.0,HIGH,1
94.9,0,1,0.076,47,3,87.8,69.8,434.3,83.7,75.2,-0.205,LOW,85.1,HIGH,1
47.6,6,5,0.191,24,26,47.6,51.2,207.5,41.2,71.3,-0.391,HIGH,54.2,LOW,1
92.3,0,1,0.037,44,4,93.8,89.4,370.2,90.9,88.6,0.107,LOW,93.2,HIGH,1
81.6,0,0,0.031,41,9,64.1,62.8,309.0,70.4,65.2,-0.055,LOW,72.2,MEDIUM,1
88.2,0,2,-0.171,39,5,75.1,85.1,424.9,95.0,78.2,-0.354,LOW,85.5,HIGH,1
89.4,0,3,0.268,43,5,74.7,99.0,377.9,81.7,80.3,-0.337,LOW,85.1,HIGH,1
88.9,0,3,-0.211,36,4,86.3,75.9,475.5,87.9,96.8,-0.017,LOW,82.9,HIGH,1
49.2,5,3,0.154,24,25,74.3,65.7,326.6,60.8,73.5,-0.084,HIGH,66.9,MEDIUM,1
74.0,8,1,-0.95,35,12,75.7,73.8,421.4,80.7,68.8,0.12,LOW,78.7,HIGH,-1
79.1,0,0,0.237,46,12,93.2,62.8,388.4,80.0,80.8,0.088,LOW,77.0,HIGH,1
47.9,4,2,-0.237,26,29,50.6,51.0,254.3,58.1,60.8,0.106,HIGH,56.7,LOW,1
46.0,6,4,-0.095,24,28,98.0,55.9,10.0,63.7,52.3,-0.192,HIGH,52.0,MEDIUM,-1
88.1,0,2,0.221,39,5,62.4,79.2,364.8,84.6,74.1,-0.032,LOW,66.5,HIGH,1
66.5,0,2,-0.222,38,19,54.9,89.6,332.9,72.2,63.9,0.13,MEDIUM,65.8,MEDIUM,1
76.8,0,3,-0.009,37,11,84.6,68.0,471.9,87.0,78.2,-0.035,LOW,73.4,HIGH,1
80.0,0,2,0.178,34,9,72.6,67.8,335.6,57.8,81.6,0.291,LOW,69.7,MEDIUM,1
84.5,0,3,0.475,45,8,71.6,68.8,324.4,66.8,77.4,-0.104,LOW,82.7,HIGH,1
97.3,1,5,0.009,45,1,73.0,95.8,445.6,89.6,85.0,0.159,LOW,84.4,HIGH,1
76.1,0,3,-0.236,39,12,81.2,68.6,324.7,67.0,70.8,0.058,LOW,75.4,HIGH,1
87.5,0,1,0.295,40,6,73.8,96.1,361.5,88.2,89.0,-0.152,LOW,86.2,HIGH,1
92.3,1,2,0.178,46,4,67.3,84.8,459.0,86.2,67.4,0.223,LOW,76.8,HIGH,1
70.8,3,0,0.506,38,16,70.7,87.8,316.6,73.1,75.8,-0.135,MEDIUM,70.8,HIGH,1
93.3,0,2,0.264,43,3,87.8,82.7,449.6,89.0,87.3,0.158,LOW,83.9,HIGH,1
82.3,0,2,0.474,49,10,74.2,75.2,424.7,68.8,84.9,0.221,LOW,74.6,HIGH,1
66.4,0,3,0.27,37,19,61.9,72.2,284.9,74.6,69.5,0.224,LOW,64.4,MEDIUM,1
92.0,1,1,0.016,40,4,81.7,95.0,393.6,85.5,88.0,0.019,LOW,89.4,HIGH,1
63.9,0,3,-0.281,30,17,50.6,71.5,280.0,67.7,55.1,-0.29,MEDIUM,59.8,MEDIUM,1
58.8,2,1,0.082,29,20,72.2,71.9,313.7,58.1,81.4,0.103,MEDIUM,68.8,MEDIUM,1
62.4,1,5,-0.226,28,17,70.7,69.0,272.3,85.7,72.3,0.436,MEDIUM,69.7,MEDIUM,1
84.4,0,4,-0.021,35,6,89.4,76.1,379.0,74.0,72.7,0.469,LOW,77.8,HIGH,1
86.8,8,3,-0.95,38,6,68.4,84.4,255.8,97.0,92.0,-0.171,LOW,76.7,HIGH,-1
74.1,2,2,-0.087,36,13,53.2,75.8,271.9,66.5,57.2,0.087,MEDIUM,65.0,MEDIUM,1
88.7,0,5,-0.505,37,5,61.5,82.3,384.1,79.7,60.0,-0.191,LOW,70.5,HIGH,1
59.5,3,2,-0.055,31,21,52.8,54.7,312.7,63.3,53.3,0.432,HIGH,56.4,MEDIUM,1
85.4,0,0,-0.118,47,8,63.3,73.2,388.7,80.2,76.9,0.2,LOW,78.5,HIGH,1
72.4,1,3,-0.337,39,15,77.5,73.1,413.4,69.0,93.1,0.067,MEDIUM,81.6,HIGH,1
72.9,0,5,0.364,30,11,65.6,59.6,371.9,67.5,66.9,0.179,LOW,66.4,MEDIUM,1
72.2,1,3,-0.331,30,12,68.2,79.9,315.4,85.2,78.0,-0.475,MEDIUM,74.7,MEDIUM,1
80.1,0,4,0.438,47,12,67.8,64.4,383.3,61.4,65.2,-0.089,LOW,72.5,MEDIUM,1
85.3,1,2,0.3,49,8,75.6,70.8,329.8,84.9,84.9,0.098,LOW,83.5,MEDIUM,1
26.2,4,1,-0.116,15,44,56.1,55.4,163.4,50.3,54.4,-0.209,HIGH,50.5,LOW,1
84.7,0,1,-0.254,50,9,95.9,64.4,415.3,78.3,91.4,-0.072,LOW,91.2,HIGH,1
92.3,0,2,-0.448,50,4,91.9,88.4,379.8,73.8,100.0,0.136,LOW,94.2,HIGH,1
88.0,0,4,-0.117,39,5,79.4,67.5,320.2,83.3,83.8,0.165,LOW,79.8,HIGH,1
78.7,0,1,-0.662,39,11,70.8,79.5,367.4,64.7,76.9,-0.046,LOW,71.3,HIGH,1
76.6,0,0,-0.601,32,10,87.8,69.7,412.9,69.7,77.8,0.008,LOW,82.4,MEDIUM,1
95.0,0,3,0.356,46,2,71.2,84.2,437.7,81.8,74.1,-0.216,LOW,78.4,HIGH,1
80.3,0,4,0.704,37,9,75.0,73.6,420.0,75.8,63.2,-0.149,LOW,74.9,HIGH,1
83.7,8,2,-0.95,34,7,62.9,70.1,391.5,74.9,69.7,0.209,LOW,62.7,HIGH,-1
62.9,0,2,-0.24,34,20,80.5,45.0,307.6,55.9,72.2,-0.245,MEDIUM,62.2,MEDIUM,1
90.5,0,5,-0.08,46,5,96.9,68.3,417.8,77.9,78.5,0.277,LOW,88.7,HIGH,1
79.7,0,1,0.369,44,11,59.3,58.9,324.6,77.7,63.8,0.28,LOW,59.6,MEDIUM,1
56.4,5,4,-0.714,31,24,46.8,59.2,256.0,82.9,52.8,0.147,HIGH,57.5,MEDIUM,1
92.4,0,1,0.157,51,4,75.1,88.0,412.8,72.5,71.0,0.158,LOW,77.3,HIGH,1
92.7,0,2,0.652,54,4,88.0,98.0,396.8,84.3,86.4,-0.303,LOW,86.1,HIGH,1
81.2,0,3,0.149,34,8,65.9,87.9,321.0,82.7,66.2,0.17,LOW,74.3,HIGH,1
61.1,1,0,-0.337,36,23,56.5,75.5,289.5,65.8,63.1,-0.247,MEDIUM,57.0,MEDIUM,1
91.9,0,5,0.56,40,3,88.4,97.6,488.4,89.2,91.4,-0.424,LOW,88.2,HIGH,1
90.3,0,3,0.672,36,4,83.1,92.3,441.4,86.5,79.7,0.101,LOW,88.8,HIGH,1
49.5,3,2,0.201,23,24,58.5,80.7,217.8,69.2,56.2,0.479,HIGH,66.5,MEDIUM,1
82.3,0,1,0.075,44,10,76.7,79.2,342.1,91.8,83.0,-0.152,LOW,79.0,HIGH,1
64.8,2,0,0.004,29,15,70.5,74.7,355.3,82.6,65.9,0.142,MEDIUM,74.4,MEDIUM,1
93.5,0,3,0.556,55,4,91.4,68.9,426.7,72.7,88.2,0.136,LOW,82.0,HIGH,1
69.9,2,1,-0.398,36,15,80.0,57.9,312.0,58.4,73.0,0.041,MEDIUM,68.0,MEDIUM,1
72.0,1,3,-0.164,42,17,64.5,80.1,364.8,66.0,74.8,-0.353,LOW,67.0,HIGH,1
46.6,6,4,-0.123,28,31,56.8,49.9,241.4,42.8,55.6,0.078,HIGH,47.7,LOW,1
78.4,1,6,-0.205,34,9,66.8,75.7,351.6,62.7,80.2,0.406,LOW,74.2,MEDIUM,1
87.8,0,3,-0.258,47,7,83.8,97.1,378.1,100.0,100.0,0.27,LOW,87.5,HIGH,1
89.0,0,1,-0.067,40,5,67.4,79.9,322.2,89.4,75.8,-0.449,LOW,77.2,HIGH,1
62.0,8,2,-0.95,27,17,52.3,73.1,258.6,64.8,47.8,0.305,MEDIUM,56.4,MEDIUM,-1
55.8,5,4,-0.542,28,22,57.1,62.2,292.5,61.1,67.7,0.012,HIGH,64.1,MEDIUM,1
77.6,1,1,0.147,41,12,48.5,84.9,296.6,73.2,58.3,0.342,LOW,64.7,MEDIUM,1
90.0,0,2,0.186,45,5,35.9,87.3,302.9,76.3,36.7,-0.343,LOW,62.8,HIGH,1
85.4,0,1,-0.313,41,7,82.0,85.5,335.4,89.7,81.1,-0.126,LOW,78.7,HIGH,1
74.0,0,2,0.217,36,13,77.3,81.3,354.0,80.1,87.8,0.039,LOW,80.6,HIGH,1
87.0,0,3,0.155,39,6,66.4,74.2,371.2,72.3,77.1,0.337,LOW,72.2,HIGH,1
77.3,1,4,-0.204,39,11,71.3,99.0,313.9,98.8,78.0,-0.023,LOW,82.7,HIGH,1
86.5,1,6,0.108,42,6,95.6,76.7,411.8,91.3,100.0,-0.113,LOW,89.2,HIGH,1
43.7,2,2,-0.169,19,25,54.5,57.2,245.3,46.5,52.2,-0.015,HIGH,52.1,MEDIUM,1
95.2,0,1,0.211,47,2,97.1,74.6,442.8,71.9,100.0,0.502,LOW,93.4,HIGH,1
75.6,0,3,0.367,45,14,64.0,74.1,341.6,77.9,65.0,-0.226,LOW,68.7,HIGH,1
89.8,0,2,0.345,48,5,81.3,82.5,368.6,100.0,78.9,-0.086,LOW,89.0,HIGH,1
86.8,1,1,0.113,39,6,83.5,77.2,402.0,73.4,68.0,-0.232,LOW,78.8,HIGH,1
70.2,1,2,-0.167,30,13,63.4,84.8,318.6,83.0,68.9,0.15,MEDIUM,70.2,MEDIUM,1
82.3,0,4,-0.042,40,9,71.8,80.0,370.2,76.2,78.2,-0.231,LOW,80.8,HIGH,1
97.2,0,4,0.163,49,1,80.9,92.9,443.6,96.5,83.0,0.055,LOW,84.8,HIGH,1
79.0,0,4,0.488,43,12,64.1,56.5,379.3,52.5,52.2,-0.177,LOW,63.4,HIGH,1
79.2,0,4,-0.589,36,10,76.4,73.2,384.9,69.4,77.4,0.12,LOW,81.1,HIGH,1
93.0,8,6,-0.95,53,4,95.2,87.5,440.2,89.4,91.6,0.066,LOW,88.7,HIGH,-1
84.0,0,3,0.056,39,7,90.4,67.8,444.0,78.2,83.1,0.236,LOW,75.8,HIGH,1
78.9,0,4,0.183,43,11,97.2,66.2,359.9,57.0,91.5,0.146,LOW,88.0,MEDIUM,1
76.7,0,1,-0.312,44,14,67.6,74.5,299.0,68.9,71.0,0.323,LOW,76.5,MEDIUM,1
87.6,0,3,0.374,50,7,72.0,79.2,426.9,76.5,76.2,0.584,LOW,77.8,HIGH,1
74.0,2,2,0.094,40,14,78.8,67.9,397.2,77.0,86.1,0.601,LOW,71.4,HIGH,1
94.8,8,2,-0.95,54,3,98.0,80.4,468.1,83.8,86.4,0.13,LOW,96.0,HIGH,-1
76.5,1,4,0.219,32,10,98.0,83.7,10.0,82.3,90.8,0.085,LOW,85.5,HIGH,-1
67.8,1,1,-0.153,27,13,76.4,66.5,398.3,79.7,74.7,-0.067,MEDIUM,74.6,HIGH,1
89.5,0,0,0.108,36,4,69.7,67.2,345.8,76.4,66.0,-0.043,LOW,72.6,HIGH,1
91.0,0,1,-0.065,42,4,71.3,80.6,360.8,88.8,84.8,0.097,LOW,84.8,HIGH,1
89.3,0,6,0.035,44,5,85.5,75.3,354.8,88.7,77.2,-0.205,LOW,85.8,HIGH,1
51.2,5,3,-0.242,26,25,65.4,73.1,254.6,62.3,73.5,0.175,HIGH,69.5,MEDIUM,1
53.0,4,2,0.297,25,22,59.5,79.5,274.0,64.3,60.1,-0.437,HIGH,64.5,MEDIUM,1
94.9,0,4,0.134,53,3,98.0,72.2,10.0,87.6,73.9,0.059,LOW,82.2,HIGH,-1
86.8,0,1,0.3,46,7,79.3,83.4,408.8,86.5,87.3,-0.181,LOW,83.1,HIGH,1
71.6,1,3,0.359,40,16,79.9,50.0,362.6,72.8,56.0,-0.07,LOW,66.2,MEDIUM,1
93.4,1,4,0.107,42,3,74.8,89.1,420.1,91.5,70.1,0.166,LOW,78.8,HIGH,1
63.3,2,0,0.161,37,22,49.5,72.4,326.8,67.1,69.5,-0.249,MEDIUM,58.2,MEDIUM,1
73.9,8,2,-0.95,41,15,56.5,74.5,367.5,76.0,80.1,-0.15,MEDIUM,61.5,HIGH,-1
92.2,0,2,0.194,54,5,72.4,81.4,391.4,80.1,84.7,-0.276,LOW,72.7,HIGH,1
78.5,0,1,0.432,37,10,67.3,65.6,355.2,56.2,60.0,0.348,LOW,70.9,MEDIUM,1
84.8,0,2,0.255,44,8,77.0,69.8,351.6,83.7,78.8,-0.468,LOW,77.8,HIGH,1
89.2,8,3,-0.95,49,6,69.4,70.5,459.4,69.8,60.6,-0.095,LOW,74.8,HIGH,-1
61.6,0,2,-0.163,31,20,52.5,70.2,231.0,70.5,58.9,0.23,MEDIUM,57.1,MEDIUM,1
91.6,1,1,0.088,51,5,62.3,66.1,334.7,78.4,60.7,0.301,LOW,69.4,HIGH,1
75.8,0,1,0.121,43,14,75.1,58.3,332.8,70.7,80.3,0.31,LOW,70.9,MEDIUM,1
71.7,0,5,0.006,34,13,70.5,86.9,236.6,68.0,75.7,0.201,LOW,77.8,HIGH,1
80.0,0,1,0.353,46,11,77.3,77.9,356.7,66.3,61.6,-0.197,LOW,72.8,MEDIUM,1
78.0,0,0,0.057,39,11,68.3,60.2,349.5,70.2,70.6,0.065,LOW,70.7,MEDIUM,1
79.1,1,3,0.484,41,11,96.0,85.2,362.0,81.6,88.6,-0.423,LOW,89.0,HIGH,1
84.1,0,3,0.146,43,8,62.9,69.1,358.3,78.7,63.4,-0.166,LOW,71.3,HIGH,1
77.8,1,1,-0.078,42,12,74.6,68.7,300.9,68.3,83.2,-0.253,LOW,78.5,MEDIUM,1
69.9,0,5,0.33,29,13,43.4,71.5,250.1,62.7,56.1,-0.122,LOW,55.9,MEDIUM,1
72.1,3,2,-0.137,30,12,75.8,59.0,366.2,73.1,61.5,-0.011,MEDIUM,65.1,MEDIUM,1
91.9,0,2,-0.0,41,4,71.7,87.3,407.0,100.0,73.6,-0.288,LOW,78.9,HIGH,1
73.9,1,2,0.199,31,11,55.8,67.2,326.4,75.6,57.8,0.361,LOW,61.6,MEDIUM,1
39.8,3,3,-0.695,19,29,60.3,32.7,268.5,51.9,52.9,-0.296,HIGH,53.8,MEDIUM,1
74.8,1,3,0.16,37,13,57.8,77.2,321.7,61.3,60.3,0.097,LOW,58.6,MEDIUM,1
58.6,4,2,-0.428,28,19,54.2,79.7,300.2,77.2,64.9,-0.406,HIGH,65.3,MEDIUM,1
94.3,0,2,0.779,41,2,93.8,95.0,406.7,86.1,95.8,0.058,LOW,94.6,HIGH,1
89.6,0,2,0.028,53,6,81.6,67.6,349.8,75.5,81.3,-0.302,LOW,80.7,HIGH,1
78.8,1,3,-0.202,43,11,69.7,80.3,354.5,89.3,75.8,0.335,MEDIUM,72.3,HIGH,1
63.4,1,2,-0.146,28,16,68.3,63.8,349.9,62.3,69.0,0.0,MEDIUM,68.6,MEDIUM,1
94.9,1,1,0.132,44,2,77.5,85.4,397.0,92.2,83.1,-0.109,LOW,91.3,HIGH,1
69.1,2,5,-0.007,32,15,77.2,57.3,311.2,62.7,81.3,0.144,MEDIUM,68.5,MEDIUM,1
92.1,0,7,-0.159,42,4,79.0,75.2,416.5,68.7,65.9,-0.018,LOW,69.4,HIGH,1
91.1,0,3,0.56,43,4,98.0,70.4,10.0,85.8,66.9,0.171,LOW,69.6,HIGH,-1
64.8,3,3,-0.139,28,15,49.5,50.4,308.8,61.7,54.5,0.256,HIGH,49.8,MEDIUM,1
83.1,0,3,-0.119,33,7,90.0,66.4,343.8,76.1,80.6,-0.03,LOW,79.6,HIGH,1
81.8,8,2,-0.95,36,8,58.9,77.5,356.3,81.2,61.1,0.003,LOW,66.6,HIGH,-1
83.0,0,0,0.292,42,8,85.4,64.0,432.6,85.4,64.0,-0.285,LOW,72.5,HIGH,1
82.3,0,2,0.249,35,8,65.6,77.1,313.4,78.7,77.0,0.264,LOW,74.2,MEDIUM,1
87.2,1,5,-0.264,36,5,70.6,85.8,443.7,64.5,81.0,0.044,LOW,80.9,MEDIUM,1
89.9,0,6,-0.48,50,6,94.8,92.1,455.1,99.7,84.2,0.176,LOW,89.2,HIGH,1
67.6,0,0,-0.658,34,17,60.6,87.9,335.6,79.5,83.7,-0.077,MEDIUM,76.0,MEDIUM,1
73.8,0,1,0.165,30,11,68.5,80.7,320.8,69.2,74.4,-0.432,LOW,79.4,MEDIUM,1
94.9,0,4,0.214,46,2,96.3,70.8,472.8,88.5,82.6,-0.179,LOW,82.5,HIGH,1
93.9,0,3,-0.7,42,3,89.2,87.4,421.7,77.1,78.8,-0.561,LOW,85.2,HIGH,1
94.0,0,3,0.185,42,3,98.0,91.5,10.0,71.6,84.2,-0.048,LOW,84.4,HIGH,-1
45.2,5,2,-0.472,26,31,47.6,51.0,300.7,62.2,50.0,0.311,HIGH,53.4,MEDIUM,1
87.8,0,1,-0.265,37,5,68.3,90.5,384.3,95.6,76.3,-0.255,LOW,80.0,HIGH,1
93.6,0,3,-0.087,51,3,88.4,76.2,423.7,92.4,85.6,0.472,LOW,88.1,HIGH,1
77.6,0,1,0.117,36,10,73.8,75.3,355.8,72.5,77.1,-0.231,LOW,76.2,MEDIUM,1
93.7,1,2,0.072,49,3,81.2,93.3,378.8,87.2,89.2,-0.434,LOW,88.1,HIGH,1
82.7,0,1,-0.571,41,8,98.0,72.3,10.0,73.4,63.5,-0.278,MEDIUM,71.2,HIGH,-1
62.6,0,4,0.185,27,16,57.9,65.3,285.9,54.8,65.4,0.168,LOW,67.0,MEDIUM,1
75.9,0,5,0.294,42,13,52.4,83.5,372.5,75.7,58.9,-0.04,LOW,59.9,HIGH,1
64.5,0,1,-0.204,31,17,68.7,74.1,364.1,67.9,72.7,0.195,LOW,71.9,MEDIUM,1
63.9,0,7,-0.762,31,18,72.0,47.2,303.9,49.9,62.8,0.321,MEDIUM,60.0,MEDIUM,1
64.3,2,1,-0.497,37,21,78.2,54.0,323.1,73.8,74.3,-0.236,MEDIUM,73.0,MEDIUM,1
92.3,1,5,0.08,52,4,63.8,78.9,330.2,77.6,65.1,0.153,LOW,74.4,MEDIUM,1
48.1,4,2,-0.018,19,21,67.1,58.3,180.7,69.7,58.2,-0.341,HIGH,63.7,LOW,1
84.8,0,3,0.424,44,8,76.5,70.0,395.0,84.3,73.7,-0.226,LOW,78.3,HIGH,1
94.3,0,4,0.851,41,2,94.6,99.0,407.0,94.0,91.7,0.134,LOW,94.6,HIGH,1
85.0,0,3,0.145,46,8,55.9,89.1,372.8,73.6,68.7,0.255,LOW,72.7,HIGH,1
91.9,0,3,-0.096,45,4,98.0,56.0,391.7,80.0,78.1,-0.095,LOW,82.3,HIGH,1
93.7,0,3,0.325,55,4,79.3,93.1,392.7,100.0,76.5,0.116,LOW,93.4,HIGH,1
91.9,0,0,-0.197,44,4,83.3,71.3,400.7,75.1,72.2,-0.079,LOW,74.7,HIGH,1
97.6,0,0,0.207,46,1,73.8,82.5,399.1,90.6,67.0,0.71,LOW,83.7,HIGH,1
54.9,5,4,0.394,32,27,50.6,49.0,188.9,54.0,63.0,0.045,HIGH,50.3,LOW,1
72.7,1,2,0.008,33,12,77.3,84.7,380.2,64.0,77.7,0.016,LOW,77.7,MEDIUM,1
89.4,0,1,-0.09,44,5,75.6,82.3,382.4,84.2,81.2,-0.218,LOW,78.3,MEDIUM,1
76.3,0,1,-0.317,45,14,92.5,87.9,329.5,78.7,100.0,-0.012,LOW,88.5,HIGH,1
78.4,0,0,0.144,44,12,70.7,78.1,400.0,67.3,62.5,0.1,LOW,66.9,HIGH,1
91.4,0,4,-0.349,40,4,90.7,76.7,464.3,90.0,83.0,-0.041,LOW,88.4,HIGH,1
94.1,0,1,-0.231,50,3,79.4,74.5,410.9,76.1,88.5,-0.133,LOW,79.2,HIGH,1
76.4,0,3,-0.304,43,13,39.0,57.8,295.4,63.8,47.0,0.176,MEDIUM,55.0,MEDIUM,1
92.2,0,2,0.415,46,4,76.0,78.2,382.9,88.1,85.6,-0.102,LOW,80.9,HIGH,1
91.0,1,2,0.052,39,4,89.4,83.2,370.2,75.3,67.9,0.25,LOW,91.9,HIGH,1
80.1,0,5,0.509,45,11,76.8,54.2,361.9,74.8,69.0,-0.138,LOW,74.6,MEDIUM,1
95.0,0,1,0.165,39,2,76.4,90.8,323.2,90.9,66.3,-0.141,LOW,81.4,HIGH,1
69.9,0,4,-0.386,28,12,72.6,72.3,376.2,74.1,74.3,0.219,LOW,69.1,MEDIUM,1
71.7,0,3,0.286,41,16,86.1,68.7,329.1,81.0,80.9,0.178,LOW,79.0,MEDIUM,1
72.5,0,2,0.293,33,13,84.0,61.7,295.7,64.7,68.6,0.379,LOW,81.3,MEDIUM,1
82.8,1,1,0.46,37,8,58.9,65.5,296.7,66.8,62.9,-0.206,LOW,70.4,MEDIUM,1
84.3,0,1,-0.165,38,7,77.4,76.2,373.7,58.7,82.4,0.044,LOW,80.1,HIGH,1
80.8,0,6,0.105,43,10,77.4,74.8,383.6,71.0,82.3,0.245,LOW,81.3,MEDIUM,1
84.3,0,3,-0.248,43,8,63.9,56.9,340.9,70.0,69.2,0.349,LOW,68.3,MEDIUM,1
96.4,0,4,0.173,51,2,73.7,99.0,376.6,88.7,94.2,0.271,LOW,92.4,HIGH,1
75.8,8,4,-0.95,40,13,61.3,63.8,293.6,73.4,71.9,-0.002,MEDIUM,68.4,MEDIUM,-1
84.1,0,1,-0.198,43,8,66.3,89.5,395.3,74.1,68.9,0.146,LOW,74.4,HIGH,1
80.1,0,1,-0.128,38,10,56.6,71.2,358.3,72.2,63.2,-0.323,LOW,61.8,HIGH,1
97.7,1,7,0.094,47,1,81.5,89.1,426.7,94.8,86.1,0.638,LOW,92.4,HIGH,1
69.7,1,4,0.058,29,12,78.2,68.5,294.2,77.5,72.2,0.114,MEDIUM,73.4,MEDIUM,1
92.3,0,1,-0.423,53,4,73.6,77.1,371.9,95.5,71.3,-0.019,LOW,79.2,HIGH,1
74.1,0,8,0.355,33,11,91.7,74.4,353.1,69.8,90.6,0.213,LOW,82.2,MEDIUM,1
75.6,0,3,0.201,39,12,88.2,69.0,439.9,62.8,72.3,0.015,LOW,83.3,HIGH,1
63.8,0,1,-0.126,34,19,63.1,79.9,308.0,79.3,65.0,0.521,LOW,64.9,MEDIUM,1
93.4,0,5,0.017,49,3,78.6,67.6,378.9,80.2,84.0,0.563,LOW,77.1,HIGH,1
83.6,8,4,-0.95,35,7,92.0,75.7,467.3,74.5,83.0,-0.129,LOW,85.7,HIGH,-1
82.3,0,3,0.045,44,10,67.6,69.4,388.4,67.2,71.0,0.055,LOW,75.1,HIGH,1
91.7,0,3,-0.167,49,5,83.7,87.6,437.1,78.6,88.9,0.014,LOW,82.7,HIGH,1
82.4,1,2,0.04,35,7,87.4,55.0,439.4,67.3,83.3,-0.445,LOW,78.6,HIGH,1
88.8,0,2,0.134,52,7,73.3,91.4,421.0,100.0,75.7,0.188,LOW,83.6,HIGH,1
93.5,0,4,-0.211,54,4,80.8,71.3,386.1,81.1,79.1,0.025,LOW,80.8,HIGH,1
74.4,2,3,-0.629,40,14,57.1,79.0,314.5,83.4,58.5,0.203,MEDIUM,74.3,MEDIUM,1
66.6,0,0,-0.051,39,19,54.5,48.0,313.7,52.8,55.5,-0.305,LOW,48.4,MEDIUM,1
79.7,0,3,-0.127,37,10,93.0,69.7,393.1,57.5,76.0,0.344,LOW,75.7,MEDIUM,1
93.4,0,3,-0.665,49,3,86.2,76.9,340.1,88.4,81.2,0.026,LOW,89.1,MEDIUM,1
85.6,0,3,0.135,42,7,86.2,78.9,337.3,72.7,85.1,-0.377,LOW,83.2,HIGH,1
83.6,0,0,0.051,34,7,81.5,82.2,380.3,73.3,73.5,-0.338,LOW,86.0,HIGH,1
80.7,0,3,-0.307,40,10,76.8,97.6,296.7,86.3,90.0,0.009,LOW,92.6,HIGH,1
94.4,0,2,-0.096,55,3,75.9,76.6,347.8,95.2,71.3,-0.108,LOW,82.6,HIGH,1
86.5,0,5,0.39,42,6,98.0,85.1,393.9,90.9,86.7,-0.204,LOW,90.0,HIGH,1
81.3,0,1,-0.371,39,9,98.0,71.3,10.0,70.5,57.1,0.107,LOW,72.1,HIGH,-1
84.0,0,2,-0.064,38,7,62.7,80.5,378.4,83.3,73.5,0.129,LOW,76.4,HIGH,1
80.8,0,4,0.23,40,9,67.8,60.2,389.8,75.4,75.0,0.082,LOW,64.9,MEDIUM,1
56.7,2,2,-0.709,27,20,68.1,67.6,305.7,69.0,67.2,-0.311,HIGH,68.2,MEDIUM,1
83.0,0,2,0.648,45,9,78.5,67.1,414.6,72.5,64.7,-0.005,LOW,84.7,HIGH,1
84.6,0,6,0.358,38,7,67.5,60.0,332.3,76.9,58.3,0.059,LOW,69.7,HIGH,1
93.9,0,3,0.613,43,3,77.8,80.8,361.5,89.1,76.6,-0.293,LOW,81.5,HIGH,1
87.8,1,4,0.093,52,7,73.5,80.3,372.2,85.5,72.0,0.134,LOW,76.7,HIGH,1
77.7,0,2,0.556,44,12,76.6,71.4,385.5,65.4,64.6,0.079,LOW,72.0,HIGH,1
65.7,3,2,-0.211,28,15,62.2,73.3,340.2,70.7,69.1,-0.405,MEDIUM,66.3,MEDIUM,1
81.7,8,7,-0.95,38,9,95.8,94.3,447.5,93.0,91.1,-0.206,LOW,91.2,HIGH,-1
51.5,2,3,-0.588,27,25,57.3,53.5,286.6,39.6,63.4,0.001,MEDIUM,54.1,MEDIUM,1
72.0,0,1,0.178,38,15,67.6,80.3,409.4,85.6,73.9,0.202,LOW,77.3,HIGH,1
54.5,4,4,-0.451,31,26,98.0,57.2,10.0,66.6,68.1,-0.669,HIGH,65.1,MEDIUM,-1
81.9,0,1,-0.114,46,10,82.3,80.1,375.6,83.1,79.8,0.298,LOW,85.1,HIGH,1
81.1,0,5,0.141,46,11,89.2,75.5,426.2,81.7,84.5,-0.07,LOW,79.7,HIGH,1
89.5,0,2,0.622,47,6,91.2,95.5,472.9,89.1,100.0,0.301,LOW,92.9,HIGH,1
65.9,0,1,0.145,33,17,98.0,68.8,10.0,61.2,54.0,-0.606,LOW,64.6,MEDIUM,-1
78.1,0,2,0.345,38,11,87.8,75.0,359.8,74.3,84.9,-0.219,LOW,79.7,HIGH,1
73.9,0,1,0.086,38,14,67.1,83.6,295.4,78.3,71.8,0.17,LOW,72.9,MEDIUM,1
90.1,0,3,0.125,53,6,66.8,85.3,369.7,83.2,67.9,0.283,LOW,72.3,HIGH,1
74.5,2,3,0.538,41,14,71.8,79.7,322.5,79.7,79.1,0.354,LOW,72.5,HIGH,1
68.8,2,0,-0.099,36,17,74.0,83.5,353.6,78.6,74.0,0.249,MEDIUM,78.0,MEDIUM,1
91.4,0,1,-0.7,38,4,83.3,83.2,454.5,85.1,73.3,0.013,LOW,85.9,HIGH,1
92.3,0,1,0.834,53,4,98.0,96.7,10.0,94.9,82.0,0.165,LOW,85.5,HIGH,-1
82.6,0,2,0.091,37,8,66.8,62.3,391.7,78.1,70.2,0.352,LOW,68.9,HIGH,1
64.1,8,0,-0.95,38,21,74.3,66.8,334.5,58.9,74.0,0.294,MEDIUM,66.2,MEDIUM,-1
84.9,0,3,0.16,36,6,94.0,77.6,366.7,89.4,77.1,-0.09,LOW,82.5,HIGH,1
75.2,0,3,0.119,44,14,63.2,65.6,380.6,66.3,53.1,0.205,LOW,57.2,MEDIUM,1
63.7,0,3,-0.31,27,15,77.6,75.6,378.6,73.5,74.4,0.019,LOW,69.6,HIGH,1
64.7,0,3,-0.699,33,18,98.0,71.5,10.0,67.6,43.9,0.37,MEDIUM,62.7,MEDIUM,-1
91.2,0,2,-0.278,43,4,88.7,59.6,496.7,75.5,89.5,-0.105,LOW,82.2,HIGH,1
70.6,0,0,0.614,31,13,60.8,83.8,257.6,86.6,68.3,0.203,LOW,71.8,MEDIUM,1
84.6,0,1,-0.116,47,9,79.0,88.2,346.6,82.7,87.2,0.281,LOW,83.5,HIGH,1
53.1,3,6,0.081,26,23,62.0,65.8,300.9,65.5,70.6,-0.205,MEDIUM,65.6,MEDIUM,1
80.6,1,3,0.185,45,11,75.0,79.8,320.7,87.6,70.0,-0.106,MEDIUM,80.2,MEDIUM,1
83.9,0,2,-0.595,40,8,79.7,65.5,378.8,81.2,76.9,0.492,LOW,78.2,HIGH,1
72.8,3,3,-0.278,38,14,77.8,63.3,304.2,73.5,74.8,0.197,MEDIUM,73.5,MEDIUM,1
74.3,1,4,-0.142,36,13,98.0,45.7,10.0,79.8,74.1,0.39,LOW,67.7,HIGH,-1
78.7,0,1,0.315,37,10,86.6,68.3,367.6,74.5,72.0,-0.125,LOW,80.1,MEDIUM,1
72.5,0,2,0.024,33,13,82.3,71.4,337.3,80.8,84.2,-0.186,LOW,80.3,HIGH,1
80.1,0,4,0.318,33,8,91.0,81.3,415.8,100.0,82.9,0.067,LOW,86.1,HIGH,1
65.9,0,1,-0.336,27,14,70.3,57.1,304.1,59.7,61.1,-0.107,MEDIUM,67.5,MEDIUM,1
48.9,2,3,-0.063,21,22,48.9,71.5,286.5,76.3,65.3,-0.599,MEDIUM,55.6,MEDIUM,1
90.2,0,0,-0.22,43,5,82.3,81.5,370.8,87.7,77.9,0.352,LOW,83.7,HIGH,1
81.7,0,7,-0.048,43,10,81.2,87.0,341.5,96.3,80.9,0.442,LOW,83.1,HIGH,1
80.7,0,5,0.193,40,10,85.3,84.7,386.1,82.6,87.6,0.362,LOW,90.0,HIGH,1
82.4,1,4,0.01,38,8,82.7,78.4,395.8,86.2,82.8,0.43,LOW,80.5,HIGH,1
76.9,0,4,0.108,45,13,71.3,78.3,345.8,66.2,64.8,0.183,LOW,72.0,MEDIUM,1
75.5,1,1,0.113,32,11,87.2,67.5,348.8,62.9,70.3,-0.05,LOW,76.8,MEDIUM,1
55.4,3,4,-0.015,23,18,66.4,64.3,246.4,68.0,69.7,0.584,MEDIUM,67.5,MEDIUM,1
78.5,0,3,0.113,46,12,71.7,77.2,360.7,82.7,75.1,0.398,LOW,70.7,HIGH,1
47.8,4,2,-0.284,27,30,38.1,69.9,232.6,55.9,50.4,0.221,HIGH,52.9,LOW,1
73.5,1,2,0.199,34,12,77.3,73.7,340.2,79.7,66.6,-0.613,LOW,69.9,HIGH,1
63.2,1,3,-0.089,32,18,52.6,88.5,355.2,79.0,66.2,0.074,MEDIUM,67.7,HIGH,1
75.7,0,3,0.136,37,12,60.8,75.0,303.1,79.9,68.7,-0.057,LOW,64.2,MEDIUM,1
61.6,1,5,-0.58,31,19,71.3,42.8,392.4,65.3,44.1,0.111,MEDIUM,56.2,MEDIUM,1
74.8,1,2,0.348,36,12,78.1,69.1,342.6,61.9,72.4,-0.178,LOW,75.1,MEDIUM,1
76.3,0,2,0.292,32,10,59.7,65.0,374.8,78.2,63.9,0.124,LOW,64.2,MEDIUM,1
73.1,0,0,0.001,32,12,66.8,69.4,346.5,76.0,69.5,-0.168,LOW,73.4,MEDIUM,1
74.0,0,1,0.257,30,10,71.2,61.7,391.9,63.6,82.8,0.209,LOW,72.8,MEDIUM,1
73.9,0,3,0.671,30,10,81.8,56.0,442.5,57.5,80.8,-0.236,LOW,71.1,MEDIUM,1
80.9,1,3,0.02,48,11,68.5,68.4,366.6,71.1,72.4,0.096,LOW,75.6,MEDIUM,1
75.3,0,3,0.088,33,11,98.0,77.7,10.0,73.5,87.0,0.083,LOW,82.7,MEDIUM,-1
87.1,0,1,0.179,50,8,68.3,84.3,308.3,80.2,75.4,0.099,LOW,80.8,HIGH,1
80.1,0,6,0.976,36,9,59.9,67.7,321.5,75.4,68.0,-0.072,LOW,70.7,HIGH,1
60.4,1,2,-0.195,25,17,78.2,74.5,367.0,78.2,85.8,-0.107,LOW,71.1,HIGH,1
84.1,0,2,-0.092,44,8,94.3,71.9,453.9,80.4,75.0,0.333,LOW,83.8,MEDIUM,1
66.7,2,3,-0.639,37,19,82.3,62.7,389.3,58.6,89.6,0.046,MEDIUM,75.9,MEDIUM,1
79.2,0,2,-0.003,33,9,83.1,71.2,366.0,78.0,77.6,-0.077,LOW,82.5,HIGH,1
74.2,2,2,0.086,31,11,73.4,49.6,388.2,61.8,73.7,-0.063,MEDIUM,63.5,MEDIUM,1
80.1,1,2,0.282,42,10,81.8,73.3,394.2,73.2,82.5,0.161,LOW,83.6,HIGH,1
71.4,1,3,0.105,29,12,77.0,55.9,311.4,61.8,73.7,-0.156,MEDIUM,70.6,MEDIUM,1
79.5,0,2,0.118,33,9,96.2,69.9,376.6,76.9,95.1,-0.059,LOW,82.5,HIGH,1
92.5,0,0,0.157,55,4,72.6,73.6,464.4,82.1,75.0,-0.115,LOW,75.9,HIGH,1
86.4,0,0,0.147,47,8,71.3,87.7,316.0,79.8,84.6,0.421,LOW,87.7,HIGH,1
85.2,1,2,0.467,43,8,66.9,69.0,405.4,79.7,70.9,-0.06,LOW,68.6,HIGH,1
70.3,2,1,-0.182,34,14,86.4,94.0,314.1,79.3,81.5,-0.255,MEDIUM,83.1,HIGH,1
52.1,2,2,0.314,29,26,61.1,55.4,277.5,55.2,53.5,-0.287,MEDIUM,54.9,MEDIUM,1
65.0,3,0,0.16,28,15,58.9,64.1,366.1,67.8,65.9,-0.099,MEDIUM,64.7,MEDIUM,1
65.8,1,2,0.055,39,20,44.7,71.6,301.4,68.6,51.0,-0.068,MEDIUM,55.7,MEDIUM,1
88.3,0,1,-0.153,50,7,69.3,73.1,374.0,75.8,75.3,0.049,LOW,78.4,MEDIUM,1
90.1,0,2,0.057,36,4,82.9,89.6,391.9,94.9,78.3,-0.158,LOW,91.0,HIGH,1
92.1,0,6,-0.12,42,4,60.2,60.3,425.4,84.3,70.6,0.026,LOW,61.2,MEDIUM,1
52.3,5,2,-0.505,31,28,50.3,64.8,286.4,57.5,68.3,0.419,HIGH,51.6,MEDIUM,1
83.1,1,2,0.017,42,9,77.0,70.2,420.2,79.0,80.0,-0.013,LOW,81.8,HIGH,1
86.9,0,0,0.059,41,6,75.9,86.3,422.4,81.4,78.5,0.321,LOW,81.6,HIGH,1
88.5,1,3,-0.009,42,5,65.1,78.9,405.3,79.7,70.0,0.062,LOW,79.9,HIGH,1
91.8,0,2,0.109,44,4,71.3,85.8,399.1,81.6,79.2,-0.152,LOW,82.8,HIGH,1
70.1,1,1,0.348,37,16,67.1,80.7,299.0,66.9,85.9,-0.144,LOW,73.4,HIGH,1
42.1,3,4,-0.021,25,34,60.4,72.6,265.8,61.0,67.8,0.114,MEDIUM,55.0,MEDIUM,1
65.1,0,2,-0.136,29,15,74.4,72.8,314.9,68.8,80.7,-0.45,LOW,67.7,MEDIUM,1
75.4,0,2,0.076,45,14,71.3,90.3,280.1,78.7,72.3,0.075,LOW,81.0,MEDIUM,1
63.8,0,4,-0.368,26,15,82.4,57.1,398.3,73.5,74.6,-0.269,LOW,75.0,MEDIUM,1
52.6,4,1,-0.162,26,23,55.5,59.5,222.5,62.6,70.1,0.295,HIGH,58.7,MEDIUM,1
95.3,0,1,0.396,46,2,69.9,75.7,378.4,86.2,85.3,0.324,LOW,74.4,HIGH,1
87.3,1,1,0.493,40,6,57.0,79.6,317.0,95.3,58.5,-0.058,LOW,76.9,HIGH,1
76.1,0,4,-0.279,43,14,80.7,75.8,329.0,79.6,79.2,0.575,LOW,85.5,MEDIUM,1
72.6,0,0,0.076,37,14,70.2,66.8,296.6,87.1,78.0,-0.167,LOW,76.0,MEDIUM,1
81.1,0,2,-0.166,41,9,58.0,87.2,321.8,79.6,77.4,-0.227,LOW,76.1,HIGH,1
84.4,0,1,-0.339,41,8,80.3,43.9,390.5,66.5,68.2,-0.052,LOW,71.6,MEDIUM,1
88.0,1,2,0.445,46,6,89.6,90.1,416.6,94.6,88.8,-0.637,LOW,82.5,HIGH,1
74.1,2,2,0.475,36,12,75.1,66.8,380.8,54.8,69.4,0.002,LOW,76.8,MEDIUM,1
72.8,2,0,0.041,40,15,63.7,76.6,310.9,76.4,58.7,-0.115,LOW,75.2,MEDIUM,1
92.6,0,1,-0.038,52,4,67.8,68.4,279.7,100.0,67.7,0.613,LOW,79.3,HIGH,1
81.1,8,3,-0.95,36,8,78.5,78.3,413.1,71.1,81.9,-0.274,LOW,73.6,HIGH,-1
85.7,0,4,-0.429,39,6,78.3,80.5,418.4,92.9,68.6,0.626,LOW,83.8,HIGH,1
78.3,0,2,0.428,38,11,98.0,85.1,367.7,79.5,100.0,0.308,LOW,89.1,MEDIUM,1
84.3,8,5,-0.95,42,8,65.3,86.7,390.8,100.0,73.2,-0.38,LOW,77.2,HIGH,-1
78.4,0,2,0.031,32,9,78.9,60.9,373.1,64.8,85.7,0.07,LOW,69.5,MEDIUM,1
77.2,0,2,0.19,35,11,67.0,73.9,352.9,69.8,74.8,0.166,LOW,65.7,HIGH,1
81.7,0,4,-0.514,43,10,67.7,85.5,369.8,74.5,83.1,-0.005,LOW,71.2,HIGH,1
50.4,3,4,-0.245,22,21,47.0,56.3,206.5,59.2,44.9,-0.309,HIGH,49.0,MEDIUM,1
93.0,0,3,0.139,41,3,93.8,63.6,398.3,74.5,88.8,-0.244,LOW,77.5,MEDIUM,1
49.8,5,2,-0.416,29,29,72.0,62.5,298.7,55.3,65.5,-0.13,HIGH,60.2,MEDIUM,1
88.8,0,4,0.739,52,7,89.8,65.5,404.2,79.5,82.2,-0.083,LOW,81.5,HIGH,1
78.3,0,3,-0.263,38,11,68.8,68.7,347.8,79.0,74.6,-0.04,LOW,71.5,HIGH,1
88.1,0,3,0.243,40,5,85.0,70.0,439.3,61.8,81.3,-0.368,LOW,79.4,MEDIUM,1
52.6,4,4,-0.56,22,19,76.4,60.6,191.0,67.5,69.4,0.122,HIGH,65.1,MEDIUM,1
89.4,0,2,0.182,38,4,52.2,91.0,398.9,77.4,67.5,0.135,LOW,71.8,HIGH,1
68.2,0,5,-0.581,37,17,75.2,76.2,336.9,70.3,81.9,-0.367,LOW,72.6,HIGH,1
81.5,0,3,0.382,40,9,86.6,88.1,381.6,79.9,85.0,0.146,LOW,84.8,HIGH,1
71.4,0,5,0.205,40,16,78.8,76.7,360.3,77.4,80.9,-0.753,LOW,78.3,HIGH,1
74.3,0,5,-0.39,34,12,62.3,74.7,313.3,68.3,67.2,-0.268,LOW,64.2,HIGH,1
78.5,0,1,0.142,32,9,63.9,87.9,298.7,87.8,64.6,-0.277,LOW,78.0,MEDIUM,1
80.5,0,1,-0.056,37,9,78.9,61.4,395.5,65.3,84.9,0.201,LOW,73.2,HIGH,1
91.2,0,3,0.053,49,5,81.1,94.8,465.7,97.8,90.6,-0.226,LOW,83.5,HIGH,1
74.8,8,0,-0.95,31,11,82.7,78.9,405.0,75.3,78.6,-0.152,LOW,80.2,HIGH,-1
77.5,0,2,0.519,34,10,84.0,83.7,412.8,80.9,77.3,0.204,LOW,85.8,HIGH,1
64.0,2,4,-0.538,30,17,60.8,62.9,239.4,74.0,59.5,-0.062,MEDIUM,56.5,MEDIUM,1
70.7,1,1,0.029,30,13,51.7,63.4,337.0,67.2,62.0,-0.136,MEDIUM,54.4,MEDIUM,1
90.8,1,0,-0.165,52,5,64.9,81.0,355.1,100.0,72.3,-0.561,LOW,81.8,HIGH,1
50.7,3,4,-0.325,29,29,48.0,50.8,224.9,54.0,58.7,0.143,HIGH,46.4,MEDIUM,1
55.2,4,2,-0.284,26,21,56.7,60.1,271.0,62.9,52.4,0.294,HIGH,52.0,MEDIUM,1
75.4,0,2,0.075,34,11,76.1,69.8,408.2,86.0,76.6,0.024,LOW,76.9,HIGH,1
66.8,3,3,0.172,29,15,64.7,65.1,277.8,71.8,65.1,0.273,MEDIUM,60.1,MEDIUM,1
65.1,3,1,-0.28,29,15,53.4,62.1,278.0,73.0,54.8,0.085,HIGH,60.7,MEDIUM,1
78.4,1,2,0.578,44,12,81.3,59.0,312.4,67.1,85.4,-0.156,LOW,76.5,MEDIUM,1
57.6,5,3,-0.675,26,19,60.3,70.7,211.7,50.0,62.8,0.319,HIGH,56.0,LOW,1
71.0,1,1,0.457,37,15,62.8,73.7,307.1,68.1,67.7,0.284,LOW,60.1,MEDIUM,1
83.8,0,1,0.396,40,8,67.8,65.9,405.3,74.6,55.6,-0.043,LOW,64.5,MEDIUM,1
65.7,1,5,0.078,34,17,71.3,73.1,369.1,64.6,82.3,0.148,MEDIUM,76.9,MEDIUM,1
88.0,0,2,0.741,43,6,75.9,76.5,392.2,81.3,70.2,0.463,LOW,75.8,HIGH,1
89.0,0,3,-0.661,36,4,72.7,70.9,383.3,67.0,61.9,-0.087,LOW,70.2,HIGH,1
73.7,1,1,-0.523,37,13,58.1,78.9,295.6,76.7,72.8,0.23,MEDIUM,65.6,MEDIUM,1
85.5,0,4,0.117,38,7,70.9,78.4,304.4,74.7,81.8,0.187,LOW,79.2,MEDIUM,1
62.4,1,3,-0.878,26,16,68.9,81.5,253.3,59.5,78.5,0.08,MEDIUM,72.0,MEDIUM,1
54.4,3,1,-0.85,24,21,69.1,57.1,341.2,60.6,54.3,0.001,HIGH,58.2,MEDIUM,1
95.3,0,3,0.03,46,2,93.3,87.2,373.2,88.2,92.9,-0.534,LOW,86.1,HIGH,1
55.2,6,0,-0.398,26,21,54.7,80.2,199.9,66.6,45.0,0.316,HIGH,61.5,MEDIUM,1
67.9,2,4,-0.795,37,17,51.4,71.5,264.1,63.3,51.6,-0.237,HIGH,57.2,MEDIUM,1
69.6,1,3,-0.437,31,14,76.3,60.6,259.2,58.8,69.5,0.114,MEDIUM,69.7,MEDIUM,1
87.0,0,2,0.325,44,6,80.3,73.9,429.4,91.2,85.7,-0.117,LOW,75.6,HIGH,1
83.9,1,3,0.244,41,8,60.7,91.5,347.4,90.7,73.9,0.423,LOW,81.5,HIGH,1
90.9,0,4,0.322,45,5,89.0,94.2,392.0,84.5,99.0,-0.185,LOW,90.5,HIGH,1
91.7,0,1,-0.041,39,4,47.0,76.1,365.2,77.7,54.8,-0.118,LOW,67.7,HIGH,1
76.4,0,4,0.46,40,12,61.4,66.7,363.2,63.9,56.7,0.555,LOW,67.7,MEDIUM,1
74.1,1,0,0.646,35,12,91.5,80.9,374.5,75.9,86.8,0.211,LOW,76.2,HIGH,1
64.5,0,5,-0.192,38,21,98.0,60.5,357.8,74.9,82.2,-0.148,LOW,73.9,MEDIUM,1
74.3,1,2,-0.039,40,14,83.0,74.1,307.6,78.2,81.3,-0.054,LOW,78.7,HIGH,1
90.3,0,4,0.089,42,4,76.2,54.0,362.5,79.9,74.0,0.134,LOW,64.1,MEDIUM,1
85.6,0,4,-0.274,34,6,82.1,93.8,414.2,77.3,92.7,-0.202,LOW,81.7,HIGH,1
95.0,0,3,-0.004,46,2,58.1,84.8,373.1,82.3,69.8,-0.111,LOW,78.8,HIGH,1
58.9,8,2,-0.95,28,19,59.1,62.0,335.0,65.7,63.8,-0.019,HIGH,62.4,MEDIUM,-1
55.1,4,1,-0.144,23,18,43.2,68.4,287.4,46.5,52.2,0.094,HIGH,54.3,LOW,1
64.8,0,3,-0.101,34,19,80.7,75.6,252.6,66.0,81.1,0.178,LOW,79.5,MEDIUM,1
72.7,0,1,-0.387,37,14,80.7,55.2,370.3,59.3,86.3,-0.376,MEDIUM,77.3,MEDIUM,1
82.1,0,0,0.309,46,10,83.5,68.6,379.6,85.9,75.8,-0.121,LOW,82.9,HIGH,1
88.5,0,2,-0.065,51,7,88.9,76.0,328.1,87.7,83.4,0.044,LOW,84.1,HIGH,1
98.1,0,1,0.033,44,1,77.5,70.4,328.2,86.2,83.7,0.335,LOW,74.8,HIGH,1
71.2,3,1,-0.118,31,13,70.1,67.5,303.8,70.1,84.1,0.042,MEDIUM,68.1,MEDIUM,1
60.7,8,3,-0.95,27,18,57.2,62.9,270.9,68.9,54.2,0.246,MEDIUM,57.8,MEDIUM,-1
73.5,3,1,-0.298,31,11,72.2,65.1,372.1,68.4,64.2,-0.122,MEDIUM,71.5,MEDIUM,1
93.2,0,2,0.069,51,4,80.5,76.1,359.5,90.3,72.7,0.318,LOW,74.9,HIGH,1
81.8,1,2,-0.296,47,10,80.4,73.9,441.9,70.1,64.8,-0.03,LOW,78.2,HIGH,1
74.9,2,2,0.39,40,13,59.3,56.4,352.1,59.0,61.1,0.253,MEDIUM,61.8,MEDIUM,1
65.4,0,0,-0.211,35,19,67.8,77.3,308.7,71.5,83.9,0.003,LOW,71.3,MEDIUM,1
82.6,0,2,-0.23,36,7,76.3,81.4,385.4,82.6,84.9,0.242,LOW,90.8,HIGH,1
85.0,0,6,0.124,43,7,79.7,73.9,457.1,88.1,77.7,-0.045,LOW,75.6,HIGH,1
80.3,0,1,-0.148,35,9,64.0,76.1,337.2,71.0,77.7,0.106,LOW,75.3,MEDIUM,1
84.8,0,3,0.35,41,7,70.1,77.5,358.3,79.6,87.1,0.008,LOW,75.4,HIGH,1
82.8,0,6,0.709,36,8,66.4,96.0,376.2,87.5,77.0,0.056,LOW,82.8,HIGH,1
61.7,0,4,-0.649,28,18,89.3,60.7,290.8,58.6,79.6,0.202,LOW,67.2,MEDIUM,1
77.2,0,3,0.52,44,13,87.9,77.5,372.7,81.4,79.2,0.206,LOW,80.0,MEDIUM,1
57.5,6,3,0.117,33,24,63.0,41.5,261.2,46.5,64.3,-0.305,HIGH,55.1,MEDIUM,1
62.7,0,0,-0.349,37,22,71.7,71.1,347.6,67.5,83.3,0.305,MEDIUM,73.8,MEDIUM,1
76.9,0,2,0.314,32,9,91.9,70.1,376.8,76.9,91.5,-0.309,LOW,80.7,MEDIUM,1
92.8,0,1,0.173,48,4,98.0,84.8,461.4,89.2,85.2,0.109,LOW,93.5,HIGH,1
96.9,1,2,0.087,50,2,98.0,85.4,10.0,89.7,92.3,-0.27,LOW,82.9,HIGH,-1
68.9,2,2,-0.396,39,17,59.5,70.6,252.3,61.3,59.4,0.297,MEDIUM,64.3,MEDIUM,1
76.6,0,4,0.31,43,13,87.8,76.0,435.1,84.6,68.6,0.268,LOW,78.4,HIGH,1
92.7,0,1,-0.058,42,3,84.1,89.5,371.6,87.5,85.7,0.065,LOW,89.7,HIGH,1
94.8,0,2,0.399,50,3,78.3,80.3,407.0,72.8,87.5,-0.16,LOW,88.9,HIGH,1
82.9,0,3,-0.158,44,9,84.6,73.9,395.4,68.5,76.6,0.595,LOW,78.7,HIGH,1
93.9,0,1,0.727,48,3,74.2,92.1,429.6,78.2,76.1,-0.058,LOW,84.2,HIGH,1
53.8,2,6,-0.591,24,20,43.5,65.7,308.6,54.0,59.0,-0.132,HIGH,50.2,MEDIUM,1
73.8,1,2,0.949,32,12,87.2,65.7,351.6,68.9,80.6,-0.881,LOW,73.0,MEDIUM,1
53.3,8,5,-0.95,23,20,67.0,68.3,245.7,44.7,67.8,-0.357,HIGH,64.8,LOW,-1
88.7,0,3,0.333,46,6,89.3,77.4,312.7,88.0,79.8,0.343,LOW,86.1,HIGH,1
92.1,1,2,0.396,40,3,58.9,67.8,360.9,89.0,69.8,-0.03,LOW,66.5,HIGH,1
91.7,0,3,0.154,52,5,85.9,85.7,313.0,94.5,83.4,-0.101,LOW,85.1,HIGH,1
71.2,0,1,0.437,39,16,74.1,68.0,296.0,60.5,69.7,0.186,LOW,69.4,MEDIUM,1
91.8,1,0,-0.081,52,5,76.8,62.8,389.6,81.7,75.3,-0.144,LOW,77.0,MEDIUM,1
69.2,0,3,-0.619,28,13,65.6,58.1,378.3,74.2,56.0,-0.295,MEDIUM,66.6,MEDIUM,1
75.9,0,4,0.115,33,10,66.9,80.4,330.9,93.7,70.9,0.135,LOW,71.7,MEDIUM,1
83.1,0,1,0.332,49,10,95.5,79.7,430.4,69.7,91.3,0.144,LOW,84.0,HIGH,1
78.5,0,1,-0.075,44,12,84.3,73.6,372.8,81.6,84.4,0.171,LOW,81.8,HIGH,1
57.7,6,4,-0.164,34,25,60.7,70.5,282.9,63.7,68.1,-0.417,HIGH,59.3,MEDIUM,1
67.6,0,5,-0.644,30,15,61.1,76.3,348.5,76.3,59.6,0.216,MEDIUM,67.7,MEDIUM,1
59.9,2,6,-0.175,34,23,64.7,74.7,306.3,64.6,57.5,0.159,MEDIUM,63.4,MEDIUM,1
75.1,0,1,-0.029,44,15,72.4,81.4,326.8,80.4,74.4,0.107,LOW,89.5,HIGH,1
81.7,0,1,0.155,38,8,63.3,70.7,397.0,92.0,57.7,0.127,LOW,68.5,HIGH,1
48.6,6,3,-0.215,25,27,72.6,38.4,256.4,43.2,77.5,0.128,HIGH,58.1,MEDIUM,1
66.3,0,4,-0.533,32,16,65.1,64.2,270.0,56.8,54.0,-0.189,MEDIUM,62.6,MEDIUM,1
73.6,0,3,0.144,30,11,72.7,97.3,293.9,78.0,84.4,-0.259,LOW,86.2,HIGH,1
71.9,0,1,-0.057,34,13,80.6,79.9,333.3,80.3,76.6,0.207,LOW,80.8,MEDIUM,1
73.3,0,0,0.377,39,14,90.5,68.7,370.5,76.1,94.4,-0.028,LOW,82.8,MEDIUM,1
90.8,0,5,0.381,52,5,81.7,76.3,410.5,66.7,82.9,0.455,LOW,83.3,HIGH,1
86.2,0,4,0.162,34,6,61.0,91.2,346.4,84.2,80.4,-0.095,LOW,72.2,HIGH,1
78.5,0,2,0.129,38,10,98.0,63.8,10.0,76.4,70.7,0.027,LOW,75.3,HIGH,-1
91.4,0,2,0.324,44,4,82.6,87.6,412.9,89.0,75.4,-0.293,LOW,87.1,HIGH,1
52.6,3,1,0.034,22,19,54.9,49.4,304.1,58.0,49.5,-0.261,HIGH,51.8,MEDIUM,1
82.5,0,7,0.566,45,10,80.9,88.4,248.4,94.2,73.5,-0.143,LOW,86.2,HIGH,1
68.1,1,1,-0.324,29,14,61.3,69.9,232.9,68.4,65.1,-0.265,LOW,66.7,MEDIUM,1
71.8,0,4,-0.277,37,15,52.4,81.9,344.4,79.5,55.0,0.26,MEDIUM,68.2,MEDIUM,1
91.8,0,4,0.388,51,5,82.5,76.8,385.6,74.4,79.5,0.257,LOW,83.3,HIGH,1
91.1,1,1,0.575,46,4,69.2,99.0,413.5,100.0,76.3,-0.527,LOW,88.4,HIGH,1
72.4,0,1,0.121,30,11,67.9,75.2,277.0,64.3,81.8,-0.229,LOW,74.5,MEDIUM,1
82.8,0,4,0.085,36,7,83.4,83.0,379.3,76.8,80.0,-0.122,LOW,76.1,HIGH,1
49.6,3,5,0.23,25,26,34.5,73.7,172.3,64.5,53.4,0.139,MEDIUM,54.8,MEDIUM,1
67.6,8,3,-0.95,28,13,64.3,87.9,328.4,73.7,76.5,-0.078,LOW,77.4,MEDIUM,-1
85.9,0,4,0.01,34,6,66.5,76.2,349.7,83.7,72.4,-0.709,LOW,73.2,HIGH,1
70.1,0,2,-0.091,32,13,52.1,73.1,241.8,60.8,56.9,-0.372,LOW,62.0,MEDIUM,1
76.1,0,6,0.109,42,13,73.5,78.1,372.2,62.2,76.2,0.392,LOW,77.6,HIGH,1
80.7,0,4,0.411,33,8,98.0,88.7,10.0,75.3,84.4,-0.168,LOW,79.5,HIGH,-1
77.4,1,2,-0.273,41,12,81.0,83.8,351.6,88.6,87.1,0.154,LOW,82.9,HIGH,1
63.2,8,2,-0.95,37,22,71.5,50.5,292.2,45.1,73.6,0.22,LOW,71.9,MEDIUM,-1
59.8,4,4,-0.5,30,21,71.5,53.0,342.7,64.0,61.8,-0.337,HIGH,62.7,MEDIUM,1
69.2,0,3,-0.118,40,18,46.4,78.4,305.0,81.7,68.4,0.002,LOW,63.9,MEDIUM,1
90.3,0,4,-0.584,38,4,98.0,97.6,10.0,91.5,84.4,0.453,LOW,87.7,HIGH,-1
61.6,1,2,-0.865,36,22,67.9,62.9,255.9,57.2,75.2,0.1,MEDIUM,66.6,MEDIUM,1
71.9,0,2,0.055,36,14,56.0,78.2,391.5,69.1,74.1,0.048,LOW,65.9,MEDIUM,1
86.3,0,4,0.48,37,6,76.5,74.0,376.9,87.6,65.1,0.015,LOW,79.6,HIGH,1
67.3,1,5,0.067,38,18,71.5,71.8,391.6,70.1,73.4,0.325,LOW,64.6,MEDIUM,1
65.6,0,2,-0.727,37,19,68.1,61.9,292.3,67.0,59.6,0.56,MEDIUM,66.1,MEDIUM,1
82.3,0,4,0.433,38,8,83.5,71.6,364.0,75.6,77.7,-0.5,LOW,81.2,MEDIUM,1
58.1,3,3,-0.092,26,18,69.4,64.7,277.3,65.4,77.4,0.593,MEDIUM,65.6,MEDIUM,1
85.1,0,3,0.231,49,9,85.1,80.9,396.7,82.4,74.5,0.164,LOW,78.8,HIGH,1
86.6,0,1,0.786,50,8,62.2,94.1,358.3,94.7,74.0,0.208,LOW,80.8,HIGH,1
71.9,1,2,-0.087,35,13,62.2,64.2,349.4,65.0,67.6,-0.065,LOW,71.5,MEDIUM,1
64.7,0,4,0.042,36,20,62.4,83.8,295.7,66.6,82.0,0.501,LOW,60.9,MEDIUM,1
88.7,0,2,0.112,43,5,77.2,87.0,401.6,85.2,70.0,0.017,LOW,84.5,HIGH,1
83.1,0,2,0.588,44,9,56.9,71.0,363.7,75.7,65.4,0.041,LOW,71.9,HIGH,1
75.9,0,1,0.205,33,11,70.7,67.4,287.2,72.4,68.9,-0.192,LOW,67.0,MEDIUM,1
95.1,1,3,-0.056,39,2,91.3,70.7,379.9,96.9,88.4,-0.282,LOW,92.1,HIGH,1
66.0,2,2,-0.446,36,18,51.5,61.6,241.9,60.6,56.6,-0.228,MEDIUM,58.2,MEDIUM,1
77.6,0,1,0.17,43,12,55.4,59.8,353.4,76.5,61.3,0.288,MEDIUM,57.4,MEDIUM,1
76.0,0,0,-0.138,44,14,87.6,74.2,415.9,72.2,83.7,0.327,LOW,82.0,MEDIUM,1
62.1,1,1,-1.0,25,15,98.0,63.6,10.0,70.7,75.8,0.265,HIGH,68.8,MEDIUM,-1
91.1,0,4,0.495,46,5,98.0,73.8,446.6,82.1,96.1,-0.002,LOW,87.1,HIGH,1
85.9,0,3,0.44,50,8,79.5,90.8,364.8,89.3,79.1,0.246,LOW,89.3,HIGH,1
90.6,0,3,0.1,53,6,78.8,82.2,420.6,88.9,69.1,-0.172,LOW,80.1,HIGH,1
93.3,0,0,0.313,50,4,72.6,85.0,509.1,81.1,79.8,0.015,LOW,83.2,HIGH,1
76.7,0,1,0.33,34,10,98.0,84.8,10.0,60.5,89.5,-0.117,LOW,85.7,HIGH,-1
93.4,0,2,0.115,37,3,96.0,70.5,481.4,87.8,83.0,-0.159,LOW,84.9,HIGH,1
80.4,0,0,-0.423,40,10,80.8,74.3,444.0,57.6,82.6,0.068,LOW,74.3,HIGH,1
71.9,0,2,0.204,35,13,74.3,83.1,362.1,71.7,98.9,0.167,LOW,85.5,HIGH,1
70.4,1,4,0.023,32,14,56.2,57.2,355.1,57.9,53.8,-0.053,MEDIUM,60.7,MEDIUM,1
95.6,0,2,0.703,39,2,98.0,86.2,10.0,94.7,80.1,0.176,LOW,84.0,HIGH,-1
74.5,0,5,0.298,42,14,58.9,88.3,353.6,93.2,62.9,0.016,LOW,72.2,HIGH,1
96.6,0,2,0.299,53,2,79.6,65.2,373.2,80.3,72.2,-0.499,LOW,82.3,HIGH,1
74.4,2,2,0.546,41,14,73.4,88.3,407.7,76.6,58.8,-0.21,LOW,75.0,HIGH,1
88.6,0,1,0.133,47,6,81.4,87.6,357.5,79.4,85.0,0.124,LOW,86.7,MEDIUM,1
84.6,0,6,0.698,35,6,65.0,79.9,355.1,83.6,59.4,0.135,LOW,70.2,HIGH,1
94.1,0,0,-0.207,55,3,88.2,93.8,401.9,78.9,86.6,-0.105,LOW,90.0,HIGH,1
82.3,0,3,0.066,35,7,75.0,80.8,371.3,66.4,78.4,-0.211,LOW,71.6,HIGH,1
82.3,0,1,0.502,39,8,85.2,67.3,403.7,67.9,73.4,0.362,LOW,77.2,HIGH,1
81.1,0,2,-0.269,47,11,82.5,72.3,310.4,72.6,88.1,0.2,LOW,77.6,HIGH,1
75.9,1,3,-0.006,42,13,87.6,73.3,371.0,57.3,81.3,-0.472,LOW,83.8,MEDIUM,1
73.5,1,1,0.246,32,11,62.2,79.2,380.0,89.5,63.5,0.047,LOW,68.0,HIGH,1
91.4,0,4,0.26,43,4,98.0,73.9,424.0,75.8,88.7,0.036,LOW,85.1,HIGH,1
95.8,0,4,-0.092,38,2,69.4,84.8,424.3,79.6,89.0,-0.158,LOW,84.8,HIGH,1
92.6,0,2,0.537,40,3,77.1,82.1,320.9,90.7,75.0,-0.027,LOW,79.1,HIGH,1
87.8,0,3,-0.199,40,6,81.1,81.1,353.0,71.2,70.4,-0.308,LOW,80.5,HIGH,1
93.3,0,0,0.166,37,3,88.3,89.3,482.3,84.8,88.4,0.227,LOW,88.9,HIGH,1
83.0,0,4,-0.098,47,10,72.8,72.9,336.0,79.1,75.1,0.386,LOW,74.8,HIGH,1
93.0,0,2,-0.453,40,3,80.7,72.5,384.2,73.4,82.1,-0.199,LOW,77.5,HIGH,1
78.2,0,2,-0.11,46,13,98.0,73.5,382.8,74.6,73.2,-0.039,LOW,86.6,HIGH,1
86.9,0,4,0.005,46,7,70.6,63.5,358.2,79.1,85.9,-0.257,LOW,72.4,MEDIUM,1
77.8,1,2,-0.289,37,10,61.7,80.2,216.1,74.1,64.0,-0.084,LOW,72.1,MEDIUM,1
87.7,0,2,0.472,50,7,63.4,84.3,394.4,99.3,87.4,0.185,LOW,80.2,HIGH,1
72.2,8,4,-0.95,33,13,63.8,74.5,343.0,72.0,62.2,-0.021,MEDIUM,70.6,MEDIUM,-1
86.4,0,5,0.189,36,6,38.2,66.0,358.1,75.8,39.8,0.206,LOW,55.1,MEDIUM,1
87.8,0,4,0.074,47,6,78.9,70.0,398.9,76.7,80.5,0.59,LOW,76.9,HIGH,1
64.4,3,2,-0.283,33,18,87.6,85.3,317.3,74.8,81.2,-0.13,MEDIUM,82.8,HIGH,1
87.1,1,5,0.271,47,7,77.8,76.6,400.2,76.1,82.0,0.061,LOW,77.6,MEDIUM,1
81.6,1,4,-0.049,38,9,90.4,84.1,364.5,90.9,93.1,-0.08,LOW,85.8,HIGH,1
95.2,0,2,-0.579,42,2,77.9,99.0,421.8,100.0,74.1,0.199,LOW,85.6,HIGH,1
73.8,1,2,-0.456,41,15,92.9,70.2,419.3,77.2,83.5,0.037,MEDIUM,80.8,HIGH,1
72.6,0,3,0.194,36,13,76.2,77.6,385.4,75.2,81.1,0.079,LOW,75.3,HIGH,1
85.9,0,4,0.015,43,7,77.6,77.9,370.9,76.7,86.9,0.025,LOW,80.2,MEDIUM,1
91.6,8,1,-0.95,50,5,69.0,87.8,329.9,83.1,69.8,-0.001,LOW,75.5,HIGH,-1
85.7,0,4,0.371,47,8,80.0,83.8,396.7,100.0,77.1,0.12,LOW,82.8,HIGH,1
50.0,5,0,-0.131,21,22,81.3,67.7,300.2,59.2,79.0,0.063,HIGH,73.3,MEDIUM,1
80.4,0,1,-0.387,35,9,52.2,91.1,303.1,68.4,60.6,0.308,LOW,67.0,MEDIUM,1
90.3,0,4,-0.098,44,5,78.9,73.4,438.0,93.0,74.2,-0.023,LOW,81.6,HIGH,1
93.7,0,3,0.396,50,3,77.4,84.1,408.4,74.1,71.7,0.454,LOW,88.3,HIGH,1
92.2,0,2,0.162,44,4,64.5,81.0,406.7,75.6,67.0,0.072,LOW,70.9,HIGH,1
88.5,0,3,-0.184,50,7,70.4,69.5,279.2,77.5,77.1,0.592,LOW,74.7,MEDIUM,1
90.2,0,1,-0.255,53,6,89.9,82.4,319.2,83.8,93.0,0.352,LOW,88.9,MEDIUM,1
82.4,0,2,0.262,37,8,69.7,88.6,386.6,82.9,69.5,-0.001,LOW,76.8,HIGH,1
76.9,1,1,-0.091,38,12,86.9,60.1,399.3,71.1,97.1,-0.054,LOW,74.7,HIGH,1
79.7,1,1,-0.038,45,11,71.0,86.0,319.3,75.9,82.7,-0.295,MEDIUM,78.7,HIGH,1
71.8,0,2,0.04,34,14,69.9,76.5,380.1,61.3,70.2,0.398,LOW,69.2,MEDIUM,1
34.4,2,3,0.166,14,28,62.8,64.7,277.9,51.7,60.4,0.561,MEDIUM,58.7,LOW,1
69.4,1,1,-0.321,38,17,68.2,71.6,321.9,61.9,72.5,-0.145,MEDIUM,76.8,MEDIUM,1
48.5,4,0,0.171,29,30,62.7,91.8,300.8,77.5,72.6,0.023,MEDIUM,69.9,MEDIUM,1
79.3,0,2,-0.017,34,9,68.8,80.0,381.8,74.2,69.0,0.095,LOW,79.6,HIGH,1
85.1,0,0,-0.334,46,8,73.9,80.5,420.1,79.4,70.2,0.044,LOW,73.9,HIGH,1
80.4,0,2,0.02,33,8,84.7,77.1,385.3,89.0,78.8,-0.215,LOW,82.1,MEDIUM,1
79.7,0,3,0.098,47,12,66.0,68.2,367.2,75.9,75.5,0.31,LOW,72.8,HIGH,1
78.8,0,1,-0.384,44,12,61.4,72.7,361.7,69.1,73.8,0.033,LOW,66.0,HIGH,1
87.3,0,3,-0.209,51,7,75.1,75.0,351.3,77.4,88.2,0.558,LOW,74.9,HIGH,1
63.1,3,1,-0.078,37,22,66.3,74.4,255.0,70.1,76.7,-0.037,MEDIUM,68.6,MEDIUM,1
73.4,0,3,-0.048,40,15,59.9,82.8,293.3,82.5,72.6,0.033,LOW,64.1,HIGH,1
92.4,0,3,0.353,54,4,98.0,92.7,460.4,89.0,99.6,-0.101,LOW,98.7,HIGH,1
84.6,0,3,-0.318,47,9,79.6,74.4,358.9,71.5,75.4,-0.368,LOW,76.3,HIGH,1
81.9,0,1,-0.153,35,8,66.2,63.4,289.2,82.3,68.9,0.003,MEDIUM,71.2,MEDIUM,1
81.7,1,3,0.319,47,10,82.1,84.4,278.6,72.0,82.9,-0.171,LOW,84.2,MEDIUM,1
57.3,2,6,-0.217,25,18,75.1,57.4,305.7,65.5,68.7,0.28,MEDIUM,65.6,MEDIUM,1
86.2,1,4,-0.403,36,6,98.0,90.8,10.0,88.2,68.8,-0.013,LOW,72.7,HIGH,-1
70.9,3,3,0.179,40,17,76.3,77.3,312.3,73.6,75.8,-0.156,MEDIUM,70.4,HIGH,1
81.3,0,1,0.525,48,11,69.4,82.7,351.5,72.8,73.7,-0.383,LOW,76.0,HIGH,1
71.9,0,1,0.042,32,12,76.7,65.9,316.2,49.0,71.1,0.198,LOW,65.9,MEDIUM,1
96.1,0,2,-0.069,46,2,98.0,80.1,421.2,72.7,97.0,-0.137,LOW,88.5,HIGH,1
59.3,5,3,0.062,32,22,55.6,62.0,262.9,66.6,57.7,0.128,HIGH,56.8,MEDIUM,1
73.2,3,1,-0.072,35,13,74.9,84.0,306.2,81.2,71.2,0.137,MEDIUM,71.4,HIGH,1
90.8,0,3,0.267,48,5,56.3,71.4,410.4,92.1,56.7,0.21,LOW,70.5,HIGH,1
77.4,0,2,0.012,32,9,97.4,84.3,409.5,80.0,89.6,-0.253,LOW,87.4,HIGH,1
74.7,1,1,-0.218,43,14,47.0,82.7,259.9,78.4,54.4,0.207,MEDIUM,68.2,HIGH,1
87.9,0,5,-0.072,46,6,81.0,78.1,365.2,75.8,80.5,-0.079,LOW,87.8,HIGH,1
73.4,0,3,-0.575,40,15,83.9,90.9,346.3,77.7,90.2,0.099,LOW,79.8,MEDIUM,1
72.1,1,2,0.337,32,13,70.0,77.9,337.8,75.0,67.3,-0.022,LOW,64.3,HIGH,1
72.7,2,3,0.3,40,15,66.9,51.9,340.9,78.1,70.7,0.328,MEDIUM,64.2,MEDIUM,1
62.5,1,4,-0.179,27,16,64.7,71.8,288.4,71.5,58.9,0.111,LOW,65.4,MEDIUM,1
89.9,0,5,-0.079,44,5,76.2,70.6,381.1,75.9,75.9,0.073,LOW,72.0,MEDIUM,1
89.5,0,0,0.334,52,6,60.0,76.3,374.1,75.8,56.6,0.718,LOW,71.2,MEDIUM,1
81.9,0,5,0.287,41,9,46.5,87.7,304.2,65.5,72.6,0.451,LOW,67.3,HIGH,1
66.1,0,4,-0.014,29,15,81.6,61.9,388.3,55.7,77.4,-0.102,LOW,77.0,HIGH,1
91.8,8,2,-0.95,52,5,71.2,91.2,424.5,85.3,85.0,-0.114,LOW,80.3,HIGH,-1
83.9,0,3,0.029,35,7,76.6,77.7,366.3,79.7,82.5,-0.029,LOW,73.5,MEDIUM,1
93.0,1,3,0.033,44,3,66.4,79.7,429.4,77.1,85.2,0.044,LOW,71.5,HIGH,1
73.8,8,3,-0.95,37,13,68.2,60.8,355.0,77.8,66.1,-0.295,MEDIUM,63.6,HIGH,-1
81.9,0,1,-0.268,47,11,85.6,66.3,398.7,80.5,85.1,0.258,LOW,82.8,HIGH,1
89.6,0,2,0.23,38,4,73.5,89.7,442.0,90.2,76.5,-0.118,LOW,83.2,HIGH,1
95.7,0,1,0.56,49,2,98.0,78.0,470.1,93.3,84.0,0.376,LOW,90.0,HIGH,1
61.0,0,2,-0.002,33,21,67.2,64.5,343.7,74.9,68.8,0.208,LOW,64.3,MEDIUM,1
98.7,0,3,0.026,54,1,84.7,83.9,375.8,84.0,93.2,-0.208,LOW,89.5,HIGH,1
96.3,0,2,-0.146,42,2,86.9,88.0,418.5,84.9,84.1,-0.013,LOW,85.7,HIGH,1
83.5,0,1,0.306,48,10,79.9,95.5,348.8,85.8,79.7,-0.384,LOW,89.2,HIGH,1
82.6,0,3,0.154,37,8,83.3,83.5,325.1,78.2,79.1,0.125,LOW,77.3,MEDIUM,1
